ACK Flag Count,Active Max,Active Mean,Active Min,Active Std,Average Packet Size,Bwd Bulk Rate Avg,Bwd Bytes/Bulk Avg,Bwd Header Length,Bwd IAT Max,Bwd IAT Mean,Bwd IAT Min,Bwd IAT Std,Bwd IAT Total,Bwd Init Win Bytes,Bwd PSH Flags,Bwd Packet Length Max,Bwd Packet Length Mean,Bwd Packet Length Min,Bwd Packet Length Std,Bwd Packet/Bulk Avg,Bwd Segment Size Avg,Bwd URG Flags,CWR Flag Count,Down/Up Ratio,Dst Port,ECE Flag Count,FIN Flag Count,FWD Init Win Bytes,Flow Bytes/s,Flow Duration,Flow IAT Max,Flow IAT Mean,Flow IAT Min,Flow IAT Std,Flow Packets/s,Fwd Bulk Rate Avg,Fwd Bytes/Bulk Avg,Fwd Header Length,Fwd IAT Max,Fwd IAT Mean,Fwd IAT Min,Fwd IAT Std,Fwd IAT Total,Fwd PSH Flags,Fwd Packet Length Max,Fwd Packet Length Mean,Fwd Packet Length Min,Fwd Packet Length Std,Fwd Packet/Bulk Avg,Fwd Segment Size Avg,Fwd URG Flags,Idle Max,Idle Mean,Idle Min,Idle Std,PSH Flag Count,Packet Length Max,Packet Length Mean,Packet Length Min,Packet Length Std,Packet Length Variance,Protocol,RST Flag Count,SYN Flag Count,Subflow Bwd Bytes,Subflow Bwd Packets,Subflow Fwd Bytes,Subflow Fwd Packets,Total Bwd packets,Total Fwd Packet,Total Length of Bwd Packet,Total Length of Fwd Packet,URG Flag Count
0.0,0.05391717,0.026958585,0.0,0.0,60.0,0.0,0.0,56.0,53917.168,53917.168,53917.168,0.0,53917.168,0.0,0.0,60.0,60.0,60.0,0.0,0.0,60.0,0.0,0.0,0.0,25228.0,0.0,0.0,0.0,2225.6362,53917.0,53917.168,53917.168,53917.168,0.0,37.093937,0.0,0.0,0.0,0.0,0.0,0.0,0.0,0.0,0.0,0.0,0.0,0.0,0.0,0.0,0.0,0.0,0.05391717,0.026958585,0.0,0.0,0.0,60.0,60.0,60.0,0.0,0.0,17.0,0.0,0.0,120.0,2.0,0.0,0.0,2.0,0.0,120.0,0.0,0.0
9.0,0.004495144,0.002247572,0.0,0.0,109.8,5.0,222.4623,200.0,2198.9346,1117.7659,0.0,882.52466,4471.0635,65535.0,1.0,269.0,108.2,66.0,80.45968,541.0,108.2,0.0,0.0,0.9712747,37518.0,0.0,2.0,65535.0,244263.6,4495.0,1726.1505,499.46042,0.0,623.1492,2224.6228,5.0,222.4623,200.0,2321.005,1116.7527,106.09627,859.53424,4467.0107,2.0,249.0,111.4,66.0,70.06168,557.0,111.4,0.0,0.004495144,0.002247572,0.0,0.0,3.0,269.0,109.8,66.0,75.45701,5693.76,6.0,0.0,2.0,541.0,5.0,557.0,5.0,5.0,5.0,541.0,557.0,0.0
14.0,0.6016369,0.30081844,0.0,0.0,73.86667,9.0,1.6621321,360.0,351722.0,75204.61,333.786,116251.6,601636.9,65535.0,2.0,81.0,69.666664,66.0,5.456902,627.0,69.666664,0.0,0.0,1.3035343,45726.0,0.0,2.0,65535.0,1841.6425,601636.0,351722.0,42974.062,46.96846,95430.87,24.931982,6.0,1.6621321,240.0,353139.88,120244.22,118.0172,128844.695,601221.06,3.0,100.0,80.166664,66.0,12.548794,481.0,80.166664,0.0,0.6016369,0.30081844,0.0,0.0,5.0,100.0,73.86667,66.0,10.359323,107.31555,6.0,0.0,2.0,627.0,9.0,481.0,6.0,9.0,6.0,627.0,481.0,0.0
0.0,1e-06,5e-07,0.0,0.0,98.0,1.0,1e+06,28.0,0.0,0.0,0.0,0.0,0.0,0.0,0.0,98.0,98.0,98.0,0.0,98.0,98.0,0.0,0.0,0.0,53.0,0.0,0.0,0.0,9.8e+07,1.0,0.0,0.0,0.0,0.0,1e+06,0.0,0.0,0.0,0.0,0.0,0.0,0.0,0.0,0.0,0.0,0.0,0.0,0.0,0.0,0.0,0.0,1e-06,5e-07,0.0,0.0,0.0,98.0,98.0,98.0,0.0,0.0,17.0,0.0,0.0,98.0,1.0,0.0,0.0,1.0,0.0,98.0,0.0,0.0
47.0,1131.2445,565.62225,0.0,0.0,225.38776,10.0,0.0026519466,1200.0,1.126646e+09,3.900843e+07,292.06274,2.0554462e+08,1.1312445e+09,65535.0,10.0,834.0,149.13333,66.0,196.01866,1491.3334,149.13333,0.0,0.0,0.6809741,45712.0,0.0,4.0,65535.0,9.762699,1.1312445e+09,1.126646e+09,2.3567594e+07,22.888184,1.6090088e+08,0.043315127,6.3333335,0.0026519466,760.0,1.1266464e+09,6.2846884e+07,2324.1042,2.580098e+08,1.1312439e+09,12.0,1170.0,345.78946,66.0,427.01654,2190.0,345.78946,0.0,1131.2445,565.62225,0.0,0.0,22.0,1170.0,225.38776,66.0,321.57443,103410.12,6.0,0.0,4.0,4474.0,30.0,6570.0,19.0,30.0,19.0,4474.0,6570.0,0.0
5.0,0.001978159,0.0009890795,0.0,0.0,72.85714,3.0,505.52054,120.0,985.86084,975.4896,965.1184,10.371208,1950.9792,65535.0,1.0,88.0,76.0,66.0,9.092121,228.0,76.0,0.0,0.0,0.80851066,47474.0,0.0,1.0,65535.0,257815.48,1978.0,938.1771,329.69315,26.9413,360.24622,3538.6438,4.0,505.52054,160.0,1146.0781,650.4059,70.09506,443.32654,1951.2177,1.0,88.0,70.5,54.0,12.359207,282.0,70.5,0.0,0.001978159,0.0009890795,0.0,0.0,2.0,88.0,72.85714,54.0,11.407123,130.12245,6.0,1.0,2.0,228.0,3.0,282.0,4.0,3.0,4.0,228.0,282.0,0.0
1.0,1e-06,5e-07,0.0,0.0,58.0,0.0,0.0,0.0,0.0,0.0,0.0,0.0,0.0,0.0,0.0,0.0,0.0,0.0,0.0,0.0,0.0,0.0,0.0,0.0,55952.0,0.0,0.0,65535.0,5.8e+07,1.0,0.0,0.0,0.0,0.0,1e+06,0.0,0.0,40.0,0.0,0.0,0.0,0.0,0.0,0.0,58.0,58.0,58.0,0.0,0.0,58.0,0.0,1e-06,5e-07,0.0,0.0,0.0,58.0,58.0,58.0,0.0,0.0,6.0,0.0,1.0,0.0,0.0,58.0,1.0,0.0,1.0,0.0,58.0,0.0
13.0,0.009600878,0.004800439,0.0,0.0,1113.0,8.0,104.15714,320.0,5707.0254,1371.554,0.0,1855.6466,9600.878,65535.0,1.0,3535.0,500.625,66.0,1146.8889,4005.0,500.625,0.0,0.0,0.34594455,57732.0,0.0,2.0,65535.0,1.6229766e+06,9600.0,5707.0254,738.52905,0.0,1492.6487,1458.2,6.0,104.15714,240.0,5707.979,1856.184,0.0,2157.0125,9280.92,3.0,4410.0,1929.5,66.0,1961.2992,11577.0,1929.5,0.0,0.009600878,0.004800439,0.0,0.0,4.0,4410.0,1113.0,66.0,1703.0028,2.9002185e+06,6.0,0.0,2.0,4005.0,8.0,11577.0,6.0,8.0,6.0,4005.0,11577.0,0.0
1.0,0.0012180805,0.00060904026,0.0,0.0,60.0,0.0,0.0,40.0,0.0,0.0,0.0,0.0,0.0,65535.0,0.0,60.0,60.0,60.0,0.0,0.0,60.0,0.0,0.0,1.0,44.0,0.0,0.0,65535.0,98515.66,1218.0,1218.0806,1218.0806,1218.0806,0.0,1641.9276,0.0,0.0,40.0,0.0,0.0,0.0,0.0,0.0,0.0,60.0,60.0,60.0,0.0,0.0,60.0,0.0,0.0012180805,0.00060904026,0.0,0.0,0.0,60.0,60.0,60.0,0.0,0.0,6.0,1.0,1.0,60.0,1.0,60.0,1.0,1.0,1.0,60.0,60.0,0.0
20.0,0.06522608,0.03261304,0.0,0.0,233.19048,11.0,15.331291,440.0,42121.17,6522.608,373.12506,12093.029,65226.08,65535.0,6.0,1634.0,227.54546,66.0,445.2585,2503.0,227.54546,0.0,0.0,1.0455304,33134.0,0.0,2.0,65535.0,75077.336,65226.0,41677.0,3261.304,0.0,8994.261,321.95712,10.0,15.331291,400.0,43174.027,7160.902,174.04556,12954.856,64448.117,5.0,1146.0,239.4,66.0,336.19287,2394.0,239.4,0.0,0.06522608,0.03261304,0.0,0.0,11.0,1634.0,233.19048,66.0,397.12054,157704.72,6.0,0.0,2.0,2503.0,11.0,2394.0,10.0,11.0,10.0,2503.0,2394.0,0.0
44.0,131.39468,65.69734,0.0,0.0,80.195656,11.0,0.015221316,880.0,1.3133369e+08,6.2568885e+06,0.0,2.7968024e+07,1.3139466e+08,65535.0,12.0,95.0,74.59091,66.0,9.556811,820.5,74.59091,0.0,0.0,0.80126953,50450.0,0.0,4.0,65535.0,28.075718,1.3139468e+08,1.3133368e+08,2.9198818e+06,0.0,1.9359108e+07,0.35009027,12.0,0.015221316,960.0,1.3133372e+08,5.712811e+06,17.881393,2.6782468e+07,1.3139465e+08,16.0,117.0,85.333336,66.0,15.595583,1024.0,85.333336,0.0,131.39468,65.69734,0.0,0.0,28.0,117.0,80.195656,66.0,14.120013,199.37477,6.0,0.0,4.0,1641.0,22.0,2048.0,24.0,22.0,24.0,1641.0,2048.0,0.0
1.0,1e-06,5e-07,0.0,0.0,67.0,1.0,1e+06,40.0,0.0,0.0,0.0,0.0,0.0,65535.0,0.0,74.0,74.0,74.0,0.0,74.0,74.0,0.0,0.0,1.2333333,35860.0,0.0,0.0,65535.0,1.34e+08,1.0,0.0,0.0,0.0,0.0,2e+06,1.0,1e+06,40.0,0.0,0.0,0.0,0.0,0.0,0.0,60.0,60.0,60.0,0.0,60.0,60.0,0.0,1e-06,5e-07,0.0,0.0,0.0,74.0,67.0,60.0,7.0,49.0,6.0,1.0,1.0,74.0,1.0,60.0,1.0,1.0,1.0,74.0,60.0,0.0
1.0,0.00037193298,0.00018596649,0.0,0.0,67.0,1.0,2688.6565,40.0,0.0,0.0,0.0,0.0,0.0,65535.0,0.0,74.0,74.0,74.0,0.0,74.0,74.0,0.0,0.0,1.2333333,46858.0,0.0,0.0,65535.0,360279.97,371.0,371.93298,371.93298,371.93298,0.0,5377.313,1.0,2688.6565,40.0,0.0,0.0,0.0,0.0,0.0,0.0,60.0,60.0,60.0,0.0,60.0,60.0,0.0,0.00037193298,0.00018596649,0.0,0.0,0.0,74.0,67.0,60.0,7.0,49.0,6.0,1.0,1.0,74.0,1.0,60.0,1.0,1.0,1.0,74.0,60.0,0.0
0.0,1e-06,5e-07,0.0,0.0,60.0,0.0,0.0,28.0,0.0,0.0,0.0,0.0,0.0,0.0,0.0,60.0,60.0,60.0,0.0,0.0,60.0,0.0,0.0,0.0,39044.0,0.0,0.0,0.0,6e+07,1.0,0.0,0.0,0.0,0.0,1e+06,0.0,0.0,0.0,0.0,0.0,0.0,0.0,0.0,0.0,0.0,0.0,0.0,0.0,0.0,0.0,0.0,1e-06,5e-07,0.0,0.0,0.0,60.0,60.0,60.0,0.0,0.0,17.0,0.0,0.0,60.0,1.0,0.0,0.0,1.0,0.0,60.0,0.0,0.0
9.0,0.012643099,0.0063215494,0.0,0.0,87.5,5.0,79.094536,200.0,7931.9478,3141.9993,724.0772,2924.909,12567.997,65535.0,1.0,258.0,106.0,66.0,76.06313,530.0,106.0,0.0,0.0,1.5362319,44053.0,0.0,2.0,65535.0,69207.72,12643.0,7931.9478,1404.7888,19.073486,2406.3584,790.9453,5.0,79.094536,200.0,8671.045,3154.516,102.996826,3282.1135,12618.064,1.0,74.0,69.0,66.0,3.6878178,345.0,69.0,0.0,0.012643099,0.0063215494,0.0,0.0,2.0,258.0,87.5,66.0,56.937244,3241.85,6.0,0.0,2.0,530.0,5.0,345.0,5.0,5.0,5.0,530.0,345.0,0.0
7.0,4.972376,2.486188,0.0,0.0,72.125,1.5,0.4022222,120.0,4.970892e+06,2.4858605e+06,828.9814,2.4850315e+06,4.971721e+06,65535.0,0.0,74.0,68.666664,66.0,3.7712362,103.0,68.666664,0.0,0.0,0.55525607,143.0,0.0,2.0,65535.0,116.0411,4.972376e+06,4.969519e+06,710339.44,20.02716,1.7388028e+06,1.6088887,2.5,0.4022222,200.0,4.969811e+06,1.243094e+06,269.88983,2.151621e+06,4.972376e+06,1.0,99.0,74.2,66.0,12.781237,185.5,74.2,0.0,4.972376,2.486188,0.0,0.0,1.0,99.0,72.125,66.0,10.705577,114.609375,6.0,0.0,2.0,206.0,3.0,371.0,5.0,3.0,5.0,206.0,371.0,0.0
1.0,1e-06,5e-07,0.0,0.0,67.0,1.0,1e+06,40.0,0.0,0.0,0.0,0.0,0.0,65535.0,0.0,74.0,74.0,74.0,0.0,74.0,74.0,0.0,0.0,1.2333333,46610.0,0.0,0.0,65535.0,1.34e+08,1.0,0.0,0.0,0.0,0.0,2e+06,1.0,1e+06,40.0,0.0,0.0,0.0,0.0,0.0,0.0,60.0,60.0,60.0,0.0,60.0,60.0,0.0,1e-06,5e-07,0.0,0.0,0.0,74.0,67.0,60.0,7.0,49.0,6.0,1.0,1.0,74.0,1.0,60.0,1.0,1.0,1.0,74.0,60.0,0.0
0.0,1e-06,5e-07,0.0,0.0,60.0,0.0,0.0,0.0,0.0,0.0,0.0,0.0,0.0,0.0,0.0,0.0,0.0,0.0,0.0,0.0,0.0,0.0,0.0,0.0,1126.0,0.0,0.0,65535.0,6e+07,1.0,0.0,0.0,0.0,0.0,1e+06,0.0,0.0,40.0,0.0,0.0,0.0,0.0,0.0,0.0,60.0,60.0,60.0,0.0,0.0,60.0,0.0,1e-06,5e-07,0.0,0.0,0.0,60.0,60.0,60.0,0.0,0.0,6.0,0.0,1.0,0.0,0.0,60.0,1.0,0.0,1.0,0.0,60.0,0.0
0.0,1e-06,5e-07,0.0,0.0,60.0,0.0,0.0,0.0,0.0,0.0,0.0,0.0,0.0,0.0,0.0,0.0,0.0,0.0,0.0,0.0,0.0,0.0,0.0,0.0,786.0,0.0,0.0,65535.0,6e+07,1.0,0.0,0.0,0.0,0.0,1e+06,0.0,0.0,40.0,0.0,0.0,0.0,0.0,0.0,0.0,60.0,60.0,60.0,0.0,0.0,60.0,0.0,1e-06,5e-07,0.0,0.0,0.0,60.0,60.0,60.0,0.0,0.0,6.0,0.0,1.0,0.0,0.0,60.0,1.0,0.0,1.0,0.0,60.0,0.0
0.0,0.00048685074,0.00024342537,0.0,0.0,177.0,1.0,2054.0176,28.0,0.0,0.0,0.0,0.0,0.0,0.0,0.0,223.0,223.0,223.0,0.0,223.0,223.0,0.0,0.0,1.70229,53.0,0.0,0.0,0.0,727122.25,486.0,486.85074,486.85074,486.85074,0.0,4108.035,1.0,2054.0176,28.0,0.0,0.0,0.0,0.0,0.0,0.0,131.0,131.0,131.0,0.0,131.0,131.0,0.0,0.00048685074,0.00024342537,0.0,0.0,0.0,223.0,177.0,131.0,46.0,2116.0,17.0,0.0,0.0,223.0,1.0,131.0,1.0,1.0,1.0,223.0,131.0,0.0
0.0,1e-06,5e-07,0.0,0.0,60.0,0.0,0.0,28.0,0.0,0.0,0.0,0.0,0.0,0.0,0.0,60.0,60.0,60.0,0.0,0.0,60.0,0.0,0.0,0.0,65482.0,0.0,0.0,0.0,6e+07,1.0,0.0,0.0,0.0,0.0,1e+06,0.0,0.0,0.0,0.0,0.0,0.0,0.0,0.0,0.0,0.0,0.0,0.0,0.0,0.0,0.0,0.0,1e-06,5e-07,0.0,0.0,0.0,60.0,60.0,60.0,0.0,0.0,17.0,0.0,0.0,60.0,1.0,0.0,0.0,1.0,0.0,60.0,0.0,0.0
9.0,0.005940914,0.002970457,0.0,0.0,206.3,6.0,168.32426,240.0,3341.9133,1188.1829,0.0,1154.848,5940.914,65535.0,1.0,288.0,104.333336,66.0,82.19016,626.0,104.333336,0.0,0.0,0.43562979,35615.0,0.0,2.0,65535.0,347252.97,5940.0,2879.858,660.10156,0.0,844.80084,1683.2427,4.0,168.32426,160.0,2879.858,1832.7236,1277.2084,740.8952,5498.171,1.0,1231.0,359.25,66.0,503.3157,1437.0,359.25,0.0,0.005940914,0.002970457,0.0,0.0,2.0,1231.0,206.3,66.0,347.82123,120979.61,6.0,0.0,2.0,626.0,6.0,1437.0,4.0,6.0,4.0,626.0,1437.0,0.0
11.0,0.003483057,0.0017415285,0.0,0.0,1262.0834,7.0,287.10413,280.0,1679.8973,580.5095,0.0,527.3129,3483.0571,65535.0,1.0,3230.0,519.1429,66.0,1106.7062,3634.0,519.1429,0.0,0.0,0.31569803,49869.0,0.0,2.0,65535.0,4.348192e+06,3483.0,1679.8973,316.64154,0.0,463.30927,3445.2493,5.0,287.10413,200.0,2104.044,739.51483,36.95488,822.7027,2958.0593,2.0,7306.0,2302.2,66.0,2928.59,11511.0,2302.2,0.0,0.003483057,0.0017415285,0.0,0.0,3.0,7306.0,1262.0834,66.0,2249.6245,5.0608105e+06,6.0,0.0,2.0,3634.0,7.0,11511.0,5.0,7.0,5.0,3634.0,11511.0,0.0
1.0,3.4093857e-05,1.7046928e-05,0.0,0.0,64.0,1.0,29330.797,40.0,0.0,0.0,0.0,0.0,0.0,65535.0,0.0,74.0,74.0,74.0,0.0,74.0,74.0,0.0,0.0,1.3703704,54481.0,0.0,0.0,65535.0,3.754342e+06,34.0,34.093857,34.093857,34.093857,0.0,58661.594,1.0,29330.797,40.0,0.0,0.0,0.0,0.0,0.0,0.0,54.0,54.0,54.0,0.0,54.0,54.0,0.0,3.4093857e-05,1.7046928e-05,0.0,0.0,0.0,74.0,64.0,54.0,10.0,100.0,6.0,1.0,1.0,74.0,1.0,54.0,1.0,1.0,1.0,74.0,54.0,0.0
0.0,1e-06,5e-07,0.0,0.0,93.0,0.0,0.0,28.0,0.0,0.0,0.0,0.0,0.0,0.0,0.0,93.0,93.0,93.0,0.0,0.0,93.0,0.0,0.0,0.0,45168.0,0.0,0.0,0.0,9.3e+07,1.0,0.0,0.0,0.0,0.0,1e+06,0.0,0.0,0.0,0.0,0.0,0.0,0.0,0.0,0.0,0.0,0.0,0.0,0.0,0.0,0.0,0.0,1e-06,5e-07,0.0,0.0,0.0,93.0,93.0,93.0,0.0,0.0,17.0,0.0,0.0,93.0,1.0,0.0,0.0,1.0,0.0,93.0,0.0,0.0
0.0,307.67642,153.83821,0.0,0.0,116.5,1.0,0.0065003354,56.0,3.0767456e+08,3.0767456e+08,3.0767456e+08,0.0,3.0767456e+08,0.0,0.0,101.0,96.0,91.0,5.0,96.0,96.0,0.0,0.0,0.7007299,47726.0,0.0,0.0,0.0,1.5145781,3.0767645e+08,3.0767402e+08,1.0255882e+08,555.9921,1.4503834e+08,0.013000671,1.0,0.0065003354,56.0,3.0767587e+08,3.0767587e+08,3.0767587e+08,0.0,3.0767587e+08,0.0,157.0,137.0,117.0,20.0,137.0,137.0,0.0,307.67642,153.83821,0.0,0.0,0.0,157.0,116.5,91.0,25.154522,632.75,17.0,0.0,0.0,192.0,2.0,274.0,2.0,2.0,2.0,192.0,274.0,0.0
13.0,0.0051100254,0.0025550127,0.0,0.0,94.64286,8.0,195.69374,320.0,1162.0521,730.0036,123.97766,375.42328,5110.0254,65535.0,2.0,166.0,87.0,66.0,35.594944,696.0,87.0,0.0,0.0,1.1065183,59292.0,0.0,2.0,65535.0,259294.2,5110.0,1162.0521,393.0789,0.0,359.3489,2739.7124,6.0,195.69374,240.0,2013.9218,886.77405,0.0,753.21277,4433.87,3.0,177.0,104.833336,66.0,46.609787,629.0,104.833336,0.0,0.0051100254,0.0025550127,0.0,0.0,5.0,177.0,94.64286,66.0,41.628643,1732.9438,6.0,0.0,2.0,696.0,8.0,629.0,6.0,8.0,6.0,696.0,629.0,0.0
1.0,3.9815903e-05,1.9907951e-05,0.0,0.0,64.0,1.0,25115.594,40.0,0.0,0.0,0.0,0.0,0.0,65535.0,0.0,74.0,74.0,74.0,0.0,74.0,74.0,0.0,0.0,1.3703704,36765.0,0.0,0.0,65535.0,3.214796e+06,39.0,39.815903,39.815903,39.815903,0.0,50231.188,1.0,25115.594,40.0,0.0,0.0,0.0,0.0,0.0,0.0,54.0,54.0,54.0,0.0,54.0,54.0,0.0,3.9815903e-05,1.9907951e-05,0.0,0.0,0.0,74.0,64.0,54.0,10.0,100.0,6.0,1.0,1.0,74.0,1.0,54.0,1.0,1.0,1.0,74.0,54.0,0.0
3.0,34.719364,17.359682,0.0,0.0,58.0,0.0,0.0,0.0,0.0,0.0,0.0,0.0,0.0,0.0,0.0,0.0,0.0,0.0,0.0,0.0,0.0,0.0,0.0,0.0,32665.0,0.0,0.0,65535.0,5.011613,3.471936e+07,1.9863036e+07,1.7359682e+07,1.4856327e+07,3.5402778e+06,0.08640712,0.0,0.0,120.0,1.9863036e+07,1.7359682e+07,1.4856327e+07,3.5402778e+06,3.4719364e+07,0.0,58.0,58.0,58.0,0.0,0.0,58.0,0.0,34.719364,17.359682,0.0,0.0,0.0,58.0,58.0,58.0,0.0,0.0,6.0,0.0,3.0,0.0,0.0,174.0,3.0,0.0,3.0,0.0,174.0,0.0
0.0,1e-06,5e-07,0.0,0.0,60.0,0.0,0.0,28.0,0.0,0.0,0.0,0.0,0.0,0.0,0.0,60.0,60.0,60.0,0.0,0.0,60.0,0.0,0.0,0.0,15196.0,0.0,0.0,0.0,6e+07,1.0,0.0,0.0,0.0,0.0,1e+06,0.0,0.0,0.0,0.0,0.0,0.0,0.0,0.0,0.0,0.0,0.0,0.0,0.0,0.0,0.0,0.0,1e-06,5e-07,0.0,0.0,0.0,60.0,60.0,60.0,0.0,0.0,17.0,0.0,0.0,60.0,1.0,0.0,0.0,1.0,0.0,60.0,0.0,0.0
1.0,0.0006210804,0.0003105402,0.0,0.0,59.333332,2.0,1610.0975,80.0,621.0804,621.0804,621.0804,0.0,621.0804,65535.0,0.0,60.0,60.0,60.0,0.0,120.0,60.0,0.0,0.0,2.0689654,43984.0,0.0,0.0,65535.0,286597.34,621.0,567.9131,310.5402,53.167343,257.37286,4830.2925,1.0,1610.0975,40.0,0.0,0.0,0.0,0.0,0.0,0.0,58.0,58.0,58.0,0.0,58.0,58.0,0.0,0.0006210804,0.0003105402,0.0,0.0,0.0,60.0,59.333332,58.0,0.94280905,0.8888889,6.0,1.0,2.0,120.0,2.0,58.0,1.0,2.0,1.0,120.0,58.0,0.0
1.0,2.7179718e-05,1.3589859e-05,0.0,0.0,57.0,1.0,36792.14,40.0,0.0,0.0,0.0,0.0,0.0,65535.0,0.0,60.0,60.0,60.0,0.0,60.0,60.0,0.0,0.0,1.1111112,53302.0,0.0,0.0,65535.0,4.194304e+06,27.0,27.179718,27.179718,27.179718,0.0,73584.28,1.0,36792.14,40.0,0.0,0.0,0.0,0.0,0.0,0.0,54.0,54.0,54.0,0.0,54.0,54.0,0.0,2.7179718e-05,1.3589859e-05,0.0,0.0,0.0,60.0,57.0,54.0,3.0,9.0,6.0,1.0,1.0,60.0,1.0,54.0,1.0,1.0,1.0,60.0,54.0,0.0
1.0,0.0002219677,0.00011098385,0.0,0.0,60.0,1.0,4505.16,40.0,0.0,0.0,0.0,0.0,0.0,65535.0,0.0,60.0,60.0,60.0,0.0,60.0,60.0,0.0,0.0,1.0,1776.0,0.0,0.0,65535.0,540619.2,221.0,221.9677,221.9677,221.9677,0.0,9010.32,1.0,4505.16,40.0,0.0,0.0,0.0,0.0,0.0,0.0,60.0,60.0,60.0,0.0,60.0,60.0,0.0,0.0002219677,0.00011098385,0.0,0.0,0.0,60.0,60.0,60.0,0.0,0.0,6.0,1.0,1.0,60.0,1.0,60.0,1.0,1.0,1.0,60.0,60.0,0.0
0.0,1e-06,5e-07,0.0,0.0,60.0,0.0,0.0,0.0,0.0,0.0,0.0,0.0,0.0,0.0,0.0,0.0,0.0,0.0,0.0,0.0,0.0,0.0,0.0,0.0,500.0,0.0,0.0,65535.0,6e+07,1.0,0.0,0.0,0.0,0.0,1e+06,0.0,0.0,40.0,0.0,0.0,0.0,0.0,0.0,0.0,60.0,60.0,60.0,0.0,0.0,60.0,0.0,1e-06,5e-07,0.0,0.0,0.0,60.0,60.0,60.0,0.0,0.0,6.0,0.0,1.0,0.0,0.0,60.0,1.0,0.0,1.0,0.0,60.0,0.0
15.0,0.951154,0.475577,0.0,0.0,232.4375,9.0,1.0513544,360.0,931444.9,118894.25,0.0,307134.38,951154.0,65535.0,3.0,129.0,78.55556,66.0,19.911533,707.0,78.55556,0.0,0.0,0.23472776,35102.0,0.0,2.0,65535.0,3909.9873,951153.0,931376.0,63410.266,0.0,231989.73,16.82167,7.0,1.0513544,280.0,931713.1,158471.86,0.0,345822.1,950831.2,2.0,2345.0,430.2857,66.0,786.8695,3012.0,430.2857,0.0,0.951154,0.475577,0.0,0.0,5.0,2345.0,232.4375,66.0,549.1378,301552.38,6.0,0.0,2.0,707.0,9.0,3012.0,7.0,9.0,7.0,707.0,3012.0,0.0
0.0,1e-06,5e-07,0.0,0.0,60.0,1.0,1e+06,28.0,0.0,0.0,0.0,0.0,0.0,0.0,0.0,60.0,60.0,60.0,0.0,60.0,60.0,0.0,0.0,0.0,45224.0,0.0,0.0,0.0,6e+07,1.0,0.0,0.0,0.0,0.0,1e+06,0.0,0.0,0.0,0.0,0.0,0.0,0.0,0.0,0.0,0.0,0.0,0.0,0.0,0.0,0.0,0.0,1e-06,5e-07,0.0,0.0,0.0,60.0,60.0,60.0,0.0,0.0,17.0,0.0,0.0,60.0,1.0,0.0,0.0,1.0,0.0,60.0,0.0,0.0
1.0,1e-06,5e-07,0.0,0.0,54.0,0.0,0.0,0.0,0.0,0.0,0.0,0.0,0.0,0.0,0.0,0.0,0.0,0.0,0.0,0.0,0.0,0.0,0.0,0.0,43355.0,0.0,0.0,65535.0,5.4e+07,1.0,0.0,0.0,0.0,0.0,1e+06,0.0,0.0,40.0,0.0,0.0,0.0,0.0,0.0,0.0,54.0,54.0,54.0,0.0,0.0,54.0,0.0,1e-06,5e-07,0.0,0.0,0.0,54.0,54.0,54.0,0.0,0.0,6.0,1.0,0.0,0.0,0.0,54.0,1.0,0.0,1.0,0.0,54.0,0.0
27.0,3.778092,1.889046,0.0,0.0,213.35715,7.0,0.52936774,560.0,3.685803e+06,290622.47,0.0,980162.44,3.778092e+06,65535.0,9.0,810.0,165.14285,66.0,191.79857,1156.0,165.14285,0.0,0.0,0.63134897,37422.0,0.0,2.0,65535.0,1581.2214,3.778091e+06,3.638561e+06,139929.33,0.0,686228.0,7.4111485,7.0,0.52936774,560.0,3.638561e+06,290554.75,161.88622,966618.56,3.777212e+06,7.0,1170.0,261.57144,66.0,372.90994,1831.0,261.57144,0.0,3.778092,1.889046,0.0,0.0,16.0,1170.0,213.35715,66.0,300.4145,90248.875,6.0,0.0,2.0,2312.0,14.0,3662.0,14.0,14.0,14.0,2312.0,3662.0,0.0
9.0,0.0046868324,0.0023434162,0.0,0.0,150.6,5.0,213.36372,200.0,1608.8486,1074.7313,544.07117,377.01645,4298.9253,65535.0,1.0,889.0,232.2,66.0,328.4146,1161.0,232.2,0.0,0.0,3.3652174,40243.0,0.0,2.0,65535.0,321325.75,4686.0,1608.8486,520.75916,0.0,491.7553,2133.6372,5.0,213.36372,200.0,1420.021,769.496,0.0,537.23773,3077.984,1.0,74.0,69.0,66.0,3.6878178,345.0,69.0,0.0,0.0046868324,0.0023434162,0.0,0.0,2.0,889.0,150.6,66.0,246.15735,60593.44,6.0,0.0,2.0,1161.0,5.0,345.0,5.0,5.0,5.0,1161.0,345.0,0.0
0.0,1e-06,5e-07,0.0,0.0,81.0,1.0,1e+06,28.0,0.0,0.0,0.0,0.0,0.0,0.0,0.0,81.0,81.0,81.0,0.0,81.0,81.0,0.0,0.0,0.0,46167.0,0.0,0.0,0.0,8.1e+07,1.0,0.0,0.0,0.0,0.0,1e+06,0.0,0.0,0.0,0.0,0.0,0.0,0.0,0.0,0.0,0.0,0.0,0.0,0.0,0.0,0.0,0.0,1e-06,5e-07,0.0,0.0,0.0,81.0,81.0,81.0,0.0,0.0,17.0,0.0,0.0,81.0,1.0,0.0,0.0,1.0,0.0,81.0,0.0,0.0
20.0,257.0265,128.51324,0.0,0.0,406.45456,3.6666667,0.011671949,440.0,2.5343413e+08,2.5702644e+07,0.0,7.5918e+07,2.5702643e+08,65535.0,2.0,362.0,120.0,66.0,110.86109,440.0,120.0,0.0,0.0,0.17318289,49236.0,0.0,4.0,65535.0,34.79019,2.5702648e+08,2.5343408e+08,1.2239356e+07,0.0,5.393816e+07,0.0855943,3.6666667,0.011671949,440.0,2.534342e+08,2.5702646e+07,58.88939,7.591803e+07,2.5702646e+08,3.0,3506.0,692.9091,66.0,1213.3093,2540.6667,692.9091,0.0,257.0265,128.51324,0.0,0.0,5.0,3506.0,406.45456,66.0,907.88824,824261.06,6.0,0.0,4.0,1320.0,11.0,7622.0,11.0,11.0,11.0,1320.0,7622.0,0.0
0.0,1e-06,5e-07,0.0,0.0,60.0,0.0,0.0,28.0,0.0,0.0,0.0,0.0,0.0,0.0,0.0,60.0,60.0,60.0,0.0,0.0,60.0,0.0,0.0,0.0,16186.0,0.0,0.0,0.0,6e+07,1.0,0.0,0.0,0.0,0.0,1e+06,0.0,0.0,0.0,0.0,0.0,0.0,0.0,0.0,0.0,0.0,0.0,0.0,0.0,0.0,0.0,0.0,1e-06,5e-07,0.0,0.0,0.0,60.0,60.0,60.0,0.0,0.0,17.0,0.0,0.0,60.0,1.0,0.0,0.0,1.0,0.0,60.0,0.0,0.0
0.0,0.00027680397,0.00013840199,0.0,0.0,110.0,0.0,0.0,28.0,0.0,0.0,0.0,0.0,0.0,0.0,0.0,94.0,94.0,94.0,0.0,0.0,94.0,0.0,0.0,0.74603176,45846.0,0.0,0.0,0.0,794786.3,276.0,276.80396,276.80396,276.80396,0.0,7225.33,0.0,0.0,28.0,0.0,0.0,0.0,0.0,0.0,0.0,126.0,126.0,126.0,0.0,0.0,126.0,0.0,0.00027680397,0.00013840199,0.0,0.0,0.0,126.0,110.0,94.0,22.627417,512.0,17.0,0.0,0.0,94.0,1.0,126.0,1.0,1.0,1.0,94.0,126.0,0.0
9.0,0.009657145,0.0048285723,0.0,0.0,227.8,6.0,103.55028,240.0,5284.071,1931.429,299.21533,1804.6042,9657.145,65535.0,1.0,318.0,109.333336,66.0,93.36428,656.0,109.333336,0.0,0.0,0.40443897,34068.0,0.0,2.0,65535.0,235887.53,9657.0,5284.071,1073.0161,0.0,1652.3394,1035.5028,4.0,103.55028,160.0,5689.144,3118.992,1705.8849,1820.3761,9356.976,1.0,1416.0,405.5,66.0,583.4216,1622.0,405.5,0.0,0.009657145,0.0048285723,0.0,0.0,2.0,1416.0,227.8,66.0,403.03098,162433.95,6.0,0.0,2.0,656.0,6.0,1622.0,4.0,6.0,4.0,656.0,1622.0,0.0
0.0,0.0021021366,0.0010510683,0.0,0.0,109.0,1.0,475.70648,28.0,0.0,0.0,0.0,0.0,0.0,0.0,0.0,101.0,101.0,101.0,0.0,101.0,101.0,0.0,0.0,0.8632479,34058.0,0.0,0.0,0.0,103704.016,2102.0,2102.1367,2102.1367,2102.1367,0.0,951.41296,1.0,475.70648,28.0,0.0,0.0,0.0,0.0,0.0,0.0,117.0,117.0,117.0,0.0,117.0,117.0,0.0,0.0021021366,0.0010510683,0.0,0.0,0.0,117.0,109.0,101.0,8.0,64.0,17.0,0.0,0.0,101.0,1.0,117.0,1.0,1.0,1.0,101.0,117.0,0.0
1.0,1e-06,5e-07,0.0,0.0,67.0,1.0,1e+06,40.0,0.0,0.0,0.0,0.0,0.0,65535.0,0.0,74.0,74.0,74.0,0.0,74.0,74.0,0.0,0.0,1.2333333,39905.0,0.0,0.0,65535.0,1.34e+08,1.0,0.0,0.0,0.0,0.0,2e+06,1.0,1e+06,40.0,0.0,0.0,0.0,0.0,0.0,0.0,60.0,60.0,60.0,0.0,60.0,60.0,0.0,1e-06,5e-07,0.0,0.0,0.0,74.0,67.0,60.0,7.0,49.0,6.0,1.0,1.0,74.0,1.0,60.0,1.0,1.0,1.0,74.0,60.0,0.0
27.0,428.38492,214.19246,0.0,0.0,134.23334,0.0,0.0,720.0,2.6332949e+08,2.5199112e+07,0.0,7.322338e+07,4.283849e+08,65535.0,3.0,318.0,105.55556,66.0,88.28512,0.0,105.55556,0.0,0.0,0.89327693,47737.0,0.0,6.0,65535.0,9.400425,4.283849e+08,2.6332949e+08,1.4771893e+07,0.0,5.677445e+07,0.07003048,0.0,0.0,480.0,2.6333126e+08,3.8944056e+07,148.05794,8.938665e+07,4.283846e+08,3.0,503.0,177.25,66.0,196.46426,0.0,177.25,0.0,428.38492,214.19246,0.0,0.0,6.0,503.0,134.23334,66.0,143.129,20485.91,6.0,0.0,6.0,1900.0,18.0,2127.0,12.0,18.0,12.0,1900.0,2127.0,0.0
0.0,1e-06,5e-07,0.0,0.0,60.0,0.0,0.0,28.0,0.0,0.0,0.0,0.0,0.0,0.0,0.0,60.0,60.0,60.0,0.0,0.0,60.0,0.0,0.0,0.0,53439.0,0.0,0.0,0.0,6e+07,1.0,0.0,0.0,0.0,0.0,1e+06,0.0,0.0,0.0,0.0,0.0,0.0,0.0,0.0,0.0,0.0,0.0,0.0,0.0,0.0,0.0,0.0,1e-06,5e-07,0.0,0.0,0.0,60.0,60.0,60.0,0.0,0.0,17.0,0.0,0.0,60.0,1.0,0.0,0.0,1.0,0.0,60.0,0.0,0.0
11.0,0.003497839,0.0017489195,0.0,0.0,1242.9166,7.0,285.8908,280.0,1796.9608,582.97314,0.0,613.57245,3497.8389,65535.0,1.0,3000.0,486.2857,66.0,1026.2233,3404.0,486.2857,0.0,0.0,0.29571715,42481.0,0.0,2.0,65535.0,4.2640615e+06,3497.0,963.92633,317.98535,0.0,335.4406,3430.6897,5.0,285.8908,200.0,1383.0662,540.01807,60.081482,539.7745,2160.0723,2.0,7306.0,2302.2,66.0,2928.59,11511.0,2302.2,0.0,0.003497839,0.0017489195,0.0,0.0,3.0,7306.0,1242.9166,66.0,2233.6997,4.989415e+06,6.0,0.0,2.0,3404.0,7.0,11511.0,5.0,7.0,5.0,3404.0,11511.0,0.0
0.0,0.000715971,0.0003579855,0.0,0.0,141.0,1.0,1396.7046,28.0,0.0,0.0,0.0,0.0,0.0,0.0,0.0,108.0,108.0,108.0,0.0,108.0,108.0,0.0,0.0,0.62068963,39672.0,0.0,0.0,0.0,393870.72,715.0,715.971,715.971,715.971,0.0,2793.4092,1.0,1396.7046,28.0,0.0,0.0,0.0,0.0,0.0,0.0,174.0,174.0,174.0,0.0,174.0,174.0,0.0,0.000715971,0.0003579855,0.0,0.0,0.0,174.0,141.0,108.0,33.0,1089.0,17.0,0.0,0.0,108.0,1.0,174.0,1.0,1.0,1.0,108.0,174.0,0.0
0.0,1e-06,5e-07,0.0,0.0,60.0,1.0,1e+06,40.0,0.0,0.0,0.0,0.0,0.0,65535.0,0.0,60.0,60.0,60.0,0.0,60.0,60.0,0.0,0.0,0.0,8417.0,0.0,0.0,0.0,6e+07,1.0,0.0,0.0,0.0,0.0,1e+06,0.0,0.0,0.0,0.0,0.0,0.0,0.0,0.0,0.0,0.0,0.0,0.0,0.0,0.0,0.0,0.0,1e-06,5e-07,0.0,0.0,0.0,60.0,60.0,60.0,0.0,0.0,6.0,1.0,0.0,60.0,1.0,0.0,0.0,1.0,0.0,60.0,0.0,0.0
13.0,0.0053839684,0.0026919842,0.0,0.0,91.07143,8.0,185.7366,320.0,2110.958,769.1383,167.84668,599.56665,5383.9683,65535.0,2.0,152.0,80.75,66.0,28.052406,646.0,80.75,0.0,0.0,1.027027,55122.0,0.0,2.0,65535.0,236814.17,5383.0,2110.958,414.1514,0.0,558.53094,2600.3125,6.0,185.7366,240.0,2650.0225,997.40027,0.0,898.4435,4987.0015,3.0,177.0,104.833336,66.0,46.609787,629.0,104.833336,0.0,0.0053839684,0.0026919842,0.0,0.0,5.0,177.0,91.07143,66.0,39.022823,1522.7806,6.0,0.0,2.0,646.0,8.0,629.0,6.0,8.0,6.0,646.0,629.0,0.0
1.0,3.71933e-05,1.859665e-05,0.0,0.0,57.0,1.0,26886.564,40.0,0.0,0.0,0.0,0.0,0.0,65535.0,0.0,60.0,60.0,60.0,0.0,60.0,60.0,0.0,0.0,1.1111112,2581.0,0.0,0.0,65535.0,3.0650682e+06,37.0,37.1933,37.1933,37.1933,0.0,53773.13,1.0,26886.564,40.0,0.0,0.0,0.0,0.0,0.0,0.0,54.0,54.0,54.0,0.0,54.0,54.0,0.0,3.71933e-05,1.859665e-05,0.0,0.0,0.0,60.0,57.0,54.0,3.0,9.0,6.0,1.0,1.0,60.0,1.0,54.0,1.0,1.0,1.0,60.0,54.0,0.0
1.0,1e-06,5e-07,0.0,0.0,60.0,0.0,0.0,0.0,0.0,0.0,0.0,0.0,0.0,0.0,0.0,0.0,0.0,0.0,0.0,0.0,0.0,0.0,0.0,0.0,61245.0,0.0,0.0,65535.0,6e+07,1.0,0.0,0.0,0.0,0.0,1e+06,0.0,0.0,40.0,0.0,0.0,0.0,0.0,0.0,0.0,60.0,60.0,60.0,0.0,0.0,60.0,0.0,1e-06,5e-07,0.0,0.0,0.0,60.0,60.0,60.0,0.0,0.0,6.0,1.0,0.0,0.0,0.0,60.0,1.0,0.0,1.0,0.0,60.0,0.0
0.0,1e-06,5e-07,0.0,0.0,60.0,0.0,0.0,28.0,0.0,0.0,0.0,0.0,0.0,0.0,0.0,60.0,60.0,60.0,0.0,0.0,60.0,0.0,0.0,0.0,47879.0,0.0,0.0,0.0,6e+07,1.0,0.0,0.0,0.0,0.0,1e+06,0.0,0.0,0.0,0.0,0.0,0.0,0.0,0.0,0.0,0.0,0.0,0.0,0.0,0.0,0.0,0.0,1e-06,5e-07,0.0,0.0,0.0,60.0,60.0,60.0,0.0,0.0,17.0,0.0,0.0,60.0,1.0,0.0,0.0,1.0,0.0,60.0,0.0,0.0
11.0,0.0012350082,0.0006175041,0.0,0.0,78.75,7.0,809.7112,280.0,404.83475,205.8347,0.0,161.7806,1235.0083,65535.0,3.0,160.0,86.14286,66.0,32.58584,603.0,86.14286,0.0,0.0,1.7631578,52754.0,0.0,2.0,65535.0,765177.06,1235.0,322.10352,112.273476,0.0,96.33916,9716.534,5.0,809.7112,200.0,449.89587,256.7768,52.21367,158.60338,1027.1072,1.0,74.0,68.4,66.0,3.2,342.0,68.4,0.0,0.0012350082,0.0006175041,0.0,0.0,4.0,160.0,78.75,66.0,26.461056,700.1875,6.0,0.0,2.0,603.0,7.0,342.0,5.0,7.0,5.0,603.0,342.0,0.0
0.0,0.00013494492,6.747246e-05,0.0,0.0,143.5,1.0,7410.431,28.0,0.0,0.0,0.0,0.0,0.0,0.0,0.0,94.0,94.0,94.0,0.0,94.0,94.0,0.0,0.0,0.48704663,46494.0,0.0,0.0,0.0,2.1267938e+06,134.0,134.94492,134.94492,134.94492,0.0,14820.862,1.0,7410.431,28.0,0.0,0.0,0.0,0.0,0.0,0.0,193.0,193.0,193.0,0.0,193.0,193.0,0.0,0.00013494492,6.747246e-05,0.0,0.0,0.0,193.0,143.5,94.0,49.5,2450.25,17.0,0.0,0.0,94.0,1.0,193.0,1.0,1.0,1.0,94.0,193.0,0.0
1.0,0.0003950596,0.0001975298,0.0,0.0,787.0,1.0,2531.2637,40.0,0.0,0.0,0.0,0.0,0.0,65535.0,0.0,60.0,60.0,60.0,0.0,60.0,60.0,0.0,0.0,0.03963012,15132.0,0.0,0.0,65535.0,3.984209e+06,395.0,395.05957,395.05957,395.05957,0.0,5062.5273,1.0,2531.2637,40.0,0.0,0.0,0.0,0.0,0.0,0.0,1514.0,1514.0,1514.0,0.0,1514.0,1514.0,0.0,0.0003950596,0.0001975298,0.0,0.0,0.0,1514.0,787.0,60.0,727.0,528529.0,6.0,1.0,1.0,60.0,1.0,1514.0,1.0,1.0,1.0,60.0,1514.0,0.0
0.0,0.0012769699,0.00063848495,0.0,0.0,109.5,1.0,783.1038,28.0,0.0,0.0,0.0,0.0,0.0,0.0,0.0,113.0,113.0,113.0,0.0,113.0,113.0,0.0,0.0,1.0660378,44456.0,0.0,0.0,0.0,171499.73,1276.0,1276.97,1276.97,1276.97,0.0,1566.2076,1.0,783.1038,28.0,0.0,0.0,0.0,0.0,0.0,0.0,106.0,106.0,106.0,0.0,106.0,106.0,0.0,0.0012769699,0.00063848495,0.0,0.0,0.0,113.0,109.5,106.0,3.5,12.25,17.0,0.0,0.0,113.0,1.0,106.0,1.0,1.0,1.0,113.0,106.0,0.0
0.0,57.32576,28.66288,0.0,0.0,60.0,0.0,0.0,0.0,0.0,0.0,0.0,0.0,0.0,0.0,0.0,0.0,0.0,0.0,0.0,0.0,0.0,0.0,0.0,0.0,80.0,0.0,0.0,65535.0,3.1399498,5.732576e+07,4.2410092e+07,2.866288e+07,1.4915667e+07,1.9441494e+07,0.052332494,0.0,0.0,120.0,4.2410092e+07,2.866288e+07,1.4915667e+07,1.9441494e+07,5.732576e+07,0.0,60.0,60.0,60.0,0.0,0.0,60.0,0.0,57.32576,28.66288,0.0,0.0,0.0,60.0,60.0,60.0,0.0,0.0,6.0,0.0,3.0,0.0,0.0,180.0,3.0,0.0,3.0,0.0,180.0,0.0
0.0,0.0008111,0.00040555,0.0,0.0,124.0,1.0,1232.8936,28.0,0.0,0.0,0.0,0.0,0.0,0.0,0.0,91.0,91.0,91.0,0.0,91.0,91.0,0.0,0.0,0.57961786,39383.0,0.0,0.0,0.0,305757.62,811.0,811.1,811.1,811.1,0.0,2465.787,1.0,1232.8936,28.0,0.0,0.0,0.0,0.0,0.0,0.0,157.0,157.0,157.0,0.0,157.0,157.0,0.0,0.0008111,0.00040555,0.0,0.0,0.0,157.0,124.0,91.0,33.0,1089.0,17.0,0.0,0.0,91.0,1.0,157.0,1.0,1.0,1.0,91.0,157.0,0.0
14.0,0.10878396,0.05439198,0.0,0.0,109.0,7.0,9.192532,280.0,103397.13,18122.832,500.91742,38147.832,108736.99,65535.0,3.0,334.0,113.28571,66.0,91.424774,793.0,113.28571,0.0,0.0,0.94180524,38410.0,0.0,2.0,65535.0,15029.789,108783.0,59116.125,7770.2827,10.01358,18158.645,137.88797,8.0,9.192532,320.0,59159.992,15533.992,191.92696,23458.527,108737.945,2.0,368.0,105.25,66.0,99.34756,842.0,105.25,0.0,0.10878396,0.05439198,0.0,0.0,5.0,368.0,109.0,66.0,95.815796,9180.667,6.0,0.0,2.0,793.0,7.0,842.0,8.0,7.0,8.0,793.0,842.0,0.0
0.0,1e-06,5e-07,0.0,0.0,96.0,1.0,1e+06,28.0,0.0,0.0,0.0,0.0,0.0,0.0,0.0,96.0,96.0,96.0,0.0,96.0,96.0,0.0,0.0,0.0,53.0,0.0,0.0,0.0,9.6e+07,1.0,0.0,0.0,0.0,0.0,1e+06,0.0,0.0,0.0,0.0,0.0,0.0,0.0,0.0,0.0,0.0,0.0,0.0,0.0,0.0,0.0,0.0,1e-06,5e-07,0.0,0.0,0.0,96.0,96.0,96.0,0.0,0.0,17.0,0.0,0.0,96.0,1.0,0.0,0.0,1.0,0.0,96.0,0.0,0.0
0.0,1e-06,5e-07,0.0,0.0,60.0,0.0,0.0,28.0,0.0,0.0,0.0,0.0,0.0,0.0,0.0,60.0,60.0,60.0,0.0,0.0,60.0,0.0,0.0,0.0,50780.0,0.0,0.0,0.0,6e+07,1.0,0.0,0.0,0.0,0.0,1e+06,0.0,0.0,0.0,0.0,0.0,0.0,0.0,0.0,0.0,0.0,0.0,0.0,0.0,0.0,0.0,0.0,1e-06,5e-07,0.0,0.0,0.0,60.0,60.0,60.0,0.0,0.0,17.0,0.0,0.0,60.0,1.0,0.0,0.0,1.0,0.0,60.0,0.0,0.0
9.0,5.005871,2.5029354,0.0,0.0,316.7,1.3333334,0.5992963,160.0,3.986899e+06,1.6681328e+06,15974.045,1.6882605e+06,5.004398e+06,65535.0,0.0,74.0,68.0,66.0,3.4641016,90.666664,68.0,0.0,0.0,0.09395509,9092.0,0.0,2.0,65535.0,632.6571,5.005871e+06,3.986359e+06,556207.9,341.177,1.2520769e+06,1.9976543,2.0,0.5992963,240.0,3.9867e+06,1.0011742e+06,1119.1368,1.5417761e+06,5.005871e+06,2.0,2288.0,482.5,66.0,813.3137,965.0,482.5,0.0,5.005871,2.5029354,0.0,0.0,2.0,2288.0,316.7,66.0,661.9115,438126.8,6.0,0.0,2.0,272.0,4.0,2895.0,6.0,4.0,6.0,272.0,2895.0,0.0
83.0,8410.6875,4205.3438,0.0,0.0,437.23914,5.111111,0.001070067,1840.0,2.4507814e+09,1.8690418e+08,0.0,5.521756e+08,8.410688e+09,65535.0,9.0,560.0,133.86957,66.0,136.57831,684.2222,133.86957,0.0,0.0,0.18075614,60766.0,0.0,18.0,65535.0,4.7827244,8.410688e+09,2.4507814e+09,9.2425144e+07,0.0,3.9938195e+08,0.010938463,5.111111,0.001070067,1840.0,2.4507814e+09,1.8690418e+08,50.0679,5.521756e+08,8.410688e+09,10.0,3506.0,740.6087,66.0,1338.5397,3785.3333,740.6087,0.0,8410.6875,4205.3438,0.0,0.0,19.0,3506.0,437.23914,66.0,998.6011,997204.2,6.0,0.0,18.0,6158.0,46.0,34068.0,46.0,46.0,46.0,6158.0,34068.0,0.0
1.0,0.00050807,0.000254035,0.0,0.0,67.0,0.0,40.0,0.0,0.0,0.0,0.0,0.0,0.0,65535.0,0.0,74.0,74.0,74.0,0.0,0.0,74.0,0.0,0.0,1.2333333,48662.0,0.0,0.0,65535.0,263743.2,508.0,508.07,508.07,508.07,0.0,3936.4656,0.0,40.0,0.0,0.0,0.0,0.0,0.0,0.0,0.0,60.0,60.0,60.0,0.0,0.0,60.0,0.0,0.00050807,0.000254035,0.0,0.0,0.0,74.0,67.0,60.0,9.899495,98.0,6.0,1.0,1.0,74.0,1.0,60.0,1.0,1.0,1.0,74.0,60.0,0.0
0.0,1e-06,5e-07,0.0,0.0,93.0,0.0,0.0,0.0,0.0,0.0,0.0,0.0,0.0,0.0,0.0,0.0,0.0,0.0,0.0,0.0,0.0,0.0,0.0,0.0,53.0,0.0,0.0,0.0,9.3e+07,1.0,0.0,0.0,0.0,0.0,1e+06,1.0,1e+06,28.0,0.0,0.0,0.0,0.0,0.0,0.0,93.0,93.0,93.0,0.0,93.0,93.0,0.0,1e-06,5e-07,0.0,0.0,0.0,93.0,93.0,93.0,0.0,0.0,17.0,0.0,0.0,0.0,0.0,93.0,1.0,0.0,1.0,0.0,93.0,0.0
0.0,1e-06,5e-07,0.0,0.0,102.0,1.0,1e+06,28.0,0.0,0.0,0.0,0.0,0.0,0.0,0.0,102.0,102.0,102.0,0.0,102.0,102.0,0.0,0.0,0.0,53.0,0.0,0.0,0.0,1.02e+08,1.0,0.0,0.0,0.0,0.0,1e+06,0.0,0.0,0.0,0.0,0.0,0.0,0.0,0.0,0.0,0.0,0.0,0.0,0.0,0.0,0.0,0.0,1e-06,5e-07,0.0,0.0,0.0,102.0,102.0,102.0,0.0,0.0,17.0,0.0,0.0,102.0,1.0,0.0,0.0,1.0,0.0,102.0,0.0,0.0
1.0,7.200241e-05,3.6001205e-05,0.0,0.0,57.0,1.0,13888.424,40.0,0.0,0.0,0.0,0.0,0.0,65535.0,0.0,60.0,60.0,60.0,0.0,60.0,60.0,0.0,0.0,1.1111112,2559.0,0.0,0.0,65535.0,1.5832804e+06,72.0,72.00241,72.00241,72.00241,0.0,27776.848,1.0,13888.424,40.0,0.0,0.0,0.0,0.0,0.0,0.0,54.0,54.0,54.0,0.0,54.0,54.0,0.0,7.200241e-05,3.6001205e-05,0.0,0.0,0.0,60.0,57.0,54.0,3.0,9.0,6.0,1.0,1.0,60.0,1.0,54.0,1.0,1.0,1.0,60.0,54.0,0.0
1.0,2.503395e-05,1.2516975e-05,0.0,0.0,64.0,1.0,39945.754,40.0,0.0,0.0,0.0,0.0,0.0,65535.0,0.0,74.0,74.0,74.0,0.0,74.0,74.0,0.0,0.0,1.3703704,39484.0,0.0,0.0,65535.0,5.1130565e+06,25.0,25.03395,25.03395,25.03395,0.0,79891.51,1.0,39945.754,40.0,0.0,0.0,0.0,0.0,0.0,0.0,54.0,54.0,54.0,0.0,54.0,54.0,0.0,2.503395e-05,1.2516975e-05,0.0,0.0,0.0,74.0,64.0,54.0,10.0,100.0,6.0,1.0,1.0,74.0,1.0,54.0,1.0,1.0,1.0,74.0,54.0,0.0
0.0,10.000587,5.0002937,0.0,0.0,111.0,1.0,0.09999413,28.0,0.0,0.0,0.0,0.0,0.0,0.0,0.0,103.0,103.0,103.0,0.0,103.0,103.0,0.0,0.0,0.8655462,44826.0,0.0,0.0,0.0,22.198696,1.0000586e+07,1.0000587e+07,1.0000587e+07,1.0000587e+07,0.0,0.19998826,1.0,0.09999413,28.0,0.0,0.0,0.0,0.0,0.0,0.0,119.0,119.0,119.0,0.0,119.0,119.0,0.0,10.000587,5.0002937,0.0,0.0,0.0,119.0,111.0,103.0,8.0,64.0,17.0,0.0,0.0,103.0,1.0,119.0,1.0,1.0,1.0,103.0,119.0,0.0
0.0,0.06904793,0.034523964,0.0,0.0,60.0,0.0,0.0,56.0,69047.93,69047.93,69047.93,0.0,69047.93,0.0,0.0,60.0,60.0,60.0,0.0,0.0,60.0,0.0,0.0,0.0,43286.0,0.0,0.0,0.0,1737.9232,69047.0,69047.93,69047.93,69047.93,0.0,28.965387,0.0,0.0,0.0,0.0,0.0,0.0,0.0,0.0,0.0,0.0,0.0,0.0,0.0,0.0,0.0,0.0,0.06904793,0.034523964,0.0,0.0,0.0,60.0,60.0,60.0,0.0,0.0,17.0,0.0,0.0,120.0,2.0,0.0,0.0,2.0,0.0,120.0,0.0,0.0
7.0,53.692318,26.846159,0.0,0.0,58.0,0.0,0.0,0.0,0.0,0.0,0.0,0.0,0.0,0.0,0.0,0.0,0.0,0.0,0.0,0.0,0.0,0.0,0.0,0.0,65075.0,0.0,0.0,65535.0,7.561603,5.3692316e+07,3.9311344e+07,8.94872e+06,134.94492,1.5168765e+07,0.13037246,0.0,0.0,280.0,3.9311344e+07,8.94872e+06,134.94492,1.5168765e+07,5.3692316e+07,0.0,58.0,58.0,58.0,0.0,0.0,58.0,0.0,53.692318,26.846159,0.0,0.0,0.0,58.0,58.0,58.0,0.0,0.0,6.0,0.0,7.0,0.0,0.0,406.0,7.0,0.0,7.0,0.0,406.0,0.0
0.0,7.443939,3.7219696,0.0,0.0,60.0,0.0,0.0,0.0,0.0,0.0,0.0,0.0,0.0,0.0,0.0,0.0,0.0,0.0,0.0,0.0,0.0,0.0,0.0,0.0,80.0,0.0,0.0,65535.0,24.180746,7.443938e+06,7.443938e+06,3.7219695e+06,1.1920929,5.263658e+06,0.40301242,0.0,0.0,120.0,7.443938e+06,3.7219695e+06,1.1920929,5.263658e+06,7.443939e+06,0.0,60.0,60.0,60.0,0.0,0.0,60.0,0.0,7.443939,3.7219696,0.0,0.0,0.0,60.0,60.0,60.0,0.0,0.0,6.0,0.0,3.0,0.0,0.0,180.0,3.0,0.0,3.0,0.0,180.0,0.0
9.0,0.007324934,0.003662467,0.0,0.0,150.6,5.0,136.52,200.0,4792.9287,1826.5248,307.08313,1776.6315,7306.099,65535.0,1.0,889.0,232.2,66.0,328.4146,1161.0,232.2,0.0,0.0,3.3652174,37987.0,0.0,2.0,65535.0,205599.12,7324.0,4792.9287,813.88153,15.974045,1456.2656,1365.2001,5.0,136.52,200.0,5110.0254,1827.24,77.0092,2021.9202,7308.96,1.0,74.0,69.0,66.0,3.6878178,345.0,69.0,0.0,0.007324934,0.003662467,0.0,0.0,2.0,889.0,150.6,66.0,246.15735,60593.44,6.0,0.0,2.0,1161.0,5.0,345.0,5.0,5.0,5.0,1161.0,345.0,0.0
1.0,0.00015211105,7.605553e-05,0.0,0.0,67.0,1.0,6574.144,40.0,0.0,0.0,0.0,0.0,0.0,65535.0,0.0,74.0,74.0,74.0,0.0,74.0,74.0,0.0,0.0,1.2333333,54460.0,0.0,0.0,65535.0,880935.3,152.0,152.11105,152.11105,152.11105,0.0,13148.288,1.0,6574.144,40.0,0.0,0.0,0.0,0.0,0.0,0.0,60.0,60.0,60.0,0.0,60.0,60.0,0.0,0.00015211105,7.605553e-05,0.0,0.0,0.0,74.0,67.0,60.0,7.0,49.0,6.0,1.0,1.0,74.0,1.0,60.0,1.0,1.0,1.0,74.0,60.0,0.0
13.0,0.07831812,0.03915906,0.0,0.0,76.57143,8.0,12.768437,320.0,45897.008,11188.303,1093.1492,14658.779,78318.12,65535.0,2.0,77.0,69.375,66.0,4.442339,555.0,69.375,0.0,0.0,1.073501,53038.0,0.0,2.0,65535.0,13687.765,78318.0,44457.195,6024.4707,0.0,11425.112,178.75812,6.0,12.768437,240.0,52072.047,15123.605,661.85,18732.127,75618.03,3.0,151.0,86.166664,66.0,29.605274,517.0,86.166664,0.0,0.07831812,0.03915906,0.0,0.0,5.0,151.0,76.57143,66.0,21.3532,455.9592,6.0,0.0,2.0,555.0,8.0,517.0,6.0,8.0,6.0,555.0,517.0,0.0
0.0,1e-06,5e-07,0.0,0.0,93.0,0.0,0.0,0.0,0.0,0.0,0.0,0.0,0.0,0.0,0.0,0.0,0.0,0.0,0.0,0.0,0.0,0.0,0.0,0.0,53.0,0.0,0.0,0.0,9.3e+07,1.0,0.0,0.0,0.0,0.0,1e+06,1.0,1e+06,28.0,0.0,0.0,0.0,0.0,0.0,0.0,93.0,93.0,93.0,0.0,93.0,93.0,0.0,1e-06,5e-07,0.0,0.0,0.0,93.0,93.0,93.0,0.0,0.0,17.0,0.0,0.0,0.0,0.0,93.0,1.0,0.0,1.0,0.0,93.0,0.0
11.0,0.0047490597,0.0023745298,0.0,0.0,1327.25,7.0,210.568,280.0,3109.932,791.50995,0.0,1080.3507,4749.0596,65535.0,1.0,4012.0,630.8571,66.0,1380.3485,4416.0,630.8571,0.0,0.0,0.38363305,48053.0,0.0,2.0,65535.0,3.3537165e+06,4749.0,3109.932,431.7327,0.0,871.795,2526.816,5.0,210.568,200.0,3301.859,1094.7585,0.0,1295.8127,4379.034,2.0,7306.0,2302.2,66.0,2928.59,11511.0,2302.2,0.0,0.0047490597,0.0023745298,0.0,0.0,3.0,7306.0,1327.25,66.0,2316.0332,5.3640095e+06,6.0,0.0,2.0,4416.0,7.0,11511.0,5.0,7.0,5.0,4416.0,11511.0,0.0
7.0,4.996993,2.4984965,0.0,0.0,72.25,1.5,0.4002407,120.0,4.996335e+06,2.4983635e+06,391.96014,2.4979715e+06,4.996727e+06,65535.0,0.0,74.0,68.666664,66.0,3.7712362,103.0,68.666664,0.0,0.0,0.55376345,110.0,0.0,2.0,65535.0,115.66956,4.996993e+06,4.995683e+06,713856.1,12.159348,1.7480486e+06,1.6009628,2.5,0.4002407,200.0,4.996e+06,1.2492482e+06,35.04753,2.1631882e+06,4.996993e+06,1.0,100.0,74.4,66.0,13.169662,186.0,74.4,0.0,4.996993,2.4984965,0.0,0.0,1.0,100.0,72.25,66.0,11.019869,121.4375,6.0,0.0,2.0,206.0,3.0,372.0,5.0,3.0,5.0,206.0,372.0,0.0
0.0,1e-06,5e-07,0.0,0.0,60.0,1.0,1e+06,40.0,0.0,0.0,0.0,0.0,0.0,65535.0,0.0,60.0,60.0,60.0,0.0,60.0,60.0,0.0,0.0,0.0,44804.0,0.0,0.0,0.0,6e+07,1.0,0.0,0.0,0.0,0.0,1e+06,0.0,0.0,0.0,0.0,0.0,0.0,0.0,0.0,0.0,0.0,0.0,0.0,0.0,0.0,0.0,0.0,1e-06,5e-07,0.0,0.0,0.0,60.0,60.0,60.0,0.0,0.0,6.0,1.0,0.0,60.0,1.0,0.0,0.0,1.0,0.0,60.0,0.0,0.0
0.0,0.00025606155,0.00012803078,0.0,0.0,141.0,1.0,3905.311,28.0,0.0,0.0,0.0,0.0,0.0,0.0,0.0,108.0,108.0,108.0,0.0,108.0,108.0,0.0,0.0,0.62068963,51851.0,0.0,0.0,0.0,1.1012978e+06,256.0,256.06155,256.06155,256.06155,0.0,7810.622,1.0,3905.311,28.0,0.0,0.0,0.0,0.0,0.0,0.0,174.0,174.0,174.0,0.0,174.0,174.0,0.0,0.00025606155,0.00012803078,0.0,0.0,0.0,174.0,141.0,108.0,33.0,1089.0,17.0,0.0,0.0,108.0,1.0,174.0,1.0,1.0,1.0,108.0,174.0,0.0
9.0,0.0017650127,0.00088250637,0.0,0.0,109.5,0.0,200.0,0.0,820.8752,433.50458,0.0,336.87143,1734.0183,65535.0,1.0,286.0,111.6,66.0,97.554085,0.0,111.6,0.0,0.0,1.0391061,42240.0,0.0,2.0,65535.0,620392.1,1765.0,820.8752,196.11253,0.0,270.9506,5665.6816,0.0,200.0,0.0,1110.7921,436.2464,92.02957,473.8526,1744.9856,1.0,265.0,107.4,66.0,88.16916,0.0,107.4,0.0,0.0017650127,0.00088250637,0.0,0.0,2.0,286.0,109.5,66.0,87.69043,7689.6113,6.0,0.0,2.0,558.0,5.0,537.0,5.0,5.0,5.0,558.0,537.0,0.0
63.0,2313.2122,1156.6061,0.0,0.0,122.02857,6.0,0.0030260952,1680.0,7.17551e+08,5.641981e+07,0.0,1.6433582e+08,2.3132122e+09,65535.0,7.0,263.0,93.54762,66.0,58.66905,561.2857,93.54762,0.0,0.0,0.8517234,43248.0,0.0,14.0,65535.0,3.6927006,2.3132122e+09,7.17551e+08,3.3524814e+07,0.0,1.296717e+08,0.03026095,4.0,0.0030260952,1120.0,7.175512e+08,8.567449e+07,188.11226,1.9622227e+08,2.3132111e+09,7.0,453.0,164.75,66.0,166.45326,659.0,164.75,0.0,2313.2122,1156.6061,0.0,0.0,14.0,453.0,122.02857,66.0,119.852646,14364.656,6.0,0.0,14.0,3929.0,42.0,4613.0,28.0,42.0,28.0,3929.0,4613.0,0.0
1.0,1e-06,5e-07,0.0,0.0,58.0,0.0,0.0,0.0,0.0,0.0,0.0,0.0,0.0,0.0,0.0,0.0,0.0,0.0,0.0,0.0,0.0,0.0,0.0,0.0,64502.0,0.0,0.0,65535.0,5.8e+07,1.0,0.0,0.0,0.0,0.0,1e+06,0.0,0.0,40.0,0.0,0.0,0.0,0.0,0.0,0.0,58.0,58.0,58.0,0.0,0.0,58.0,0.0,1e-06,5e-07,0.0,0.0,0.0,58.0,58.0,58.0,0.0,0.0,6.0,0.0,1.0,0.0,0.0,58.0,1.0,0.0,1.0,0.0,58.0,0.0
38.0,3542.3584,1771.1792,0.0,0.0,422.4524,5.25,0.0011291913,840.0,2.795379e+09,1.7711792e+08,160.93254,6.1390355e+08,3.5423583e+09,65535.0,4.0,407.0,122.14286,66.0,112.83755,641.25,122.14286,0.0,0.0,0.16899459,44286.0,0.0,8.0,65535.0,5.00881,3.5423583e+09,2.795379e+09,8.6398984e+07,11.920929,4.378136e+08,0.011856508,5.25,0.0011291913,840.0,2.795379e+09,1.7711792e+08,35.04753,6.1390355e+08,3.5423583e+09,5.0,3506.0,722.7619,66.0,1293.3115,3794.5,722.7619,0.0,3542.3584,1771.1792,0.0,0.0,9.0,3506.0,422.4524,66.0,965.85675,932879.3,6.0,0.0,8.0,2565.0,21.0,15178.0,21.0,21.0,21.0,2565.0,15178.0,0.0
9.0,0.0019669533,0.0009834766,0.0,0.0,110.2,5.0,508.40048,200.0,1235.0083,488.28125,0.0,521.35944,1953.125,65535.0,1.0,273.0,109.0,66.0,82.05852,545.0,109.0,0.0,0.0,0.978456,52918.0,0.0,2.0,65535.0,560257.3,1966.0,672.102,218.55037,0.0,256.7425,5084.005,5.0,508.40048,200.0,730.0377,480.23462,133.03757,217.79967,1920.9385,2.0,249.0,111.4,66.0,70.06168,557.0,111.4,0.0,0.0019669533,0.0009834766,0.0,0.0,3.0,273.0,110.2,66.0,76.3057,5822.56,6.0,0.0,2.0,545.0,5.0,557.0,5.0,5.0,5.0,545.0,557.0,0.0
1.0,5.2928925e-05,2.6464462e-05,0.0,0.0,64.0,1.0,18893.262,40.0,0.0,0.0,0.0,0.0,0.0,65535.0,0.0,74.0,74.0,74.0,0.0,74.0,74.0,0.0,0.0,1.3703704,41517.0,0.0,0.0,65535.0,2.4183375e+06,52.0,52.928925,52.928925,52.928925,0.0,37786.523,1.0,18893.262,40.0,0.0,0.0,0.0,0.0,0.0,0.0,54.0,54.0,54.0,0.0,54.0,54.0,0.0,5.2928925e-05,2.6464462e-05,0.0,0.0,0.0,74.0,64.0,54.0,10.0,100.0,6.0,1.0,1.0,74.0,1.0,54.0,1.0,1.0,1.0,74.0,54.0,0.0
28.0,4669.9087,2334.9543,0.0,0.0,73.2,5.5,0.00085654773,880.0,2.6889408e+09,2.223766e+08,0.0,6.273292e+08,4.669909e+09,65535.0,4.0,92.0,70.0,60.0,11.4732895,385.0,70.0,0.0,0.0,1.1095101,22.0,0.0,4.0,65535.0,0.62699294,4.669909e+09,2.6889405e+09,1.19741256e+08,0.0,4.734943e+08,0.008565478,4.5,0.00085654773,720.0,2.6889405e+09,2.7470045e+08,0.0,6.8685274e+08,4.669908e+09,4.0,108.0,77.111115,66.0,16.81563,347.0,77.111115,0.0,4669.9087,2334.9543,0.0,0.0,8.0,108.0,73.2,60.0,14.565713,212.16,6.0,10.0,8.0,1540.0,22.0,1388.0,18.0,22.0,18.0,1540.0,1388.0,0.0
0.0,1e-06,5e-07,0.0,0.0,60.0,0.0,0.0,28.0,0.0,0.0,0.0,0.0,0.0,0.0,0.0,60.0,60.0,60.0,0.0,0.0,60.0,0.0,0.0,0.0,29578.0,0.0,0.0,0.0,6e+07,1.0,0.0,0.0,0.0,0.0,1e+06,0.0,0.0,0.0,0.0,0.0,0.0,0.0,0.0,0.0,0.0,0.0,0.0,0.0,0.0,0.0,0.0,1e-06,5e-07,0.0,0.0,0.0,60.0,60.0,60.0,0.0,0.0,17.0,0.0,0.0,60.0,1.0,0.0,0.0,1.0,0.0,60.0,0.0,0.0
1.0,1e-06,5e-07,0.0,0.0,60.0,1.0,1e+06,40.0,0.0,0.0,0.0,0.0,0.0,65535.0,0.0,60.0,60.0,60.0,0.0,60.0,60.0,0.0,0.0,1.0,2734.0,0.0,0.0,65535.0,1.2e+08,1.0,0.0,0.0,0.0,0.0,2e+06,1.0,1e+06,40.0,0.0,0.0,0.0,0.0,0.0,0.0,60.0,60.0,60.0,0.0,60.0,60.0,0.0,1e-06,5e-07,0.0,0.0,0.0,60.0,60.0,60.0,0.0,0.0,6.0,1.0,1.0,60.0,1.0,60.0,1.0,1.0,1.0,60.0,60.0,0.0
0.0,1e-06,5e-07,0.0,0.0,60.0,0.0,0.0,0.0,0.0,0.0,0.0,0.0,0.0,0.0,0.0,0.0,0.0,0.0,0.0,0.0,0.0,0.0,0.0,0.0,366.0,0.0,0.0,65535.0,6e+07,1.0,0.0,0.0,0.0,0.0,1e+06,0.0,0.0,40.0,0.0,0.0,0.0,0.0,0.0,0.0,60.0,60.0,60.0,0.0,0.0,60.0,0.0,1e-06,5e-07,0.0,0.0,0.0,60.0,60.0,60.0,0.0,0.0,6.0,0.0,1.0,0.0,0.0,60.0,1.0,0.0,1.0,0.0,60.0,0.0
0.0,2259.9475,1129.9738,0.0,0.0,178.25,1.0,0.0008849763,56.0,2.2597783e+09,2.2597783e+09,2.2597783e+09,0.0,2.2597783e+09,0.0,0.0,225.0,224.0,223.0,1.0,224.0,224.0,0.0,0.0,1.6905661,53.0,0.0,0.0,0.0,0.31549406,2.2599475e+09,2.2597778e+09,7.5331584e+08,605.1063,1.06522944e+09,0.0017699526,1.0,0.0008849763,56.0,2.259947e+09,2.259947e+09,2.259947e+09,0.0,2.259947e+09,0.0,134.0,132.5,131.0,1.5,132.5,132.5,0.0,2259.9475,1129.9738,0.0,0.0,0.0,225.0,178.25,131.0,45.767757,2094.6875,17.0,0.0,0.0,448.0,2.0,265.0,2.0,2.0,2.0,448.0,265.0,0.0
0.0,0.00029611588,0.00014805794,0.0,0.0,117.0,1.0,3377.0564,28.0,0.0,0.0,0.0,0.0,0.0,0.0,0.0,101.0,101.0,101.0,0.0,101.0,101.0,0.0,0.0,0.7593985,42567.0,0.0,0.0,0.0,790231.2,296.0,296.11588,296.11588,296.11588,0.0,6754.113,1.0,3377.0564,28.0,0.0,0.0,0.0,0.0,0.0,0.0,133.0,133.0,133.0,0.0,133.0,133.0,0.0,0.00029611588,0.00014805794,0.0,0.0,0.0,133.0,117.0,101.0,16.0,256.0,17.0,0.0,0.0,101.0,1.0,133.0,1.0,1.0,1.0,101.0,133.0,0.0
0.0,0.005158901,0.0025794506,0.0,0.0,109.0,1.0,193.83972,28.0,0.0,0.0,0.0,0.0,0.0,0.0,0.0,101.0,101.0,101.0,0.0,101.0,101.0,0.0,0.0,0.8632479,50292.0,0.0,0.0,0.0,42257.06,5158.0,5158.9014,5158.9014,5158.9014,0.0,387.67944,1.0,193.83972,28.0,0.0,0.0,0.0,0.0,0.0,0.0,117.0,117.0,117.0,0.0,117.0,117.0,0.0,0.005158901,0.0025794506,0.0,0.0,0.0,117.0,109.0,101.0,8.0,64.0,17.0,0.0,0.0,101.0,1.0,117.0,1.0,1.0,1.0,101.0,117.0,0.0
8.0,0.004384041,0.0021920204,0.0,0.0,178.88889,5.0,228.10007,200.0,2444.9824,1096.0103,242.94853,913.5648,4384.041,65535.0,1.0,583.0,171.0,66.0,206.0233,855.0,171.0,0.0,0.0,1.1324503,37282.0,0.0,1.0,65535.0,367241.1,4384.0,2444.9824,548.0051,9.059906,842.4794,2052.9006,4.0,228.10007,160.0,1646.9956,592.947,36.001205,745.72516,1778.8411,1.0,549.0,188.75,66.0,208.01607,755.0,188.75,0.0,0.004384041,0.0021920204,0.0,0.0,2.0,583.0,178.88889,66.0,207.09924,42890.098,6.0,1.0,2.0,855.0,5.0,755.0,4.0,5.0,4.0,855.0,755.0,0.0
0.0,1e-06,5e-07,0.0,0.0,60.0,0.0,0.0,28.0,0.0,0.0,0.0,0.0,0.0,0.0,0.0,60.0,60.0,60.0,0.0,0.0,60.0,0.0,0.0,0.0,11127.0,0.0,0.0,0.0,6e+07,1.0,0.0,0.0,0.0,0.0,1e+06,0.0,0.0,0.0,0.0,0.0,0.0,0.0,0.0,0.0,0.0,0.0,0.0,0.0,0.0,0.0,0.0,1e-06,5e-07,0.0,0.0,0.0,60.0,60.0,60.0,0.0,0.0,17.0,0.0,0.0,60.0,1.0,0.0,0.0,1.0,0.0,60.0,0.0,0.0
0.0,1e-06,5e-07,0.0,0.0,60.0,0.0,0.0,28.0,0.0,0.0,0.0,0.0,0.0,0.0,0.0,60.0,60.0,60.0,0.0,0.0,60.0,0.0,0.0,0.0,40621.0,0.0,0.0,0.0,6e+07,1.0,0.0,0.0,0.0,0.0,1e+06,0.0,0.0,0.0,0.0,0.0,0.0,0.0,0.0,0.0,0.0,0.0,0.0,0.0,0.0,0.0,0.0,1e-06,5e-07,0.0,0.0,0.0,60.0,60.0,60.0,0.0,0.0,17.0,0.0,0.0,60.0,1.0,0.0,0.0,1.0,0.0,60.0,0.0,0.0
0.0,1e-06,5e-07,0.0,0.0,102.0,1.0,1e+06,28.0,0.0,0.0,0.0,0.0,0.0,0.0,0.0,102.0,102.0,102.0,0.0,102.0,102.0,0.0,0.0,0.0,53.0,0.0,0.0,0.0,1.02e+08,1.0,0.0,0.0,0.0,0.0,1e+06,0.0,0.0,0.0,0.0,0.0,0.0,0.0,0.0,0.0,0.0,0.0,0.0,0.0,0.0,0.0,0.0,1e-06,5e-07,0.0,0.0,0.0,102.0,102.0,102.0,0.0,0.0,17.0,0.0,0.0,102.0,1.0,0.0,0.0,1.0,0.0,102.0,0.0,0.0
2.0,38.47698,19.23849,0.0,0.0,58.0,0.0,0.0,0.0,0.0,0.0,0.0,0.0,0.0,0.0,0.0,0.0,0.0,0.0,0.0,0.0,0.0,0.0,0.0,0.0,33502.0,0.0,0.0,65535.0,3.0147898,3.8476976e+07,3.8476976e+07,3.8476976e+07,3.8476976e+07,0.0,0.051979136,0.0,0.0,80.0,3.8476976e+07,3.8476976e+07,3.8476976e+07,0.0,3.8476976e+07,0.0,58.0,58.0,58.0,0.0,0.0,58.0,0.0,38.47698,19.23849,0.0,0.0,0.0,58.0,58.0,58.0,0.0,0.0,6.0,0.0,2.0,0.0,0.0,116.0,2.0,0.0,2.0,0.0,116.0,0.0
0.0,0.0014929771,0.0007464886,0.0,0.0,187.5,1.0,669.8026,28.0,0.0,0.0,0.0,0.0,0.0,0.0,0.0,242.0,242.0,242.0,0.0,242.0,242.0,0.0,0.0,1.8195488,53.0,0.0,0.0,0.0,251175.98,1492.0,1492.9772,1492.9772,1492.9772,0.0,1339.6052,1.0,669.8026,28.0,0.0,0.0,0.0,0.0,0.0,0.0,133.0,133.0,133.0,0.0,133.0,133.0,0.0,0.0014929771,0.0007464886,0.0,0.0,0.0,242.0,187.5,133.0,54.5,2970.25,17.0,0.0,0.0,242.0,1.0,133.0,1.0,1.0,1.0,242.0,133.0,0.0
1.0,3.9100647e-05,1.9550323e-05,0.0,0.0,57.0,1.0,25575.023,40.0,0.0,0.0,0.0,0.0,0.0,65535.0,0.0,60.0,60.0,60.0,0.0,60.0,60.0,0.0,0.0,1.1111112,2056.0,0.0,0.0,65535.0,2.9155528e+06,39.0,39.100647,39.100647,39.100647,0.0,51150.047,1.0,25575.023,40.0,0.0,0.0,0.0,0.0,0.0,0.0,54.0,54.0,54.0,0.0,54.0,54.0,0.0,3.9100647e-05,1.9550323e-05,0.0,0.0,0.0,60.0,57.0,54.0,3.0,9.0,6.0,1.0,1.0,60.0,1.0,54.0,1.0,1.0,1.0,60.0,54.0,0.0
0.0,1e-06,5e-07,0.0,0.0,60.0,0.0,0.0,28.0,0.0,0.0,0.0,0.0,0.0,0.0,0.0,60.0,60.0,60.0,0.0,0.0,60.0,0.0,0.0,0.0,31551.0,0.0,0.0,0.0,6e+07,1.0,0.0,0.0,0.0,0.0,1e+06,0.0,0.0,0.0,0.0,0.0,0.0,0.0,0.0,0.0,0.0,0.0,0.0,0.0,0.0,0.0,0.0,1e-06,5e-07,0.0,0.0,0.0,60.0,60.0,60.0,0.0,0.0,17.0,0.0,0.0,60.0,1.0,0.0,0.0,1.0,0.0,60.0,0.0,0.0
9.0,0.0016839504,0.0008419752,0.0,0.0,109.8,5.0,593.84174,200.0,823.02094,419.7359,247.00165,234.76237,1678.9436,65535.0,1.0,269.0,108.2,66.0,80.45968,541.0,108.2,0.0,0.0,0.9712747,46644.0,0.0,2.0,65535.0,652038.2,1683.0,475.1682,187.1056,5.00679,148.92722,5938.417,5.0,593.84174,200.0,573.87354,418.48422,161.88622,154.25943,1673.9369,2.0,249.0,111.4,66.0,70.06168,557.0,111.4,0.0,0.0016839504,0.0008419752,0.0,0.0,3.0,269.0,109.8,66.0,75.45701,5693.76,6.0,0.0,2.0,541.0,5.0,557.0,5.0,5.0,5.0,541.0,557.0,0.0
0.0,10.003545,5.0017724,0.0,0.0,109.0,1.0,0.09996456,28.0,0.0,0.0,0.0,0.0,0.0,0.0,0.0,101.0,101.0,101.0,0.0,101.0,101.0,0.0,0.0,0.8632479,46012.0,0.0,0.0,0.0,21.792274,1.0003545e+07,1.0003545e+07,1.0003545e+07,1.0003545e+07,0.0,0.19992912,1.0,0.09996456,28.0,0.0,0.0,0.0,0.0,0.0,0.0,117.0,117.0,117.0,0.0,117.0,117.0,0.0,10.003545,5.0017724,0.0,0.0,0.0,117.0,109.0,101.0,8.0,64.0,17.0,0.0,0.0,101.0,1.0,117.0,1.0,1.0,1.0,101.0,117.0,0.0
0.0,4.334756,2.167378,0.0,0.0,60.0,0.0,0.0,0.0,0.0,0.0,0.0,0.0,0.0,0.0,0.0,0.0,0.0,0.0,0.0,0.0,0.0,0.0,0.0,0.0,80.0,0.0,0.0,65535.0,27.683218,4.334756e+06,4.334756e+06,4.334756e+06,4.334756e+06,0.0,0.46138698,0.0,0.0,80.0,4.334756e+06,4.334756e+06,4.334756e+06,0.0,4.334756e+06,0.0,60.0,60.0,60.0,0.0,0.0,60.0,0.0,4.334756,2.167378,0.0,0.0,0.0,60.0,60.0,60.0,0.0,0.0,6.0,0.0,2.0,0.0,0.0,120.0,2.0,0.0,2.0,0.0,120.0,0.0
1.0,0.00042200089,0.00021100044,0.0,0.0,67.0,0.0,0.0,40.0,0.0,0.0,0.0,0.0,0.0,65535.0,0.0,74.0,74.0,74.0,0.0,0.0,74.0,0.0,0.0,1.2333333,39519.0,0.0,0.0,65535.0,317534.88,422.0,422.0009,422.0009,422.0009,0.0,4739.3267,0.0,0.0,40.0,0.0,0.0,0.0,0.0,0.0,0.0,60.0,60.0,60.0,0.0,0.0,60.0,0.0,0.00042200089,0.00021100044,0.0,0.0,0.0,74.0,67.0,60.0,9.899495,98.0,6.0,1.0,1.0,74.0,1.0,60.0,1.0,1.0,1.0,74.0,60.0,0.0
0.0,1e-06,5e-07,0.0,0.0,60.0,1.0,1e+06,40.0,0.0,0.0,0.0,0.0,0.0,65535.0,0.0,60.0,60.0,60.0,0.0,60.0,60.0,0.0,0.0,0.0,8894.0,0.0,0.0,0.0,6e+07,1.0,0.0,0.0,0.0,0.0,1e+06,0.0,0.0,0.0,0.0,0.0,0.0,0.0,0.0,0.0,0.0,0.0,0.0,0.0,0.0,0.0,0.0,1e-06,5e-07,0.0,0.0,0.0,60.0,60.0,60.0,0.0,0.0,6.0,0.0,1.0,60.0,1.0,0.0,0.0,1.0,0.0,60.0,0.0,0.0
0.0,0.00038599968,0.00019299984,0.0,0.0,141.5,1.0,2590.6758,28.0,0.0,0.0,0.0,0.0,0.0,0.0,0.0,105.0,105.0,105.0,0.0,105.0,105.0,0.0,0.0,0.5898876,59485.0,0.0,0.0,0.0,733161.25,385.0,385.9997,385.9997,385.9997,0.0,5181.3516,1.0,2590.6758,28.0,0.0,0.0,0.0,0.0,0.0,0.0,178.0,178.0,178.0,0.0,178.0,178.0,0.0,0.00038599968,0.00019299984,0.0,0.0,0.0,178.0,141.5,105.0,36.5,1332.25,17.0,0.0,0.0,105.0,1.0,178.0,1.0,1.0,1.0,105.0,178.0,0.0
13.0,2.8810482,1.4405241,0.0,0.0,74.14286,3.5,0.6941918,280.0,2.858667e+06,480174.7,850.2007,1.063702e+06,2.8810482e+06,65535.0,2.0,77.0,70.28571,66.0,5.0345745,246.0,70.28571,0.0,0.0,0.9010989,41764.0,0.0,2.0,65535.0,360.28552,2.881048e+06,2.795451e+06,221619.1,25.03395,743106.0,4.8593426,3.5,0.6941918,280.0,2.795451e+06,480062.66,282.0492,1.0356008e+06,2.8803758e+06,3.0,100.0,78.0,66.0,12.512851,273.0,78.0,0.0,2.8810482,1.4405241,0.0,0.0,5.0,100.0,74.14286,66.0,10.287698,105.83673,6.0,0.0,2.0,492.0,7.0,546.0,7.0,7.0,7.0,492.0,546.0,0.0
0.0,0.0004620552,0.0002310276,0.0,0.0,141.0,1.0,2164.2437,28.0,0.0,0.0,0.0,0.0,0.0,0.0,0.0,108.0,108.0,108.0,0.0,108.0,108.0,0.0,0.0,0.62068963,52432.0,0.0,0.0,0.0,610316.7,462.0,462.0552,462.0552,462.0552,0.0,4328.4873,1.0,2164.2437,28.0,0.0,0.0,0.0,0.0,0.0,0.0,174.0,174.0,174.0,0.0,174.0,174.0,0.0,0.0004620552,0.0002310276,0.0,0.0,0.0,174.0,141.0,108.0,33.0,1089.0,17.0,0.0,0.0,108.0,1.0,174.0,1.0,1.0,1.0,108.0,174.0,0.0
0.0,25.72222,12.86111,0.0,0.0,60.0,0.0,0.0,0.0,0.0,0.0,0.0,0.0,0.0,0.0,0.0,0.0,0.0,0.0,0.0,0.0,0.0,0.0,0.0,0.0,80.0,0.0,0.0,65535.0,18.66091,2.572222e+07,7.953119e+06,3.6746028e+06,416223.06,2.743567e+06,0.31101516,0.0,0.0,320.0,7.953119e+06,3.6746028e+06,416223.06,2.743567e+06,2.572222e+07,0.0,60.0,60.0,60.0,0.0,0.0,60.0,0.0,25.72222,12.86111,0.0,0.0,0.0,60.0,60.0,60.0,0.0,0.0,6.0,1.0,7.0,0.0,0.0,480.0,8.0,0.0,8.0,0.0,480.0,0.0
13.0,3.3785162,1.6892581,0.0,0.0,72.4375,4.0,0.59197587,320.0,3.008715e+06,482645.16,0.0,1.03893094e+06,3.3785162e+06,65535.0,2.0,78.0,68.375,60.0,6.6696606,273.5,68.375,0.0,0.0,0.89379084,44414.0,0.0,2.0,65535.0,343.05002,3.378516e+06,2.9655258e+06,225234.4,0.0,736555.94,4.735807,4.0,0.59197587,320.0,3.014373e+06,482545.28,66.99562,1.03912794e+06,3.377817e+06,3.0,100.0,76.5,66.0,12.359207,306.0,76.5,0.0,3.3785162,1.6892581,0.0,0.0,5.0,100.0,72.4375,60.0,10.72945,115.12109,6.0,2.0,2.0,547.0,8.0,612.0,8.0,8.0,8.0,547.0,612.0,0.0
1.0,1e-06,5e-07,0.0,0.0,60.0,0.0,0.0,0.0,0.0,0.0,0.0,0.0,0.0,0.0,0.0,0.0,0.0,0.0,0.0,0.0,0.0,0.0,0.0,0.0,42288.0,0.0,0.0,65535.0,6e+07,1.0,0.0,0.0,0.0,0.0,1e+06,0.0,0.0,40.0,0.0,0.0,0.0,0.0,0.0,0.0,60.0,60.0,60.0,0.0,0.0,60.0,0.0,1e-06,5e-07,0.0,0.0,0.0,60.0,60.0,60.0,0.0,0.0,6.0,1.0,0.0,0.0,0.0,60.0,1.0,0.0,1.0,0.0,60.0,0.0
92.0,8524.781,4262.3906,0.0,0.0,435.68628,5.1,0.0011730507,2040.0,3.7540483e+09,1.7049562e+08,0.0,5.890947e+08,8.524781e+09,65535.0,10.0,427.0,129.29411,66.0,124.99997,659.4,129.29411,0.0,0.0,0.17423241,38172.0,0.0,20.0,65535.0,5.213037,8.524781e+09,3.7540483e+09,8.440377e+07,0.0,4.2316048e+08,0.011965117,5.1,0.0011730507,2040.0,3.7540483e+09,1.7049562e+08,25.03395,5.890947e+08,8.524781e+09,11.0,3506.0,742.0784,66.0,1342.1859,3784.6,742.0784,0.0,8524.781,4262.3906,0.0,0.0,21.0,3506.0,435.68628,66.0,1001.2093,1.0024201e+06,6.0,0.0,20.0,6594.0,51.0,37846.0,51.0,51.0,51.0,6594.0,37846.0,0.0
9.0,0.0071148872,0.0035574436,0.0,0.0,134.8,6.0,140.55037,240.0,5961.895,1422.9774,0.0,2278.855,7114.887,65535.0,1.0,393.0,121.833336,66.0,121.304596,731.0,121.833336,0.0,0.0,1.184765,42808.0,0.0,2.0,65535.0,189461.89,7114.0,5409.956,790.543,0.0,1643.6597,1405.5037,4.0,140.55037,160.0,5409.956,2220.7102,522.1367,2256.734,6662.1304,1.0,411.0,154.25,66.0,148.27066,617.0,154.25,0.0,0.0071148872,0.0035574436,0.0,0.0,2.0,411.0,134.8,66.0,133.69652,17874.76,6.0,0.0,2.0,731.0,6.0,617.0,4.0,6.0,4.0,731.0,617.0,0.0
9.0,0.0043959618,0.0021979809,0.0,0.0,433.1,5.0,227.4815,200.0,1542.0913,1074.7313,208.85468,539.1533,4298.9253,65535.0,1.0,281.0,110.6,66.0,85.25632,553.0,110.6,0.0,0.0,0.14637375,36114.0,0.0,2.0,65535.0,985222.4,4395.0,1542.0913,488.4402,18.119812,523.5501,2274.815,5.0,227.4815,200.0,2078.0564,1092.0167,71.04874,715.16144,4368.067,1.0,3506.0,755.6,66.0,1375.2035,3778.0,755.6,0.0,0.0043959618,0.0021979809,0.0,0.0,2.0,3506.0,433.1,66.0,1026.2714,1.0532329e+06,6.0,0.0,2.0,553.0,5.0,3778.0,5.0,5.0,5.0,553.0,3778.0,0.0
0.0,1e-06,5e-07,0.0,0.0,74.0,0.0,0.0,28.0,0.0,0.0,0.0,0.0,0.0,0.0,0.0,74.0,74.0,74.0,0.0,0.0,74.0,0.0,0.0,0.0,49425.0,0.0,0.0,0.0,7.4e+07,1.0,0.0,0.0,0.0,0.0,1e+06,0.0,0.0,0.0,0.0,0.0,0.0,0.0,0.0,0.0,0.0,0.0,0.0,0.0,0.0,0.0,0.0,1e-06,5e-07,0.0,0.0,0.0,74.0,74.0,74.0,0.0,0.0,17.0,0.0,0.0,74.0,1.0,0.0,0.0,1.0,0.0,74.0,0.0,0.0
1.0,1e-06,5e-07,0.0,0.0,54.0,0.0,0.0,0.0,0.0,0.0,0.0,0.0,0.0,0.0,0.0,0.0,0.0,0.0,0.0,0.0,0.0,0.0,0.0,0.0,48498.0,0.0,0.0,65535.0,5.4e+07,1.0,0.0,0.0,0.0,0.0,1e+06,0.0,0.0,40.0,0.0,0.0,0.0,0.0,0.0,0.0,54.0,54.0,54.0,0.0,0.0,54.0,0.0,1e-06,5e-07,0.0,0.0,0.0,54.0,54.0,54.0,0.0,0.0,6.0,1.0,0.0,0.0,0.0,54.0,1.0,0.0,1.0,0.0,54.0,0.0
0.0,1685.6177,842.80884,0.0,0.0,120.0,0.0,0.0,56.0,1.6856175e+09,1.6856175e+09,1.6856175e+09,0.0,1.6856175e+09,0.0,0.0,94.0,92.0,90.0,2.828427,0.0,92.0,0.0,0.0,0.6216216,44356.0,0.0,0.0,0.0,0.28476208,1.6856178e+09,1.6856172e+09,5.618726e+08,194.07272,9.731914e+08,0.0023730174,0.0,0.0,56.0,1.6856174e+09,1.6856174e+09,1.6856174e+09,0.0,1.6856174e+09,0.0,170.0,148.0,126.0,31.112698,0.0,148.0,0.0,1685.6177,842.80884,0.0,0.0,0.0,170.0,120.0,90.0,37.022514,1370.6666,17.0,0.0,0.0,184.0,2.0,296.0,2.0,2.0,2.0,184.0,296.0,0.0
1.0,1e-06,5e-07,0.0,0.0,67.0,1.0,1e+06,40.0,0.0,0.0,0.0,0.0,0.0,65535.0,0.0,74.0,74.0,74.0,0.0,74.0,74.0,0.0,0.0,1.2333333,50112.0,0.0,0.0,65535.0,1.34e+08,1.0,0.0,0.0,0.0,0.0,2e+06,1.0,1e+06,40.0,0.0,0.0,0.0,0.0,0.0,0.0,60.0,60.0,60.0,0.0,60.0,60.0,0.0,1e-06,5e-07,0.0,0.0,0.0,74.0,67.0,60.0,7.0,49.0,6.0,1.0,1.0,74.0,1.0,60.0,1.0,1.0,1.0,74.0,60.0,0.0
1.0,0.0007791519,0.00038957596,0.0,0.0,67.0,1.0,1283.4468,40.0,0.0,0.0,0.0,0.0,0.0,65535.0,0.0,74.0,74.0,74.0,0.0,74.0,74.0,0.0,0.0,1.2333333,50941.0,0.0,0.0,65535.0,171981.86,779.0,779.1519,779.1519,779.1519,0.0,2566.8936,1.0,1283.4468,40.0,0.0,0.0,0.0,0.0,0.0,0.0,60.0,60.0,60.0,0.0,60.0,60.0,0.0,0.0007791519,0.00038957596,0.0,0.0,0.0,74.0,67.0,60.0,7.0,49.0,6.0,1.0,1.0,74.0,1.0,60.0,1.0,1.0,1.0,74.0,60.0,0.0
9.0,0.004150152,0.002075076,0.0,0.0,89.3,5.0,240.95502,200.0,1698.9708,1036.2864,0.0,663.4126,4145.1455,65535.0,1.0,276.0,109.6,66.0,83.257675,548.0,109.6,0.0,0.0,1.5884058,40377.0,0.0,2.0,65535.0,215172.83,4150.0,1524.9253,461.12802,0.0,505.38855,2409.5503,5.0,240.95502,200.0,1703.9775,994.0267,3.0994415,647.33765,3976.1067,1.0,74.0,69.0,66.0,3.6878178,345.0,69.0,0.0,0.004150152,0.002075076,0.0,0.0,2.0,276.0,89.3,66.0,62.328243,3884.81,6.0,0.0,2.0,548.0,5.0,345.0,5.0,5.0,5.0,548.0,345.0,0.0
0.0,0.0003092289,0.00015461445,0.0,0.0,112.0,0.0,0.0,28.0,0.0,0.0,0.0,0.0,0.0,0.0,0.0,96.0,96.0,96.0,0.0,0.0,96.0,0.0,0.0,0.75,49949.0,0.0,0.0,0.0,724382.5,309.0,309.22888,309.22888,309.22888,0.0,6467.7007,0.0,0.0,28.0,0.0,0.0,0.0,0.0,0.0,0.0,128.0,128.0,128.0,0.0,0.0,128.0,0.0,0.0003092289,0.00015461445,0.0,0.0,0.0,128.0,112.0,96.0,22.627417,512.0,17.0,0.0,0.0,96.0,1.0,128.0,1.0,1.0,1.0,96.0,128.0,0.0
0.0,1e-06,5e-07,0.0,0.0,96.0,1.0,1e+06,28.0,0.0,0.0,0.0,0.0,0.0,0.0,0.0,96.0,96.0,96.0,0.0,96.0,96.0,0.0,0.0,0.0,53.0,0.0,0.0,0.0,9.6e+07,1.0,0.0,0.0,0.0,0.0,1e+06,0.0,0.0,0.0,0.0,0.0,0.0,0.0,0.0,0.0,0.0,0.0,0.0,0.0,0.0,0.0,0.0,1e-06,5e-07,0.0,0.0,0.0,96.0,96.0,96.0,0.0,0.0,17.0,0.0,0.0,96.0,1.0,0.0,0.0,1.0,0.0,96.0,0.0,0.0
21.0,0.065644026,0.032822013,0.0,0.0,225.59091,11.0,15.233679,440.0,42232.992,6564.4023,334.9781,12144.852,65644.02,65535.0,6.0,1634.0,227.54546,66.0,445.2585,2503.0,227.54546,0.0,0.0,1.0174797,49256.0,0.0,2.0,65535.0,75604.75,65644.0,41982.89,3125.906,138.99803,8882.3545,335.14093,11.0,15.233679,440.0,43303.01,6511.903,138.99803,12490.875,65119.027,5.0,1146.0,223.63637,66.0,324.4002,2460.0,223.63637,0.0,0.065644026,0.032822013,0.0,0.0,11.0,1634.0,225.59091,66.0,389.54993,151749.16,6.0,0.0,2.0,2503.0,11.0,2460.0,11.0,11.0,11.0,2503.0,2460.0,0.0
11.0,0.004878044,0.002439022,0.0,0.0,1193.75,7.0,205.0002,280.0,1988.8878,813.0073,0.0,827.3838,4878.044,65535.0,1.0,2410.0,402.0,66.0,819.7672,2814.0,402.0,0.0,0.0,0.24446182,50185.0,0.0,2.0,65535.0,2.9366278e+06,4878.0,1988.8878,443.45856,0.0,574.33374,2460.0024,5.0,205.0002,200.0,2363.9202,972.5094,0.9536743,865.61163,3890.0376,2.0,7306.0,2302.2,66.0,2928.59,11511.0,2302.2,0.0,0.004878044,0.002439022,0.0,0.0,3.0,7306.0,1193.75,66.0,2200.7332,4.843226e+06,6.0,0.0,2.0,2814.0,7.0,11511.0,5.0,7.0,5.0,2814.0,11511.0,0.0
7.0,1.0105789,0.50528944,0.0,0.0,72.125,1.5,1.9790637,120.0,1.00207494e+06,505142.94,8210.897,496932.03,1.0102859e+06,65535.0,1.0,99.0,79.666664,66.0,14.055446,119.5,79.666664,0.0,0.0,0.7071006,22.0,0.0,2.0,65535.0,570.9599,1.010578e+06,1.00082994e+06,144368.4,19.073486,349659.7,7.916255,2.5,1.9790637,200.0,1.00082994e+06,252644.72,308.99048,431975.75,1.0105789e+06,0.0,74.0,67.6,66.0,3.2,169.0,67.6,0.0,1.0105789,0.50528944,0.0,0.0,1.0,99.0,72.125,66.0,10.705577,114.609375,6.0,0.0,2.0,239.0,3.0,338.0,5.0,3.0,5.0,239.0,338.0,0.0
13.0,1.483984,0.741992,0.0,0.0,256.7857,4.0,1.3477235,320.0,1.463779e+06,211997.72,0.0,511062.62,1.483984e+06,65535.0,2.0,141.0,81.625,66.0,26.219923,326.5,81.625,0.0,0.0,0.22195785,55756.0,0.0,2.0,65535.0,2422.533,1.483983e+06,1.462862e+06,114152.62,0.0,389357.5,9.434064,3.0,1.3477235,240.0,1.4636011e+06,296686.6,402.9274,583479.06,1.483433e+06,2.0,2341.0,490.33334,66.0,833.1172,1471.0,490.33334,0.0,1.483984,0.741992,0.0,0.0,4.0,2341.0,256.7857,66.0,582.036,338765.88,6.0,0.0,2.0,653.0,8.0,2942.0,6.0,8.0,6.0,653.0,2942.0,0.0
0.0,1e-06,5e-07,0.0,0.0,60.0,0.0,0.0,28.0,0.0,0.0,0.0,0.0,0.0,0.0,0.0,60.0,60.0,60.0,0.0,0.0,60.0,0.0,0.0,0.0,34340.0,0.0,0.0,0.0,6e+07,1.0,0.0,0.0,0.0,0.0,1e+06,0.0,0.0,0.0,0.0,0.0,0.0,0.0,0.0,0.0,0.0,0.0,0.0,0.0,0.0,0.0,0.0,1e-06,5e-07,0.0,0.0,0.0,60.0,60.0,60.0,0.0,0.0,17.0,0.0,0.0,60.0,1.0,0.0,0.0,1.0,0.0,60.0,0.0,0.0
0.0,1e-06,5e-07,0.0,0.0,60.0,0.0,0.0,28.0,0.0,0.0,0.0,0.0,0.0,0.0,0.0,60.0,60.0,60.0,0.0,0.0,60.0,0.0,0.0,0.0,5627.0,0.0,0.0,0.0,6e+07,1.0,0.0,0.0,0.0,0.0,1e+06,0.0,0.0,0.0,0.0,0.0,0.0,0.0,0.0,0.0,0.0,0.0,0.0,0.0,0.0,0.0,0.0,1e-06,5e-07,0.0,0.0,0.0,60.0,60.0,60.0,0.0,0.0,17.0,0.0,0.0,60.0,1.0,0.0,0.0,1.0,0.0,60.0,0.0,0.0
22.0,15.531613,7.7658067,0.0,0.0,380.83334,6.0,0.12876962,480.0,1.537073e+07,1.4119465e+06,422.95456,4.4142995e+06,1.5531412e+07,65535.0,2.0,480.0,121.0,66.0,125.207825,726.0,121.0,0.0,0.0,0.18886577,33994.0,0.0,4.0,65535.0,588.4772,1.5531613e+07,1.537073e+07,675287.5,0.0,3.133186e+06,1.5452355,6.0,0.12876962,480.0,1.5370731e+07,1.4119501e+06,0.0,4.414308e+06,1.5531451e+07,4.0,2962.0,640.6667,66.0,1056.8322,3844.0,640.6667,0.0,15.531613,7.7658067,0.0,0.0,6.0,2962.0,380.83334,66.0,796.1149,633799.0,6.0,0.0,4.0,1452.0,12.0,7688.0,12.0,12.0,12.0,1452.0,7688.0,0.0
0.0,1e-06,5e-07,0.0,0.0,93.0,1.0,1e+06,28.0,0.0,0.0,0.0,0.0,0.0,0.0,0.0,93.0,93.0,93.0,0.0,93.0,93.0,0.0,0.0,0.0,57838.0,0.0,0.0,0.0,9.3e+07,1.0,0.0,0.0,0.0,0.0,1e+06,0.0,0.0,0.0,0.0,0.0,0.0,0.0,0.0,0.0,0.0,0.0,0.0,0.0,0.0,0.0,0.0,1e-06,5e-07,0.0,0.0,0.0,93.0,93.0,93.0,0.0,0.0,17.0,0.0,0.0,93.0,1.0,0.0,0.0,1.0,0.0,93.0,0.0,0.0
18.0,131.24042,65.62021,0.0,0.0,86.7,5.0,0.015239208,400.0,1.3122447e+08,1.4582265e+07,180.00603,4.123925e+07,1.3124038e+08,65535.0,2.0,258.0,104.4,66.0,72.95368,522.0,104.4,0.0,0.0,1.5130435,43933.0,0.0,4.0,65535.0,13.212393,1.3124042e+08,1.31224296e+08,6.9073905e+06,3.0994415,2.9301774e+07,0.15239207,5.0,0.015239208,400.0,1.31224296e+08,1.4582259e+07,3.0994415,4.1239188e+07,1.3124033e+08,2.0,74.0,69.0,66.0,3.6878178,345.0,69.0,0.0,131.24042,65.62021,0.0,0.0,4.0,258.0,86.7,66.0,54.600456,2981.21,6.0,0.0,4.0,1044.0,10.0,690.0,10.0,10.0,10.0,1044.0,690.0,0.0
9.0,0.0024819374,0.0012409687,0.0,0.0,109.6,5.0,402.91104,200.0,1965.0459,617.0273,0.0,804.9204,2468.1091,65535.0,1.0,267.0,107.8,66.0,79.66028,539.0,107.8,0.0,0.0,0.96768403,37020.0,0.0,2.0,65535.0,441590.5,2481.0,1119.852,275.7708,0.0,375.74738,4029.1104,5.0,402.91104,200.0,1119.852,612.7357,116.10985,360.01035,2450.9429,2.0,249.0,111.4,66.0,70.06168,557.0,111.4,0.0,0.0024819374,0.0012409687,0.0,0.0,3.0,267.0,109.6,66.0,75.036255,5630.44,6.0,0.0,2.0,539.0,5.0,557.0,5.0,5.0,5.0,539.0,557.0,0.0
9.0,5.00173,2.500865,0.0,0.0,349.8,1.3333334,0.5997925,160.0,3.992804e+06,1.6670874e+06,822.78253,1.6951178e+06,5.001262e+06,65535.0,0.0,74.0,68.0,66.0,3.4641016,90.666664,68.0,0.0,0.0,0.08431494,9092.0,0.0,2.0,65535.0,699.35803,5.001729e+06,3.99185e+06,555747.75,15.0203705,1.2547152e+06,1.9993082,2.0,0.5997925,240.0,3.9926958e+06,1.000346e+06,159.02519,1.5461624e+06,5.00173e+06,2.0,2634.0,537.6667,66.0,942.018,1075.3334,537.6667,0.0,5.00173,2.500865,0.0,0.0,2.0,2634.0,349.8,66.0,765.1041,585384.4,6.0,0.0,2.0,272.0,4.0,3226.0,6.0,4.0,6.0,272.0,3226.0,0.0
0.0,1e-06,5e-07,0.0,0.0,60.0,1.0,1e+06,40.0,0.0,0.0,0.0,0.0,0.0,65535.0,0.0,60.0,60.0,60.0,0.0,60.0,60.0,0.0,0.0,0.0,1445.0,0.0,0.0,0.0,6e+07,1.0,0.0,0.0,0.0,0.0,1e+06,0.0,0.0,0.0,0.0,0.0,0.0,0.0,0.0,0.0,0.0,0.0,0.0,0.0,0.0,0.0,0.0,1e-06,5e-07,0.0,0.0,0.0,60.0,60.0,60.0,0.0,0.0,6.0,1.0,0.0,60.0,1.0,0.0,0.0,1.0,0.0,60.0,0.0,0.0
0.0,1e-06,5e-07,0.0,0.0,74.0,0.0,0.0,0.0,0.0,0.0,0.0,0.0,0.0,0.0,0.0,0.0,0.0,0.0,0.0,0.0,0.0,0.0,0.0,0.0,33446.0,0.0,0.0,0.0,7.4e+07,1.0,0.0,0.0,0.0,0.0,1e+06,0.0,0.0,28.0,0.0,0.0,0.0,0.0,0.0,0.0,74.0,74.0,74.0,0.0,0.0,74.0,0.0,1e-06,5e-07,0.0,0.0,0.0,74.0,74.0,74.0,0.0,0.0,17.0,0.0,0.0,0.0,0.0,74.0,1.0,0.0,1.0,0.0,74.0,0.0
0.0,0.48726892,0.24363446,0.0,0.0,60.0,0.0,0.0,0.0,0.0,0.0,0.0,0.0,0.0,0.0,0.0,0.0,0.0,0.0,0.0,0.0,0.0,0.0,0.0,0.0,80.0,0.0,0.0,65535.0,246.27058,487268.0,487268.94,487268.94,487268.94,0.0,4.10451,0.0,0.0,80.0,487268.94,487268.94,487268.94,0.0,487268.94,0.0,60.0,60.0,60.0,0.0,0.0,60.0,0.0,0.48726892,0.24363446,0.0,0.0,0.0,60.0,60.0,60.0,0.0,0.0,6.0,1.0,1.0,0.0,0.0,120.0,2.0,0.0,2.0,0.0,120.0,0.0
8.0,0.0018830299,0.00094151497,0.0,0.0,178.88889,5.0,531.059,200.0,634.9087,470.75748,309.94415,146.2317,1883.0299,65535.0,1.0,583.0,171.0,66.0,206.0233,855.0,171.0,0.0,0.0,1.1324503,56884.0,0.0,1.0,65535.0,855005.0,1883.0,623.9414,235.37874,10.967255,233.07367,4779.5312,4.0,531.059,160.0,1236.9155,489.71176,111.10306,528.3687,1469.1353,1.0,549.0,188.75,66.0,208.01607,755.0,188.75,0.0,0.0018830299,0.00094151497,0.0,0.0,2.0,583.0,178.88889,66.0,207.09924,42890.098,6.0,1.0,2.0,855.0,5.0,755.0,4.0,5.0,4.0,855.0,755.0,0.0
15.0,0.017108917,0.008554459,0.0,0.0,958.875,9.0,58.44905,360.0,10153.056,2138.6147,0.0,3181.293,17108.918,65535.0,1.0,3163.0,411.0,66.0,972.9821,3699.0,411.0,0.0,0.0,0.31770164,47954.0,0.0,2.0,65535.0,896725.4,17108.0,10153.056,1140.5945,0.0,2541.2263,935.1848,7.0,58.44905,280.0,12145.042,2779.484,38.146973,4361.5747,16676.902,4.0,2962.0,1663.2858,66.0,1387.5201,11643.0,1663.2858,0.0,0.017108917,0.008554459,0.0,0.0,5.0,3163.0,958.875,66.0,1326.9231,1.7607249e+06,6.0,0.0,2.0,3699.0,9.0,11643.0,7.0,9.0,7.0,3699.0,11643.0,0.0
9.0,0.0116119385,0.0058059692,0.0,0.0,85.9,5.0,86.11826,200.0,6368.8755,2895.713,737.9055,2126.0405,11582.852,65535.0,1.0,242.0,102.8,66.0,69.66893,514.0,102.8,0.0,0.0,1.489855,42183.0,0.0,2.0,65535.0,73975.59,11611.0,6368.8755,1290.2153,29.087067,1958.4814,861.1827,5.0,86.11826,200.0,7329.941,2766.2515,173.09189,2930.0571,11065.006,1.0,74.0,69.0,66.0,3.6878178,345.0,69.0,0.0,0.0116119385,0.0058059692,0.0,0.0,2.0,242.0,85.9,66.0,52.146812,2719.29,6.0,0.0,2.0,514.0,5.0,345.0,5.0,5.0,5.0,514.0,345.0,0.0
27.0,707.2623,353.63116,0.0,0.0,444.63333,5.0,0.0042417077,600.0,4.622078e+08,5.0518732e+07,0.0,1.3037094e+08,7.072623e+08,65535.0,3.0,414.0,133.66667,66.0,131.68126,668.3333,133.66667,0.0,0.0,0.17690136,43216.0,0.0,6.0,65535.0,18.860046,7.0726234e+08,4.6220778e+08,2.4388356e+07,0.0,9.403469e+07,0.042417075,5.0,0.0042417077,600.0,4.6220778e+08,5.0518736e+07,57.935715,1.30370936e+08,7.0726234e+08,3.0,3506.0,755.6,66.0,1375.2035,3778.0,755.6,0.0,707.2623,353.63116,0.0,0.0,6.0,3506.0,444.63333,66.0,1025.1647,1.0509626e+06,6.0,0.0,6.0,2005.0,15.0,11334.0,15.0,15.0,15.0,2005.0,11334.0,0.0
0.0,1e-06,5e-07,0.0,0.0,102.0,1.0,1e+06,28.0,0.0,0.0,0.0,0.0,0.0,0.0,0.0,102.0,102.0,102.0,0.0,102.0,102.0,0.0,0.0,0.0,53.0,0.0,0.0,0.0,1.02e+08,1.0,0.0,0.0,0.0,0.0,1e+06,0.0,0.0,0.0,0.0,0.0,0.0,0.0,0.0,0.0,0.0,0.0,0.0,0.0,0.0,0.0,0.0,1e-06,5e-07,0.0,0.0,0.0,102.0,102.0,102.0,0.0,0.0,17.0,0.0,0.0,102.0,1.0,0.0,0.0,1.0,0.0,102.0,0.0,0.0
0.0,1.13698,0.56849,0.0,0.0,60.0,0.0,0.0,56.0,1.13698e+06,1.13698e+06,1.13698e+06,0.0,1.13698e+06,0.0,0.0,60.0,60.0,60.0,0.0,0.0,60.0,0.0,0.0,0.0,64617.0,0.0,0.0,0.0,105.54275,1.13698e+06,1.13698e+06,1.13698e+06,1.13698e+06,0.0,1.7590458,0.0,0.0,0.0,0.0,0.0,0.0,0.0,0.0,0.0,0.0,0.0,0.0,0.0,0.0,0.0,0.0,1.13698,0.56849,0.0,0.0,0.0,60.0,60.0,60.0,0.0,0.0,17.0,0.0,0.0,120.0,2.0,0.0,0.0,2.0,0.0,120.0,0.0,0.0
9.0,0.016170979,0.008085489,0.0,0.0,251.5,6.0,61.839176,240.0,13128.996,3234.1958,365.9725,4960.153,16170.979,65535.0,1.0,290.0,104.666664,66.0,82.93505,628.0,104.666664,0.0,0.0,0.3328034,44373.0,0.0,2.0,65535.0,155525.53,16170.0,12450.934,1796.7754,153.06473,3786.7874,618.3918,4.0,61.839176,160.0,12450.934,5228.678,1563.0723,5107.099,15686.035,1.0,1681.0,471.75,66.0,698.16846,1887.0,471.75,0.0,0.016170979,0.008085489,0.0,0.0,2.0,1681.0,251.5,66.0,481.08487,231442.66,6.0,0.0,2.0,628.0,6.0,1887.0,4.0,6.0,4.0,628.0,1887.0,0.0
0.0,0.00014305115,7.1525574e-05,0.0,0.0,144.5,1.0,6990.507,28.0,0.0,0.0,0.0,0.0,0.0,0.0,0.0,104.0,104.0,104.0,0.0,104.0,104.0,0.0,0.0,0.56216216,39978.0,0.0,0.0,0.0,2.0202564e+06,143.0,143.05115,143.05115,143.05115,0.0,13981.014,1.0,6990.507,28.0,0.0,0.0,0.0,0.0,0.0,0.0,185.0,185.0,185.0,0.0,185.0,185.0,0.0,0.00014305115,7.1525574e-05,0.0,0.0,0.0,185.0,144.5,104.0,40.5,1640.25,17.0,0.0,0.0,104.0,1.0,185.0,1.0,1.0,1.0,104.0,185.0,0.0
0.0,0.06970906,0.03485453,0.0,0.0,60.0,0.0,0.0,56.0,69709.06,69709.06,69709.06,0.0,69709.06,0.0,0.0,60.0,60.0,60.0,0.0,0.0,60.0,0.0,0.0,0.0,43830.0,0.0,0.0,0.0,1721.4404,69709.0,69709.06,69709.06,69709.06,0.0,28.690674,0.0,0.0,0.0,0.0,0.0,0.0,0.0,0.0,0.0,0.0,0.0,0.0,0.0,0.0,0.0,0.0,0.06970906,0.03485453,0.0,0.0,0.0,60.0,60.0,60.0,0.0,0.0,17.0,0.0,0.0,120.0,2.0,0.0,0.0,2.0,0.0,120.0,0.0,0.0
0.0,1e-06,5e-07,0.0,0.0,60.0,0.0,0.0,28.0,0.0,0.0,0.0,0.0,0.0,0.0,0.0,60.0,60.0,60.0,0.0,0.0,60.0,0.0,0.0,0.0,438.0,0.0,0.0,0.0,6e+07,1.0,0.0,0.0,0.0,0.0,1e+06,0.0,0.0,0.0,0.0,0.0,0.0,0.0,0.0,0.0,0.0,0.0,0.0,0.0,0.0,0.0,0.0,1e-06,5e-07,0.0,0.0,0.0,60.0,60.0,60.0,0.0,0.0,17.0,0.0,0.0,60.0,1.0,0.0,0.0,1.0,0.0,60.0,0.0,0.0
0.0,1e-06,5e-07,0.0,0.0,60.0,0.0,0.0,28.0,0.0,0.0,0.0,0.0,0.0,0.0,0.0,60.0,60.0,60.0,0.0,0.0,60.0,0.0,0.0,0.0,50140.0,0.0,0.0,0.0,6e+07,1.0,0.0,0.0,0.0,0.0,1e+06,0.0,0.0,0.0,0.0,0.0,0.0,0.0,0.0,0.0,0.0,0.0,0.0,0.0,0.0,0.0,0.0,1e-06,5e-07,0.0,0.0,0.0,60.0,60.0,60.0,0.0,0.0,17.0,0.0,0.0,60.0,1.0,0.0,0.0,1.0,0.0,60.0,0.0,0.0
6.0,43.107178,21.553589,0.0,0.0,58.0,0.0,0.0,0.0,0.0,0.0,0.0,0.0,0.0,0.0,0.0,0.0,0.0,0.0,0.0,0.0,0.0,0.0,0.0,0.0,21222.0,0.0,0.0,65535.0,8.072902,4.3107176e+07,1.857886e+07,8.621436e+06,147.10426,6.7405895e+06,0.13918795,0.0,0.0,240.0,1.857886e+07,8.621436e+06,147.10426,6.7405895e+06,4.310718e+07,0.0,58.0,58.0,58.0,0.0,0.0,58.0,0.0,43.107178,21.553589,0.0,0.0,0.0,58.0,58.0,58.0,0.0,0.0,6.0,0.0,6.0,0.0,0.0,348.0,6.0,0.0,6.0,0.0,348.0,0.0
0.0,1e-06,5e-07,0.0,0.0,96.0,1.0,1e+06,28.0,0.0,0.0,0.0,0.0,0.0,0.0,0.0,96.0,96.0,96.0,0.0,96.0,96.0,0.0,0.0,0.0,53.0,0.0,0.0,0.0,9.6e+07,1.0,0.0,0.0,0.0,0.0,1e+06,0.0,0.0,0.0,0.0,0.0,0.0,0.0,0.0,0.0,0.0,0.0,0.0,0.0,0.0,0.0,0.0,1e-06,5e-07,0.0,0.0,0.0,96.0,96.0,96.0,0.0,0.0,17.0,0.0,0.0,96.0,1.0,0.0,0.0,1.0,0.0,96.0,0.0,0.0
0.0,423.51877,211.75938,0.0,0.0,110.0,1.0,0.004722341,56.0,4.1351206e+08,4.1351206e+08,4.1351206e+08,0.0,4.1351206e+08,0.0,0.0,104.0,102.0,100.0,2.0,102.0,102.0,0.0,0.0,0.86440676,55752.0,0.0,0.0,0.0,1.038915,4.2351875e+08,4.035105e+08,1.4117293e+08,1.0001592e+07,1.8550067e+08,0.009444682,1.0,0.004722341,56.0,4.135172e+08,4.135172e+08,4.135172e+08,0.0,4.135172e+08,0.0,120.0,118.0,116.0,2.0,118.0,118.0,0.0,423.51877,211.75938,0.0,0.0,0.0,120.0,110.0,100.0,8.246211,68.0,17.0,0.0,0.0,204.0,2.0,236.0,2.0,2.0,2.0,204.0,236.0,0.0
1.0,0.0014760494,0.0007380247,0.0,0.0,787.0,1.0,677.4841,40.0,0.0,0.0,0.0,0.0,0.0,65535.0,0.0,60.0,60.0,60.0,0.0,60.0,60.0,0.0,0.0,0.03963012,6140.0,0.0,0.0,65535.0,1.06636e+06,1476.0,1476.0494,1476.0494,1476.0494,0.0,1354.9681,1.0,677.4841,40.0,0.0,0.0,0.0,0.0,0.0,0.0,1514.0,1514.0,1514.0,0.0,1514.0,1514.0,0.0,0.0014760494,0.0007380247,0.0,0.0,0.0,1514.0,787.0,60.0,727.0,528529.0,6.0,1.0,1.0,60.0,1.0,1514.0,1.0,1.0,1.0,60.0,1514.0,0.0
0.0,1e-06,5e-07,0.0,0.0,60.0,0.0,0.0,28.0,0.0,0.0,0.0,0.0,0.0,0.0,0.0,60.0,60.0,60.0,0.0,0.0,60.0,0.0,0.0,0.0,33884.0,0.0,0.0,0.0,6e+07,1.0,0.0,0.0,0.0,0.0,1e+06,0.0,0.0,0.0,0.0,0.0,0.0,0.0,0.0,0.0,0.0,0.0,0.0,0.0,0.0,0.0,0.0,1e-06,5e-07,0.0,0.0,0.0,60.0,60.0,60.0,0.0,0.0,17.0,0.0,0.0,60.0,1.0,0.0,0.0,1.0,0.0,60.0,0.0,0.0
14.0,2289.58,1144.79,0.0,0.0,71.44444,5.0,0.0008735226,400.0,2.2894543e+09,2.543978e+08,213.86147,7.195011e+08,2.28958e+09,65535.0,2.0,89.0,72.2,66.0,8.953212,361.0,72.2,0.0,0.0,1.2801418,40880.0,0.0,2.0,65535.0,0.561675,2.2895803e+09,2.2894543e+09,1.3468118e+08,25.03395,5.3869325e+08,0.007861704,4.0,0.0008735226,320.0,2.2894543e+09,3.2708288e+08,35.04753,8.011348e+08,2.2895803e+09,2.0,88.0,70.5,54.0,12.359207,282.0,70.5,0.0,2289.58,1144.79,0.0,0.0,4.0,89.0,71.44444,54.0,10.636532,113.1358,6.0,2.0,4.0,722.0,10.0,564.0,8.0,10.0,8.0,722.0,564.0,0.0
0.0,0.00077581406,0.00038790703,0.0,0.0,101.0,1.0,1288.9686,28.0,0.0,0.0,0.0,0.0,0.0,0.0,0.0,93.0,93.0,93.0,0.0,93.0,93.0,0.0,0.0,0.853211,49812.0,0.0,0.0,0.0,260371.67,775.0,775.8141,775.8141,775.8141,0.0,2577.9373,1.0,1288.9686,28.0,0.0,0.0,0.0,0.0,0.0,0.0,109.0,109.0,109.0,0.0,109.0,109.0,0.0,0.00077581406,0.00038790703,0.0,0.0,0.0,109.0,101.0,93.0,8.0,64.0,17.0,0.0,0.0,93.0,1.0,109.0,1.0,1.0,1.0,93.0,109.0,0.0
9.0,0.17955613,0.089778066,0.0,0.0,120.7,6.0,5.569289,240.0,170329.1,35911.227,229.83551,67220.33,179556.12,65535.0,1.0,160.0,83.0,66.0,34.559128,498.0,83.0,0.0,0.0,0.70239776,38300.0,0.0,2.0,65535.0,6722.132,179556.0,170329.1,19950.682,0.0,53185.92,55.69289,4.0,5.569289,160.0,172407.16,59852.043,229.83551,79635.32,179556.12,1.0,503.0,177.25,66.0,188.1002,709.0,177.25,0.0,0.17955613,0.089778066,0.0,0.0,2.0,503.0,120.7,66.0,130.38869,17001.21,6.0,0.0,2.0,498.0,6.0,709.0,4.0,6.0,4.0,498.0,709.0,0.0
0.0,0.0013511181,0.00067555904,0.0,0.0,109.5,1.0,740.12775,28.0,0.0,0.0,0.0,0.0,0.0,0.0,0.0,113.0,113.0,113.0,0.0,113.0,113.0,0.0,0.0,1.0660378,36756.0,0.0,0.0,0.0,162087.98,1351.0,1351.118,1351.118,1351.118,0.0,1480.2555,1.0,740.12775,28.0,0.0,0.0,0.0,0.0,0.0,0.0,106.0,106.0,106.0,0.0,106.0,106.0,0.0,0.0013511181,0.00067555904,0.0,0.0,0.0,113.0,109.5,106.0,3.5,12.25,17.0,0.0,0.0,113.0,1.0,106.0,1.0,1.0,1.0,113.0,106.0,0.0
11.0,0.0021071434,0.0010535717,0.0,0.0,78.416664,7.0,474.57614,280.0,735.99817,351.19058,0.0,304.36606,2107.1433,65535.0,3.0,156.0,85.57143,66.0,31.295172,599.0,85.57143,0.0,0.0,1.751462,40604.0,0.0,2.0,65535.0,446576.16,2107.0,497.818,191.55849,0.0,176.01749,5694.9136,5.0,474.57614,200.0,802.0401,409.72232,32.901764,297.41467,1638.8893,1.0,74.0,68.4,66.0,3.2,342.0,68.4,0.0,0.0021071434,0.0010535717,0.0,0.0,4.0,156.0,78.416664,66.0,25.440971,647.24304,6.0,0.0,2.0,599.0,7.0,342.0,5.0,7.0,5.0,599.0,342.0,0.0
2.0,817.3821,408.69104,0.0,0.0,67.0,0.0,0.0,80.0,8.1738144e+08,8.1738144e+08,8.1738144e+08,0.0,8.1738144e+08,65535.0,0.0,74.0,74.0,74.0,0.0,0.0,74.0,0.0,0.0,1.2333333,50679.0,0.0,0.0,65535.0,0.32787603,8.173821e+08,8.1738125e+08,2.724607e+08,181.91338,4.7191504e+08,0.004893672,0.0,0.0,80.0,8.173819e+08,8.173819e+08,8.173819e+08,0.0,8.173819e+08,0.0,60.0,60.0,60.0,0.0,0.0,60.0,0.0,817.3821,408.69104,0.0,0.0,0.0,74.0,67.0,60.0,8.082904,65.333336,6.0,2.0,2.0,148.0,2.0,120.0,2.0,2.0,2.0,148.0,120.0,0.0
1.0,3.886223e-05,1.9431114e-05,0.0,0.0,64.0,1.0,25731.926,40.0,0.0,0.0,0.0,0.0,0.0,65535.0,0.0,74.0,74.0,74.0,0.0,74.0,74.0,0.0,0.0,1.3703704,37529.0,0.0,0.0,65535.0,3.2936865e+06,38.0,38.86223,38.86223,38.86223,0.0,51463.85,1.0,25731.926,40.0,0.0,0.0,0.0,0.0,0.0,0.0,54.0,54.0,54.0,0.0,54.0,54.0,0.0,3.886223e-05,1.9431114e-05,0.0,0.0,0.0,74.0,64.0,54.0,10.0,100.0,6.0,1.0,1.0,74.0,1.0,54.0,1.0,1.0,1.0,74.0,54.0,0.0
1.0,1e-06,5e-07,0.0,0.0,54.0,0.0,0.0,0.0,0.0,0.0,0.0,0.0,0.0,0.0,0.0,0.0,0.0,0.0,0.0,0.0,0.0,0.0,0.0,0.0,61765.0,0.0,0.0,65535.0,5.4e+07,1.0,0.0,0.0,0.0,0.0,1e+06,0.0,0.0,40.0,0.0,0.0,0.0,0.0,0.0,0.0,54.0,54.0,54.0,0.0,0.0,54.0,0.0,1e-06,5e-07,0.0,0.0,0.0,54.0,54.0,54.0,0.0,0.0,6.0,1.0,0.0,0.0,0.0,54.0,1.0,0.0,1.0,0.0,54.0,0.0
11.0,0.0050549507,0.0025274754,0.0,0.0,1006.1667,7.0,197.82587,280.0,2435.9226,842.49176,0.0,760.40436,5054.9507,65535.0,1.0,159.0,80.42857,66.0,32.195194,563.0,80.42857,0.0,0.0,0.04890974,10665.0,0.0,2.0,65535.0,2.3885495e+06,5054.0,2435.9226,459.541,0.0,684.1948,2373.9104,5.0,197.82587,200.0,2708.9119,1109.9576,0.9536743,1072.6615,4439.8306,2.0,7306.0,2302.2,66.0,2928.59,11511.0,2302.2,0.0,0.0050549507,0.0025274754,0.0,0.0,3.0,7306.0,1006.1667,66.0,2184.9468,4.773992e+06,6.0,0.0,2.0,563.0,7.0,11511.0,5.0,7.0,5.0,563.0,11511.0,0.0
0.0,1e-06,5e-07,0.0,0.0,60.0,1.0,1e+06,40.0,0.0,0.0,0.0,0.0,0.0,65535.0,0.0,60.0,60.0,60.0,0.0,60.0,60.0,0.0,0.0,0.0,37244.0,0.0,0.0,0.0,6e+07,1.0,0.0,0.0,0.0,0.0,1e+06,0.0,0.0,0.0,0.0,0.0,0.0,0.0,0.0,0.0,0.0,0.0,0.0,0.0,0.0,0.0,0.0,1e-06,5e-07,0.0,0.0,0.0,60.0,60.0,60.0,0.0,0.0,6.0,1.0,0.0,60.0,1.0,0.0,0.0,1.0,0.0,60.0,0.0,0.0
0.0,10.002205,5.0011024,0.0,0.0,108.0,1.0,0.099977955,28.0,0.0,0.0,0.0,0.0,0.0,0.0,0.0,100.0,100.0,100.0,0.0,100.0,100.0,0.0,0.0,0.86206895,60561.0,0.0,0.0,0.0,21.595238,1.0002205e+07,1.0002205e+07,1.0002205e+07,1.0002205e+07,0.0,0.19995591,1.0,0.099977955,28.0,0.0,0.0,0.0,0.0,0.0,0.0,116.0,116.0,116.0,0.0,116.0,116.0,0.0,10.002205,5.0011024,0.0,0.0,0.0,116.0,108.0,100.0,8.0,64.0,17.0,0.0,0.0,100.0,1.0,116.0,1.0,1.0,1.0,100.0,116.0,0.0
0.0,1e-06,5e-07,0.0,0.0,60.0,0.0,0.0,0.0,0.0,0.0,0.0,0.0,0.0,0.0,0.0,0.0,0.0,0.0,0.0,0.0,0.0,0.0,0.0,0.0,80.0,0.0,0.0,65535.0,6e+07,1.0,0.0,0.0,0.0,0.0,1e+06,0.0,0.0,40.0,0.0,0.0,0.0,0.0,0.0,0.0,60.0,60.0,60.0,0.0,0.0,60.0,0.0,1e-06,5e-07,0.0,0.0,0.0,60.0,60.0,60.0,0.0,0.0,6.0,0.0,1.0,0.0,0.0,60.0,1.0,0.0,1.0,0.0,60.0,0.0
24.0,4.729579,2.3647895,0.0,0.0,222.2,5.0,0.63430595,600.0,3.128054e+06,337827.06,467.062,821831.94,4.729579e+06,65535.0,5.0,834.0,149.13333,66.0,196.01866,745.6667,149.13333,0.0,0.0,0.6742013,42850.0,0.0,2.0,65535.0,1174.5232,4.729578e+06,3.082149e+06,197065.8,5.00679,640260.44,5.285883,3.3333333,0.63430595,400.0,3.082149e+06,525460.56,3268.0034,960751.8,4.729145e+06,6.0,1170.0,331.8,66.0,420.64755,1106.0,331.8,0.0,4.729579,2.3647895,0.0,0.0,11.0,1170.0,222.2,66.0,319.12354,101839.84,6.0,0.0,2.0,2237.0,15.0,3318.0,10.0,15.0,10.0,2237.0,3318.0,0.0
8.0,0.0035350323,0.0017675161,0.0,0.0,167.0,6.0,282.88284,240.0,1625.7762,707.0065,396.01324,465.7634,3535.0322,65535.0,1.0,583.0,152.5,60.0,192.56839,915.0,152.5,0.0,0.0,1.2119205,50638.0,0.0,1.0,65535.0,472414.34,3535.0,1625.7762,392.78137,55.07469,462.01346,2828.8284,4.0,282.88284,160.0,2008.9149,829.6172,104.904175,841.1499,2488.8516,1.0,549.0,188.75,66.0,208.01607,755.0,188.75,0.0,0.0035350323,0.0017675161,0.0,0.0,2.0,583.0,167.0,60.0,199.68275,39873.2,6.0,2.0,2.0,915.0,6.0,755.0,4.0,6.0,4.0,915.0,755.0,0.0
1.0,1e-06,5e-07,0.0,0.0,54.0,0.0,0.0,0.0,0.0,0.0,0.0,0.0,0.0,0.0,0.0,0.0,0.0,0.0,0.0,0.0,0.0,0.0,0.0,0.0,54420.0,0.0,0.0,65535.0,5.4e+07,1.0,0.0,0.0,0.0,0.0,1e+06,0.0,0.0,40.0,0.0,0.0,0.0,0.0,0.0,0.0,54.0,54.0,54.0,0.0,0.0,54.0,0.0,1e-06,5e-07,0.0,0.0,0.0,54.0,54.0,54.0,0.0,0.0,6.0,1.0,0.0,0.0,0.0,54.0,1.0,0.0,1.0,0.0,54.0,0.0
9.0,0.0031909943,0.0015954971,0.0,0.0,77.0,5.0,313.38196,200.0,2707.0046,792.50336,0.0,1121.3835,3170.0134,65535.0,1.0,119.0,78.2,66.0,20.633953,391.0,78.2,0.0,0.0,1.0316622,59136.0,0.0,2.0,65535.0,241304.1,3190.0,1965.9996,354.55493,0.0,604.6117,3133.8196,5.0,313.38196,200.0,1965.9996,781.77454,77.0092,713.0307,3127.0981,1.0,107.0,75.8,66.0,15.9047165,379.0,75.8,0.0,0.0031909943,0.0015954971,0.0,0.0,2.0,119.0,77.0,66.0,18.46077,340.8,6.0,0.0,2.0,391.0,5.0,379.0,5.0,5.0,5.0,391.0,379.0,0.0
0.0,0.0006828308,0.0003414154,0.0,0.0,109.5,1.0,1464.4916,28.0,0.0,0.0,0.0,0.0,0.0,0.0,0.0,113.0,113.0,113.0,0.0,113.0,113.0,0.0,0.0,1.0660378,57322.0,0.0,0.0,0.0,320723.66,682.0,682.8308,682.8308,682.8308,0.0,2928.9832,1.0,1464.4916,28.0,0.0,0.0,0.0,0.0,0.0,0.0,106.0,106.0,106.0,0.0,106.0,106.0,0.0,0.0006828308,0.0003414154,0.0,0.0,0.0,113.0,109.5,106.0,3.5,12.25,17.0,0.0,0.0,113.0,1.0,106.0,1.0,1.0,1.0,113.0,106.0,0.0
1.0,1e-06,5e-07,0.0,0.0,60.0,0.0,0.0,0.0,0.0,0.0,0.0,0.0,0.0,0.0,0.0,0.0,0.0,0.0,0.0,0.0,0.0,0.0,0.0,0.0,42225.0,0.0,0.0,65535.0,6e+07,1.0,0.0,0.0,0.0,0.0,1e+06,0.0,0.0,40.0,0.0,0.0,0.0,0.0,0.0,0.0,60.0,60.0,60.0,0.0,0.0,60.0,0.0,1e-06,5e-07,0.0,0.0,0.0,60.0,60.0,60.0,0.0,0.0,6.0,1.0,0.0,0.0,0.0,60.0,1.0,0.0,1.0,0.0,60.0,0.0
37.0,3079.995,1539.9976,0.0,0.0,161.9762,4.8,0.0016233792,960.0,2.4277417e+09,1.3391283e+08,275.13504,5.0644195e+08,3.0799951e+09,65535.0,8.0,810.0,121.208336,66.0,154.87468,581.8,121.208336,0.0,0.0,0.7470467,53792.0,0.0,4.0,65535.0,2.2087698,3.0799951e+09,2.4277412e+09,7.512183e+07,0.0,3.8509398e+08,0.013636385,3.6,0.0016233792,720.0,2.4277412e+09,1.8117618e+08,0.0,5.817593e+08,3.079995e+09,8.0,1170.0,216.33333,60.0,339.14157,778.8,216.33333,0.0,3079.995,1539.9976,0.0,0.0,16.0,1170.0,161.9762,60.0,255.37306,65215.402,6.0,2.0,6.0,2909.0,24.0,3894.0,18.0,24.0,18.0,2909.0,3894.0,0.0
11.0,0.0062880516,0.0031440258,0.0,0.0,1006.1667,7.0,159.03177,280.0,4090.0708,1048.0085,0.9536743,1400.926,6288.052,65535.0,1.0,159.0,80.42857,66.0,32.195194,563.0,80.42857,0.0,0.0,0.04890974,12742.0,0.0,2.0,65535.0,1.9201496e+06,6288.0,3489.0176,571.64105,0.9536743,955.456,1908.3812,5.0,159.03177,200.0,3903.8657,1409.4711,384.09235,1448.174,5637.8843,2.0,7306.0,2302.2,66.0,2928.59,11511.0,2302.2,0.0,0.0062880516,0.0031440258,0.0,0.0,3.0,7306.0,1006.1667,66.0,2184.9468,4.773992e+06,6.0,0.0,2.0,563.0,7.0,11511.0,5.0,7.0,5.0,563.0,11511.0,0.0
0.0,1329.5706,664.7853,0.0,0.0,97.666664,0.0,0.0,0.0,0.0,0.0,0.0,0.0,0.0,0.0,0.0,0.0,0.0,0.0,0.0,0.0,0.0,0.0,0.0,0.0,53.0,0.0,0.0,0.0,0.22037192,1.3295706e+09,7.336287e+08,6.647853e+08,5.959419e+08,6.88434e+07,0.0022563678,1.0,0.0022563678,84.0,7.336287e+08,6.647853e+08,5.959419e+08,6.88434e+07,1.3295706e+09,0.0,100.0,97.666664,96.0,1.6996732,97.666664,97.666664,0.0,1329.5706,664.7853,0.0,0.0,0.0,100.0,97.666664,96.0,1.6996732,2.8888888,17.0,0.0,0.0,0.0,0.0,293.0,3.0,0.0,3.0,0.0,293.0,0.0
0.0,1e-06,5e-07,0.0,0.0,124.0,1.0,1e+06,28.0,0.0,0.0,0.0,0.0,0.0,0.0,0.0,91.0,91.0,91.0,0.0,91.0,91.0,0.0,0.0,0.57961786,56897.0,0.0,0.0,0.0,2.48e+08,1.0,0.0,0.0,0.0,0.0,2e+06,1.0,1e+06,28.0,0.0,0.0,0.0,0.0,0.0,0.0,157.0,157.0,157.0,0.0,157.0,157.0,0.0,1e-06,5e-07,0.0,0.0,0.0,157.0,124.0,91.0,33.0,1089.0,17.0,0.0,0.0,91.0,1.0,157.0,1.0,1.0,1.0,91.0,157.0,0.0
9.0,0.0017380714,0.0008690357,0.0,0.0,132.2,6.0,575.35034,240.0,653.9822,347.6143,153.06473,184.40163,1738.0714,65535.0,1.0,275.0,102.166664,66.0,77.348595,613.0,102.166664,0.0,0.0,0.86459804,10625.0,0.0,2.0,65535.0,760613.1,1738.0,355.95892,193.11905,29.087067,116.14115,5753.5034,4.0,575.35034,160.0,591.99335,474.6119,285.8639,134.78058,1423.8357,1.0,503.0,177.25,66.0,188.1002,709.0,177.25,0.0,0.0017380714,0.0008690357,0.0,0.0,2.0,503.0,132.2,66.0,138.18596,19095.36,6.0,0.0,2.0,613.0,6.0,709.0,4.0,6.0,4.0,613.0,709.0,0.0
0.0,1e-06,5e-07,0.0,0.0,60.0,0.0,0.0,28.0,0.0,0.0,0.0,0.0,0.0,0.0,0.0,60.0,60.0,60.0,0.0,0.0,60.0,0.0,0.0,0.0,4320.0,0.0,0.0,0.0,6e+07,1.0,0.0,0.0,0.0,0.0,1e+06,0.0,0.0,0.0,0.0,0.0,0.0,0.0,0.0,0.0,0.0,0.0,0.0,0.0,0.0,0.0,0.0,1e-06,5e-07,0.0,0.0,0.0,60.0,60.0,60.0,0.0,0.0,17.0,0.0,0.0,60.0,1.0,0.0,0.0,1.0,0.0,60.0,0.0,0.0
0.0,1e-06,5e-07,0.0,0.0,94.0,0.0,0.0,28.0,0.0,0.0,0.0,0.0,0.0,0.0,0.0,94.0,94.0,94.0,0.0,0.0,94.0,0.0,0.0,0.0,41836.0,0.0,0.0,0.0,9.4e+07,1.0,0.0,0.0,0.0,0.0,1e+06,0.0,0.0,0.0,0.0,0.0,0.0,0.0,0.0,0.0,0.0,0.0,0.0,0.0,0.0,0.0,0.0,1e-06,5e-07,0.0,0.0,0.0,94.0,94.0,94.0,0.0,0.0,17.0,0.0,0.0,94.0,1.0,0.0,0.0,1.0,0.0,94.0,0.0,0.0
7.0,4.995351,2.4976754,0.0,0.0,72.25,1.5,0.40037227,120.0,4.993228e+06,2.496974e+06,719.7857,2.4962542e+06,4.993948e+06,65535.0,0.0,74.0,68.666664,66.0,3.7712362,103.0,68.666664,0.0,0.0,0.55376345,110.0,0.0,2.0,65535.0,115.70758,4.995351e+06,4.992969e+06,713621.56,0.0,1.7470362e+06,1.6014891,2.5,0.40037227,200.0,4.993349e+06,1.2488378e+06,0.0,2.1618945e+06,4.995351e+06,1.0,100.0,74.4,66.0,13.169662,186.0,74.4,0.0,4.995351,2.4976754,0.0,0.0,1.0,100.0,72.25,66.0,11.019869,121.4375,6.0,0.0,2.0,206.0,3.0,372.0,5.0,3.0,5.0,206.0,372.0,0.0
46.0,1057.0461,528.5231,0.0,0.0,220.0,6.0,0.00378413,960.0,1.05239974e+09,4.595853e+07,0.0,2.1457493e+08,1.05704614e+09,65535.0,14.0,1602.0,225.16667,66.0,417.14703,1351.0,225.16667,0.0,0.0,1.0480993,55320.0,0.0,4.0,65535.0,9.990104,1.05704614e+09,1.05239974e+09,2.2490344e+07,0.0,1.5185251e+08,0.04540956,6.0,0.00378413,960.0,1.05240045e+09,4.59585e+07,108.95729,2.1457502e+08,1.0570455e+09,12.0,1146.0,214.83333,66.0,311.95883,1289.0,214.83333,0.0,1057.0461,528.5231,0.0,0.0,26.0,1602.0,220.0,66.0,368.3635,135691.67,6.0,0.0,4.0,5404.0,24.0,5156.0,24.0,24.0,24.0,5404.0,5156.0,0.0
0.0,1e-06,5e-07,0.0,0.0,60.0,0.0,0.0,28.0,0.0,0.0,0.0,0.0,0.0,0.0,0.0,60.0,60.0,60.0,0.0,0.0,60.0,0.0,0.0,0.0,55441.0,0.0,0.0,0.0,6e+07,1.0,0.0,0.0,0.0,0.0,1e+06,0.0,0.0,0.0,0.0,0.0,0.0,0.0,0.0,0.0,0.0,0.0,0.0,0.0,0.0,0.0,0.0,1e-06,5e-07,0.0,0.0,0.0,60.0,60.0,60.0,0.0,0.0,17.0,0.0,0.0,60.0,1.0,0.0,0.0,1.0,0.0,60.0,0.0,0.0
9.0,0.0047478676,0.0023739338,0.0,0.0,168.9,6.0,210.62086,240.0,2017.0212,949.57355,0.9536743,676.5687,4747.8677,65535.0,1.0,252.0,98.333336,66.0,68.78388,590.0,98.333336,0.0,0.0,0.5368517,42029.0,0.0,2.0,65535.0,355738.66,4747.0,1188.9934,527.54083,0.0,493.49548,2106.2087,4.0,210.62086,160.0,1446.9624,1105.3086,828.9814,256.48364,3315.9255,1.0,893.0,274.75,66.0,356.96173,1099.0,274.75,0.0,0.0047478676,0.0023739338,0.0,0.0,2.0,893.0,168.9,66.0,247.54169,61276.89,6.0,0.0,2.0,590.0,6.0,1099.0,4.0,6.0,4.0,590.0,1099.0,0.0
58.0,1612.5304,806.2652,0.0,0.0,419.5625,5.3333335,0.00372086,1280.0,6.4954246e+08,5.2017108e+07,0.0,1.5280507e+08,1.6125304e+09,65535.0,6.0,440.0,126.625,66.0,123.36347,675.3333,126.625,0.0,0.0,0.1777193,57304.0,0.0,12.0,65535.0,16.652088,1.6125304e+09,6.495424e+08,2.559572e+07,0.0,1.10298024e+08,0.039689172,5.3333335,0.00372086,1280.0,6.495424e+08,5.2017108e+07,46.014786,1.5280506e+08,1.6125304e+09,8.0,3506.0,712.5,66.0,1266.4603,3800.0,712.5,0.0,1612.5304,806.2652,0.0,0.0,14.0,3506.0,419.5625,66.0,946.2465,895382.5,6.0,0.0,12.0,4052.0,32.0,22800.0,32.0,32.0,32.0,4052.0,22800.0,0.0
0.0,1e-06,5e-07,0.0,0.0,98.0,1.0,1e+06,28.0,0.0,0.0,0.0,0.0,0.0,0.0,0.0,98.0,98.0,98.0,0.0,98.0,98.0,0.0,0.0,0.0,53.0,0.0,0.0,0.0,9.8e+07,1.0,0.0,0.0,0.0,0.0,1e+06,0.0,0.0,0.0,0.0,0.0,0.0,0.0,0.0,0.0,0.0,0.0,0.0,0.0,0.0,0.0,0.0,1e-06,5e-07,0.0,0.0,0.0,98.0,98.0,98.0,0.0,0.0,17.0,0.0,0.0,98.0,1.0,0.0,0.0,1.0,0.0,98.0,0.0,0.0
1.0,0.00025105476,0.00012552738,0.0,0.0,60.0,1.0,3983.1946,40.0,0.0,0.0,0.0,0.0,0.0,65535.0,0.0,60.0,60.0,60.0,0.0,60.0,60.0,0.0,0.0,1.0,1388.0,0.0,0.0,65535.0,477983.38,251.0,251.05476,251.05476,251.05476,0.0,7966.389,1.0,3983.1946,40.0,0.0,0.0,0.0,0.0,0.0,0.0,60.0,60.0,60.0,0.0,60.0,60.0,0.0,0.00025105476,0.00012552738,0.0,0.0,0.0,60.0,60.0,60.0,0.0,0.0,6.0,1.0,1.0,60.0,1.0,60.0,1.0,1.0,1.0,60.0,60.0,0.0
24.0,4.45748,2.22874,0.0,0.0,222.84,7.5,0.448684,600.0,3.6654492e+06,318391.44,1065.0157,931456.7,4.45748e+06,65535.0,5.0,834.0,150.2,66.0,196.12927,1126.5,150.2,0.0,0.0,0.6790235,45732.0,0.0,2.0,65535.0,1249.8093,4.457479e+06,3.615347e+06,185728.33,191.2117,718082.5,5.60855,5.0,0.448684,400.0,3.615347e+06,495157.56,1887.083,1.1060742e+06,4.456418e+06,6.0,1170.0,331.8,66.0,420.64755,1659.0,331.8,0.0,4.45748,2.22874,0.0,0.0,11.0,1170.0,222.84,66.0,319.01822,101772.62,6.0,0.0,2.0,2253.0,15.0,3318.0,10.0,15.0,10.0,2253.0,3318.0,0.0
0.0,1e-06,5e-07,0.0,0.0,60.0,1.0,1e+06,28.0,0.0,0.0,0.0,0.0,0.0,0.0,0.0,60.0,60.0,60.0,0.0,60.0,60.0,0.0,0.0,0.0,36687.0,0.0,0.0,0.0,6e+07,1.0,0.0,0.0,0.0,0.0,1e+06,0.0,0.0,0.0,0.0,0.0,0.0,0.0,0.0,0.0,0.0,0.0,0.0,0.0,0.0,0.0,0.0,1e-06,5e-07,0.0,0.0,0.0,60.0,60.0,60.0,0.0,0.0,17.0,0.0,0.0,60.0,1.0,0.0,0.0,1.0,0.0,60.0,0.0,0.0
9.0,0.0030798912,0.0015399456,0.0,0.0,132.2,6.0,324.6868,240.0,1126.0509,615.9783,250.10109,314.0251,3079.891,65535.0,1.0,275.0,102.166664,66.0,77.348595,613.0,102.166664,0.0,0.0,0.86459804,13526.0,0.0,2.0,65535.0,429235.94,3079.0,1126.0509,342.21014,20.02716,306.69757,3246.868,4.0,324.6868,160.0,1702.0702,898.997,398.87427,573.53534,2696.991,1.0,503.0,177.25,66.0,188.1002,709.0,177.25,0.0,0.0030798912,0.0015399456,0.0,0.0,2.0,503.0,132.2,66.0,138.18596,19095.36,6.0,0.0,2.0,613.0,6.0,709.0,4.0,6.0,4.0,613.0,709.0,0.0
1.0,0.00023293495,0.000116467476,0.0,0.0,60.0,1.0,4293.044,40.0,0.0,0.0,0.0,0.0,0.0,65535.0,0.0,60.0,60.0,60.0,0.0,60.0,60.0,0.0,0.0,1.0,2233.0,0.0,0.0,65535.0,515165.28,232.0,232.93495,232.93495,232.93495,0.0,8586.088,1.0,4293.044,40.0,0.0,0.0,0.0,0.0,0.0,0.0,60.0,60.0,60.0,0.0,60.0,60.0,0.0,0.00023293495,0.000116467476,0.0,0.0,0.0,60.0,60.0,60.0,0.0,0.0,6.0,1.0,1.0,60.0,1.0,60.0,1.0,1.0,1.0,60.0,60.0,0.0
9.0,0.0056200027,0.0028100014,0.0,0.0,169.7,6.0,177.93585,240.0,1780.9868,1124.0005,0.0,758.74146,5620.003,65535.0,1.0,260.0,99.666664,66.0,71.762726,598.0,99.666664,0.0,0.0,0.54413104,34757.0,0.0,2.0,65535.0,301957.16,5620.0,945.09125,624.44476,0.0,295.24402,1779.3585,4.0,177.93585,160.0,1715.8986,1295.646,492.09595,568.396,3886.938,1.0,893.0,274.75,66.0,356.96173,1099.0,274.75,0.0,0.0056200027,0.0028100014,0.0,0.0,2.0,893.0,169.7,66.0,247.82173,61415.61,6.0,0.0,2.0,598.0,6.0,1099.0,4.0,6.0,4.0,598.0,1099.0,0.0
13.0,821.5375,410.76874,0.0,0.0,72.23529,5.5,0.0024344597,440.0,8.2150317e+08,8.215375e+07,0.0,2.464498e+08,8.215375e+08,65535.0,2.0,74.0,66.545456,60.0,4.2504253,366.0,66.545456,0.0,0.0,1.4758065,58238.0,0.0,1.0,65535.0,1.4947584,8.215375e+08,8.2150317e+08,5.1346092e+07,0.0,1.988537e+08,0.02069291,3.0,0.0024344597,240.0,8.215038e+08,1.6430722e+08,3608.9421,3.2859827e+08,8.215361e+08,2.0,108.0,82.666664,66.0,18.208668,248.0,82.666664,0.0,821.5375,410.76874,0.0,0.0,4.0,108.0,72.23529,60.0,13.71358,188.06229,6.0,3.0,4.0,732.0,11.0,496.0,6.0,11.0,6.0,732.0,496.0,0.0
34.0,1496.2626,748.1313,0.0,0.0,113.13158,5.75,0.0026733275,920.0,7.770431e+08,6.801194e+07,0.0,1.8779866e+08,1.4962627e+09,65535.0,4.0,282.0,92.0,66.0,63.747463,529.0,92.0,0.0,0.0,0.9693083,47638.0,0.0,8.0,65535.0,2.8731587,1.4962627e+09,7.770431e+08,4.043953e+07,0.0,1.4861149e+08,0.025396612,3.75,0.0026733275,600.0,7.770431e+08,1.0687585e+08,0.0,2.2642458e+08,1.4962619e+09,3.0,453.0,145.53334,66.0,153.77034,545.75,145.53334,0.0,1496.2626,748.1313,0.0,0.0,7.0,453.0,113.13158,66.0,111.70501,12478.009,6.0,0.0,8.0,2116.0,23.0,2183.0,15.0,23.0,15.0,2116.0,2183.0,0.0
13.0,0.005031824,0.002515912,0.0,0.0,110.14286,7.0,198.73509,280.0,1071.9299,757.8135,471.1151,199.76924,4546.881,65535.0,3.0,334.0,109.42857,66.0,91.92366,766.0,109.42857,0.0,0.0,0.9871134,47322.0,0.0,2.0,65535.0,306449.5,5031.0,958.91956,387.0634,0.0,255.1851,2782.2913,7.0,198.73509,280.0,1875.8773,812.6497,0.0,671.8639,4875.8984,2.0,368.0,110.85714,66.0,105.01623,776.0,110.85714,0.0,0.005031824,0.002515912,0.0,0.0,5.0,368.0,110.14286,66.0,98.68989,9739.694,6.0,0.0,2.0,766.0,7.0,776.0,7.0,7.0,7.0,766.0,776.0,0.0
1.0,1e-06,5e-07,0.0,0.0,60.0,1.0,1e+06,40.0,0.0,0.0,0.0,0.0,0.0,65535.0,0.0,60.0,60.0,60.0,0.0,60.0,60.0,0.0,0.0,1.0,1565.0,0.0,0.0,65535.0,1.2e+08,1.0,0.0,0.0,0.0,0.0,2e+06,1.0,1e+06,40.0,0.0,0.0,0.0,0.0,0.0,0.0,60.0,60.0,60.0,0.0,60.0,60.0,0.0,1e-06,5e-07,0.0,0.0,0.0,60.0,60.0,60.0,0.0,0.0,6.0,1.0,1.0,60.0,1.0,60.0,1.0,1.0,1.0,60.0,60.0,0.0
0.0,0.001406908,0.000703454,0.0,0.0,111.5,1.0,710.7785,28.0,0.0,0.0,0.0,0.0,0.0,0.0,0.0,93.0,93.0,93.0,0.0,93.0,93.0,0.0,0.0,0.7153846,48638.0,0.0,0.0,0.0,158503.61,1406.0,1406.9081,1406.9081,1406.9081,0.0,1421.557,1.0,710.7785,28.0,0.0,0.0,0.0,0.0,0.0,0.0,130.0,130.0,130.0,0.0,130.0,130.0,0.0,0.001406908,0.000703454,0.0,0.0,0.0,130.0,111.5,93.0,18.5,342.25,17.0,0.0,0.0,93.0,1.0,130.0,1.0,1.0,1.0,93.0,130.0,0.0
18.0,1160.3625,580.1813,0.0,0.0,143.7,5.0,0.0017235992,400.0,1.1602975e+09,1.2892915e+08,0.0,3.6464378e+08,1.1603624e+09,65535.0,2.0,252.0,95.8,66.0,59.211147,479.0,95.8,0.0,0.0,0.5,38650.0,0.0,4.0,65535.0,2.4768121,1.1603626e+09,1.1602975e+09,6.1071716e+07,0.0,2.5909e+08,0.017235992,5.0,0.0017235992,400.0,1.1602975e+09,1.2892917e+08,70.09506,3.6464378e+08,1.1603625e+09,2.0,686.0,191.6,66.0,247.21942,958.0,191.6,0.0,1160.3625,580.1813,0.0,0.0,4.0,686.0,143.7,66.0,186.02718,34606.11,6.0,0.0,4.0,958.0,10.0,1916.0,10.0,10.0,10.0,958.0,1916.0,0.0
0.0,1e-06,5e-07,0.0,0.0,60.0,0.0,0.0,28.0,0.0,0.0,0.0,0.0,0.0,0.0,0.0,60.0,60.0,60.0,0.0,0.0,60.0,0.0,0.0,0.0,12166.0,0.0,0.0,0.0,6e+07,1.0,0.0,0.0,0.0,0.0,1e+06,0.0,0.0,0.0,0.0,0.0,0.0,0.0,0.0,0.0,0.0,0.0,0.0,0.0,0.0,0.0,0.0,1e-06,5e-07,0.0,0.0,0.0,60.0,60.0,60.0,0.0,0.0,17.0,0.0,0.0,60.0,1.0,0.0,0.0,1.0,0.0,60.0,0.0,0.0
2.0,146.34004,73.17002,0.0,0.0,67.0,1.0,0.013666799,80.0,1.4633955e+08,1.4633955e+08,1.4633955e+08,0.0,1.4633955e+08,65535.0,0.0,74.0,74.0,74.0,0.0,74.0,74.0,0.0,0.0,1.2333333,57028.0,0.0,0.0,65535.0,1.8313512,1.4634003e+08,1.4633933e+08,4.8780012e+07,233.88863,6.898485e+07,0.027333599,1.0,0.013666799,80.0,1.463398e+08,1.463398e+08,1.463398e+08,0.0,1.463398e+08,0.0,60.0,60.0,60.0,0.0,60.0,60.0,0.0,146.34004,73.17002,0.0,0.0,0.0,74.0,67.0,60.0,7.0,49.0,6.0,2.0,2.0,148.0,2.0,120.0,2.0,2.0,2.0,148.0,120.0,0.0
7.0,0.06693196,0.03346598,0.0,0.0,68.125,3.0,14.940545,120.0,65426.83,32912.492,398.15903,32514.334,65824.984,65535.0,0.0,74.0,68.666664,66.0,3.7712362,206.0,68.666664,0.0,0.0,0.6076696,443.0,0.0,2.0,65535.0,8142.597,66931.0,63354.016,9561.709,0.0,21963.969,119.52436,5.0,14.940545,200.0,63354.016,16732.99,0.0,26926.578,66931.96,1.0,74.0,67.8,66.0,3.1241,339.0,67.8,0.0,0.06693196,0.03346598,0.0,0.0,1.0,74.0,68.125,66.0,3.4072533,11.609375,6.0,0.0,2.0,206.0,3.0,339.0,5.0,3.0,5.0,206.0,339.0,0.0
0.0,1917.2487,958.6243,0.0,0.0,121.0,1.0,0.0010431615,56.0,1.9172475e+09,1.9172475e+09,1.9172475e+09,0.0,1.9172475e+09,0.0,0.0,173.0,149.0,125.0,24.0,149.0,149.0,0.0,0.0,1.6021506,53.0,0.0,0.0,0.0,0.25244507,1.9172486e+09,1.9172468e+09,6.390829e+08,633.00134,9.037984e+08,0.002086323,1.0,0.0010431615,56.0,1.917248e+09,1.917248e+09,1.917248e+09,0.0,1.917248e+09,0.0,93.0,93.0,93.0,0.0,93.0,93.0,0.0,1917.2487,958.6243,0.0,0.0,0.0,173.0,121.0,93.0,32.74141,1072.0,17.0,0.0,0.0,298.0,2.0,186.0,2.0,2.0,2.0,298.0,186.0,0.0
0.0,0.0003271103,0.00016355515,0.0,0.0,179.5,1.0,3057.073,28.0,0.0,0.0,0.0,0.0,0.0,0.0,0.0,225.0,225.0,225.0,0.0,225.0,225.0,0.0,0.0,1.6791044,53.0,0.0,0.0,0.0,1.0974891e+06,327.0,327.1103,327.1103,327.1103,0.0,6114.146,1.0,3057.073,28.0,0.0,0.0,0.0,0.0,0.0,0.0,134.0,134.0,134.0,0.0,134.0,134.0,0.0,0.0003271103,0.00016355515,0.0,0.0,0.0,225.0,179.5,134.0,45.5,2070.25,17.0,0.0,0.0,225.0,1.0,134.0,1.0,1.0,1.0,225.0,134.0,0.0
0.0,1e-06,5e-07,0.0,0.0,77.0,1.0,1e+06,28.0,0.0,0.0,0.0,0.0,0.0,0.0,0.0,77.0,77.0,77.0,0.0,77.0,77.0,0.0,0.0,0.0,46970.0,0.0,0.0,0.0,7.7e+07,1.0,0.0,0.0,0.0,0.0,1e+06,0.0,0.0,0.0,0.0,0.0,0.0,0.0,0.0,0.0,0.0,0.0,0.0,0.0,0.0,0.0,0.0,1e-06,5e-07,0.0,0.0,0.0,77.0,77.0,77.0,0.0,0.0,17.0,0.0,0.0,77.0,1.0,0.0,0.0,1.0,0.0,77.0,0.0,0.0
1.0,4.005432e-05,2.002716e-05,0.0,0.0,64.0,1.0,24966.096,40.0,0.0,0.0,0.0,0.0,0.0,65535.0,0.0,74.0,74.0,74.0,0.0,74.0,74.0,0.0,0.0,1.3703704,60937.0,0.0,0.0,65535.0,3.1956602e+06,40.0,40.05432,40.05432,40.05432,0.0,49932.19,1.0,24966.096,40.0,0.0,0.0,0.0,0.0,0.0,0.0,54.0,54.0,54.0,0.0,54.0,54.0,0.0,4.005432e-05,2.002716e-05,0.0,0.0,0.0,74.0,64.0,54.0,10.0,100.0,6.0,1.0,1.0,74.0,1.0,54.0,1.0,1.0,1.0,74.0,54.0,0.0
0.0,1e-06,5e-07,0.0,0.0,60.0,0.0,0.0,0.0,0.0,0.0,0.0,0.0,0.0,0.0,0.0,0.0,0.0,0.0,0.0,0.0,0.0,0.0,0.0,0.0,1108.0,0.0,0.0,65535.0,6e+07,1.0,0.0,0.0,0.0,0.0,1e+06,0.0,0.0,40.0,0.0,0.0,0.0,0.0,0.0,0.0,60.0,60.0,60.0,0.0,0.0,60.0,0.0,1e-06,5e-07,0.0,0.0,0.0,60.0,60.0,60.0,0.0,0.0,6.0,0.0,1.0,0.0,0.0,60.0,1.0,0.0,1.0,0.0,60.0,0.0
18.0,254.42526,127.21263,0.0,0.0,123.7,6.0,0.007860854,480.0,2.5442026e+08,2.312957e+07,0.0,7.3140536e+07,2.5442526e+08,65535.0,2.0,269.0,96.333336,66.0,65.39665,578.0,96.333336,0.0,0.0,0.8770865,59480.0,0.0,4.0,65535.0,9.723877,2.5442526e+08,2.5442026e+08,1.3390803e+07,0.0,5.6811184e+07,0.07860854,4.0,0.007860854,320.0,2.544206e+08,3.6346396e+07,428.915,8.9028424e+07,2.5442475e+08,2.0,453.0,164.75,66.0,166.45326,659.0,164.75,0.0,254.42526,127.21263,0.0,0.0,4.0,453.0,123.7,66.0,121.54057,14772.11,6.0,0.0,4.0,1156.0,12.0,1318.0,8.0,12.0,8.0,1156.0,1318.0,0.0
0.0,1e-06,5e-07,0.0,0.0,60.0,0.0,0.0,28.0,0.0,0.0,0.0,0.0,0.0,0.0,0.0,60.0,60.0,60.0,0.0,0.0,60.0,0.0,0.0,0.0,2761.0,0.0,0.0,0.0,6e+07,1.0,0.0,0.0,0.0,0.0,1e+06,0.0,0.0,0.0,0.0,0.0,0.0,0.0,0.0,0.0,0.0,0.0,0.0,0.0,0.0,0.0,0.0,1e-06,5e-07,0.0,0.0,0.0,60.0,60.0,60.0,0.0,0.0,17.0,0.0,0.0,60.0,1.0,0.0,0.0,1.0,0.0,60.0,0.0,0.0
0.0,0.04225707,0.021128535,0.0,0.0,167.0,1.0,23.664679,28.0,0.0,0.0,0.0,0.0,0.0,0.0,0.0,199.0,199.0,199.0,0.0,199.0,199.0,0.0,0.0,1.4740741,53.0,0.0,0.0,0.0,7904.003,42257.0,42257.07,42257.07,42257.07,0.0,47.329357,1.0,23.664679,28.0,0.0,0.0,0.0,0.0,0.0,0.0,135.0,135.0,135.0,0.0,135.0,135.0,0.0,0.04225707,0.021128535,0.0,0.0,0.0,199.0,167.0,135.0,32.0,1024.0,17.0,0.0,0.0,199.0,1.0,135.0,1.0,1.0,1.0,199.0,135.0,0.0
0.0,1e-06,5e-07,0.0,0.0,100.0,1.0,1e+06,28.0,0.0,0.0,0.0,0.0,0.0,0.0,0.0,100.0,100.0,100.0,0.0,100.0,100.0,0.0,0.0,0.0,53.0,0.0,0.0,0.0,1e+08,1.0,0.0,0.0,0.0,0.0,1e+06,0.0,0.0,0.0,0.0,0.0,0.0,0.0,0.0,0.0,0.0,0.0,0.0,0.0,0.0,0.0,0.0,1e-06,5e-07,0.0,0.0,0.0,100.0,100.0,100.0,0.0,0.0,17.0,0.0,0.0,100.0,1.0,0.0,0.0,1.0,0.0,100.0,0.0,0.0
0.0,1e-06,5e-07,0.0,0.0,60.0,0.0,0.0,28.0,0.0,0.0,0.0,0.0,0.0,0.0,0.0,60.0,60.0,60.0,0.0,0.0,60.0,0.0,0.0,0.0,4226.0,0.0,0.0,0.0,6e+07,1.0,0.0,0.0,0.0,0.0,1e+06,0.0,0.0,0.0,0.0,0.0,0.0,0.0,0.0,0.0,0.0,0.0,0.0,0.0,0.0,0.0,0.0,1e-06,5e-07,0.0,0.0,0.0,60.0,60.0,60.0,0.0,0.0,17.0,0.0,0.0,60.0,1.0,0.0,0.0,1.0,0.0,60.0,0.0,0.0
9.0,5.006111,2.5030556,0.0,0.0,413.4,1.3333334,0.5992676,160.0,4.0009432e+06,1.6684e+06,735.99817,1.6994044e+06,5.0052e+06,65535.0,0.0,74.0,68.0,66.0,3.4641016,90.666664,68.0,0.0,0.0,0.07042983,9092.0,0.0,2.0,65535.0,825.7907,5.00611e+06,4.000229e+06,556234.56,134.94492,1.2571378e+06,1.9975586,2.0,0.5992676,240.0,4.000607e+06,1.0012222e+06,205.99365,1.549144e+06,5.006111e+06,2.0,3249.0,643.6667,66.0,1169.4005,1287.3334,643.6667,0.0,5.006111,2.5030556,0.0,0.0,2.0,3249.0,413.4,66.0,948.703,900037.44,6.0,0.0,2.0,272.0,4.0,3862.0,6.0,4.0,6.0,272.0,3862.0,0.0
6.0,0.077842,0.038921,0.0,0.0,89.42857,0.0,0.0,0.0,0.0,0.0,0.0,0.0,0.0,0.0,0.0,0.0,0.0,0.0,0.0,0.0,0.0,0.0,0.0,0.0,80.0,0.0,1.0,65535.0,8041.931,77841.0,38305.996,12973.666,1100.0634,14725.347,89.92575,0.0,0.0,280.0,38305.996,12973.666,1100.0634,14725.347,77842.0,1.0,222.0,89.42857,66.0,58.534485,0.0,89.42857,0.0,0.077842,0.038921,0.0,0.0,1.0,222.0,89.42857,66.0,58.534485,3426.2856,6.0,0.0,1.0,0.0,0.0,626.0,7.0,0.0,7.0,0.0,626.0,0.0
18.0,120.36262,60.18131,0.0,0.0,117.0,0.0,400.0,0.0,1.2035954e+08,1.337362e+07,0.0,4.0119716e+07,1.20362584e+08,65535.0,2.0,364.0,117.6,66.0,107.036026,0.0,117.6,0.0,0.0,1.0103092,42050.0,0.0,4.0,65535.0,19.441252,1.20362616e+08,1.203595e+08,6.3348745e+06,0.0,2.7612324e+07,0.16616455,0.0,400.0,0.0,1.2035952e+08,1.3373622e+07,55.07469,4.011971e+07,1.203626e+08,2.0,365.0,116.4,66.0,105.32932,0.0,116.4,0.0,120.36262,60.18131,0.0,0.0,4.0,365.0,117.0,66.0,103.3558,10682.421,6.0,0.0,4.0,1176.0,10.0,1164.0,10.0,10.0,10.0,1176.0,1164.0,0.0
58.0,8023.2485,4011.6243,0.0,0.0,418.90625,5.3333335,0.00074782677,1280.0,2.9114826e+09,2.5881446e+08,0.0,6.975993e+08,8.0232484e+09,65535.0,6.0,427.0,125.3125,66.0,121.43219,668.3333,125.3125,0.0,0.0,0.1758772,45154.0,0.0,12.0,65535.0,3.3415391,8.0232484e+09,2.9114826e+09,1.2735315e+08,0.0,5.061641e+08,0.007976819,5.3333335,0.00074782677,1280.0,2.9114826e+09,2.5881446e+08,55.07469,6.975992e+08,8.0232484e+09,8.0,3506.0,712.5,66.0,1266.4603,3800.0,712.5,0.0,8023.2485,4011.6243,0.0,0.0,14.0,3506.0,418.90625,66.0,946.325,895531.06,6.0,0.0,12.0,4010.0,32.0,22800.0,32.0,32.0,32.0,4010.0,22800.0,0.0
9.0,0.009702921,0.0048514605,0.0,0.0,205.7,6.0,103.06175,240.0,4955.053,1940.5842,507.83157,1731.7969,9702.921,65535.0,1.0,282.0,103.333336,66.0,79.95554,620.0,103.333336,0.0,0.0,0.43145442,42495.0,0.0,2.0,65535.0,211998.02,9702.0,4955.053,1078.1023,132.0839,1476.7091,1030.6174,4.0,103.06175,160.0,5524.8735,2963.6223,1308.918,1836.653,8890.867,1.0,1231.0,359.25,66.0,503.3157,1437.0,359.25,0.0,0.009702921,0.0048514605,0.0,0.0,2.0,1231.0,205.7,66.0,347.68494,120884.81,6.0,0.0,2.0,620.0,6.0,1437.0,4.0,6.0,4.0,620.0,1437.0,0.0
7.0,0.0013551712,0.0006775856,0.0,0.0,68.125,5.0,737.9141,200.0,718.11676,338.7928,0.0,340.00287,1355.1711,65535.0,1.0,74.0,67.8,66.0,3.1241,339.0,67.8,0.0,0.0,1.6456311,58604.0,0.0,2.0,65535.0,402163.22,1355.0,365.01886,193.59589,0.0,137.56035,5903.313,3.0,737.9141,120.0,698.0896,463.00888,227.92816,235.08072,926.01776,0.0,74.0,68.666664,66.0,3.7712362,206.0,68.666664,0.0,0.0013551712,0.0006775856,0.0,0.0,1.0,74.0,68.125,66.0,3.4072533,11.609375,6.0,0.0,2.0,339.0,5.0,206.0,3.0,5.0,3.0,339.0,206.0,0.0
0.0,1e-06,5e-07,0.0,0.0,60.0,0.0,0.0,28.0,0.0,0.0,0.0,0.0,0.0,0.0,0.0,60.0,60.0,60.0,0.0,0.0,60.0,0.0,0.0,0.0,63722.0,0.0,0.0,0.0,6e+07,1.0,0.0,0.0,0.0,0.0,1e+06,0.0,0.0,0.0,0.0,0.0,0.0,0.0,0.0,0.0,0.0,0.0,0.0,0.0,0.0,0.0,0.0,1e-06,5e-07,0.0,0.0,0.0,60.0,60.0,60.0,0.0,0.0,17.0,0.0,0.0,60.0,1.0,0.0,0.0,1.0,0.0,60.0,0.0,0.0
116.0,8024.172,4012.086,0.0,0.0,422.35156,5.3333335,0.0014954814,2560.0,1.743835e+09,1.2736781e+08,0.0,3.6268445e+08,8.024172e+09,65535.0,12.0,641.0,132.20312,66.0,138.51706,705.0833,132.20312,0.0,0.0,0.18554825,46674.0,0.0,24.0,65535.0,6.7372684,8.024172e+09,1.7438349e+09,6.3182456e+07,0.0,2.632632e+08,0.015951801,5.3333335,0.0014954814,2560.0,1.743835e+09,1.2736781e+08,42.915344,3.6268445e+08,8.024172e+09,16.0,3506.0,712.5,66.0,1266.4603,3800.0,712.5,0.0,8024.172,4012.086,0.0,0.0,28.0,3506.0,422.35156,66.0,946.43567,895740.5,6.0,0.0,24.0,8461.0,64.0,45600.0,64.0,64.0,64.0,8461.0,45600.0,0.0
0.0,3.850616,1.925308,0.0,0.0,60.0,0.0,0.0,0.0,0.0,0.0,0.0,0.0,0.0,0.0,0.0,0.0,0.0,0.0,0.0,0.0,0.0,0.0,0.0,0.0,80.0,0.0,0.0,65535.0,31.163845,3.850615e+06,3.850616e+06,3.850616e+06,3.850616e+06,0.0,0.51939744,0.0,0.0,80.0,3.850616e+06,3.850616e+06,3.850616e+06,0.0,3.850616e+06,0.0,60.0,60.0,60.0,0.0,0.0,60.0,0.0,3.850616,1.925308,0.0,0.0,0.0,60.0,60.0,60.0,0.0,0.0,6.0,0.0,2.0,0.0,0.0,120.0,2.0,0.0,2.0,0.0,120.0,0.0
6.0,0.0087480545,0.0043740273,0.0,0.0,70.75,3.0,114.31113,120.0,6518.1255,3710.5083,902.8912,2807.6172,7421.0166,65535.0,1.0,99.0,79.666664,66.0,14.055446,239.0,79.666664,0.0,0.0,0.7308869,22.0,0.0,1.0,65535.0,64700.1,8748.0,6518.1255,1249.722,27.894974,2194.9373,914.489,5.0,114.31113,200.0,7225.99,2187.0137,81.06232,2952.4585,8748.055,1.0,74.0,65.4,54.0,6.437391,327.0,65.4,0.0,0.0087480545,0.0043740273,0.0,0.0,2.0,99.0,70.75,54.0,12.152675,147.6875,6.0,1.0,2.0,239.0,3.0,327.0,5.0,3.0,5.0,239.0,327.0,0.0
1.0,1e-06,5e-07,0.0,0.0,58.0,0.0,0.0,0.0,0.0,0.0,0.0,0.0,0.0,0.0,0.0,0.0,0.0,0.0,0.0,0.0,0.0,0.0,0.0,0.0,24844.0,0.0,0.0,65535.0,5.8e+07,1.0,0.0,0.0,0.0,0.0,1e+06,0.0,0.0,40.0,0.0,0.0,0.0,0.0,0.0,0.0,58.0,58.0,58.0,0.0,0.0,58.0,0.0,1e-06,5e-07,0.0,0.0,0.0,58.0,58.0,58.0,0.0,0.0,6.0,0.0,1.0,0.0,0.0,58.0,1.0,0.0,1.0,0.0,58.0,0.0
0.0,1e-06,5e-07,0.0,0.0,60.0,1.0,1e+06,40.0,0.0,0.0,0.0,0.0,0.0,65535.0,0.0,60.0,60.0,60.0,0.0,60.0,60.0,0.0,0.0,0.0,2231.0,0.0,0.0,0.0,6e+07,1.0,0.0,0.0,0.0,0.0,1e+06,0.0,0.0,0.0,0.0,0.0,0.0,0.0,0.0,0.0,0.0,0.0,0.0,0.0,0.0,0.0,0.0,1e-06,5e-07,0.0,0.0,0.0,60.0,60.0,60.0,0.0,0.0,6.0,0.0,1.0,60.0,1.0,0.0,0.0,1.0,0.0,60.0,0.0,0.0
0.0,1e-06,5e-07,0.0,0.0,60.0,0.0,0.0,28.0,0.0,0.0,0.0,0.0,0.0,0.0,0.0,60.0,60.0,60.0,0.0,0.0,60.0,0.0,0.0,0.0,29723.0,0.0,0.0,0.0,6e+07,1.0,0.0,0.0,0.0,0.0,1e+06,0.0,0.0,0.0,0.0,0.0,0.0,0.0,0.0,0.0,0.0,0.0,0.0,0.0,0.0,0.0,0.0,1e-06,5e-07,0.0,0.0,0.0,60.0,60.0,60.0,0.0,0.0,17.0,0.0,0.0,60.0,1.0,0.0,0.0,1.0,0.0,60.0,0.0,0.0
1.0,1e-06,5e-07,0.0,0.0,67.0,1.0,1e+06,40.0,0.0,0.0,0.0,0.0,0.0,65535.0,0.0,74.0,74.0,74.0,0.0,74.0,74.0,0.0,0.0,1.2333333,49448.0,0.0,0.0,65535.0,1.34e+08,1.0,0.0,0.0,0.0,0.0,2e+06,1.0,1e+06,40.0,0.0,0.0,0.0,0.0,0.0,0.0,60.0,60.0,60.0,0.0,60.0,60.0,0.0,1e-06,5e-07,0.0,0.0,0.0,74.0,67.0,60.0,7.0,49.0,6.0,1.0,1.0,74.0,1.0,60.0,1.0,1.0,1.0,74.0,60.0,0.0
0.0,1e-06,5e-07,0.0,0.0,60.0,0.0,0.0,0.0,0.0,0.0,0.0,0.0,0.0,0.0,0.0,0.0,0.0,0.0,0.0,0.0,0.0,0.0,0.0,0.0,80.0,0.0,0.0,65535.0,6e+07,1.0,0.0,0.0,0.0,0.0,1e+06,0.0,0.0,40.0,0.0,0.0,0.0,0.0,0.0,0.0,60.0,60.0,60.0,0.0,0.0,60.0,0.0,1e-06,5e-07,0.0,0.0,0.0,60.0,60.0,60.0,0.0,0.0,6.0,0.0,1.0,0.0,0.0,60.0,1.0,0.0,1.0,0.0,60.0,0.0
9.0,0.031074047,0.015537024,0.0,0.0,86.1,5.0,32.181194,200.0,19795.18,7629.9907,412.94098,7641.989,30519.963,65535.0,1.0,244.0,103.2,66.0,70.46815,516.0,103.2,0.0,0.0,1.4956522,43099.0,0.0,2.0,65535.0,27708.01,31074.0,19795.18,3452.6719,0.0,6146.6113,321.81195,5.0,32.181194,200.0,20513.059,7768.5117,452.9953,8240.042,31074.047,1.0,74.0,69.0,66.0,3.6878178,345.0,69.0,0.0,0.031074047,0.015537024,0.0,0.0,2.0,244.0,86.1,66.0,52.74552,2782.09,6.0,0.0,2.0,516.0,5.0,345.0,5.0,5.0,5.0,516.0,345.0,0.0
0.0,3102.1377,1551.0688,0.0,0.0,60.0,1.0,0.0009670751,84.0,2.98034e+09,1.5510688e+09,1.2179756e+08,1.4292712e+09,3.1021376e+09,0.0,0.0,60.0,60.0,60.0,0.0,60.0,60.0,0.0,0.0,0.0,35504.0,0.0,0.0,0.0,0.058024507,3.1021376e+09,2.98034e+09,1.5510688e+09,1.2179756e+08,1.4292712e+09,0.0009670751,0.0,0.0,0.0,0.0,0.0,0.0,0.0,0.0,0.0,0.0,0.0,0.0,0.0,0.0,0.0,0.0,3102.1377,1551.0688,0.0,0.0,0.0,60.0,60.0,60.0,0.0,0.0,17.0,0.0,0.0,180.0,3.0,0.0,0.0,3.0,0.0,180.0,0.0,0.0
9.0,1.796283,0.8981415,0.0,0.0,74.0,3.0,1.1134104,240.0,1.7743249e+06,359256.6,0.0,707570.25,1.796283e+06,65535.0,1.0,79.0,69.5,66.0,5.155903,208.5,69.5,0.0,0.0,1.2910217,59554.0,0.0,2.0,65535.0,411.96182,1.796283e+06,1.773406e+06,199587.0,0.0,556458.9,5.5670514,2.0,1.1134104,160.0,1.773406e+06,598202.06,2262.1155,831022.56,1.7946062e+06,1.0,117.0,80.75,66.0,21.182245,161.5,80.75,0.0,1.796283,0.8981415,0.0,0.0,2.0,117.0,74.0,66.0,15.026643,225.8,6.0,0.0,2.0,417.0,6.0,323.0,4.0,6.0,4.0,417.0,323.0,0.0
0.0,0.028825998,0.014412999,0.0,0.0,187.5,1.0,34.690907,28.0,0.0,0.0,0.0,0.0,0.0,0.0,0.0,242.0,242.0,242.0,0.0,242.0,242.0,0.0,0.0,1.8195488,53.0,0.0,0.0,0.0,13009.09,28825.0,28825.998,28825.998,28825.998,0.0,69.38181,1.0,34.690907,28.0,0.0,0.0,0.0,0.0,0.0,0.0,133.0,133.0,133.0,0.0,133.0,133.0,0.0,0.028825998,0.014412999,0.0,0.0,0.0,242.0,187.5,133.0,54.5,2970.25,17.0,0.0,0.0,242.0,1.0,133.0,1.0,1.0,1.0,242.0,133.0,0.0
1.0,0.00013685226,6.842613e-05,0.0,0.0,60.0,0.0,0.0,40.0,0.0,0.0,0.0,0.0,0.0,65535.0,0.0,60.0,60.0,60.0,0.0,0.0,60.0,0.0,0.0,1.0,7025.0,0.0,0.0,65535.0,876858.0,136.0,136.85226,136.85226,136.85226,0.0,14614.3,0.0,0.0,40.0,0.0,0.0,0.0,0.0,0.0,0.0,60.0,60.0,60.0,0.0,0.0,60.0,0.0,0.00013685226,6.842613e-05,0.0,0.0,0.0,60.0,60.0,60.0,0.0,0.0,6.0,1.0,1.0,60.0,1.0,60.0,1.0,1.0,1.0,60.0,60.0,0.0
9.0,5.0033846,2.5016923,0.0,0.0,393.8,1.3333334,0.5995941,160.0,3.992388e+06,1.6677116e+06,8033.037,1.6932095e+06,5.003135e+06,65535.0,0.0,74.0,68.0,66.0,3.4641016,90.666664,68.0,0.0,0.0,0.07419531,9092.0,0.0,2.0,65535.0,787.0672,5.003384e+06,3.992012e+06,555931.6,0.0,1.2543108e+06,1.998647,2.0,0.5995941,240.0,3.99224e+06,1.00067694e+06,375.98608,1.5450726e+06,5.003385e+06,2.0,3080.0,611.0,66.0,1107.8218,1222.0,611.0,0.0,5.0033846,2.5016923,0.0,0.0,2.0,3080.0,393.8,66.0,898.4041,807129.94,6.0,0.0,2.0,272.0,4.0,3666.0,6.0,4.0,6.0,272.0,3666.0,0.0
1.0,5.6028366e-05,2.8014183e-05,0.0,0.0,64.0,1.0,17848.102,40.0,0.0,0.0,0.0,0.0,0.0,65535.0,0.0,74.0,74.0,74.0,0.0,74.0,74.0,0.0,0.0,1.3703704,38014.0,0.0,0.0,65535.0,2.284557e+06,56.0,56.028366,56.028366,56.028366,0.0,35696.203,1.0,17848.102,40.0,0.0,0.0,0.0,0.0,0.0,0.0,54.0,54.0,54.0,0.0,54.0,54.0,0.0,5.6028366e-05,2.8014183e-05,0.0,0.0,0.0,74.0,64.0,54.0,10.0,100.0,6.0,1.0,1.0,74.0,1.0,54.0,1.0,1.0,1.0,74.0,54.0,0.0
26.0,238.68263,119.34132,0.0,0.0,995.2143,8.0,0.008379328,640.0,2.3861283e+08,1.5912175e+07,0.0,5.9519256e+07,2.3868262e+08,65535.0,2.0,2369.0,294.5,66.0,625.3054,2356.0,294.5,0.0,0.0,0.20350695,58420.0,0.0,4.0,65535.0,116.749176,2.3868262e+08,2.3861283e+08,8.840097e+06,0.0,4.506214e+07,0.11731059,6.0,0.008379328,480.0,2.3861326e+08,2.1698254e+07,25.987625,6.859455e+07,2.386808e+08,6.0,7306.0,1929.5,66.0,2189.9448,11577.0,1929.5,0.0,238.68263,119.34132,0.0,0.0,8.0,7306.0,995.2143,66.0,1712.7369,2.9334678e+06,6.0,0.0,4.0,4712.0,16.0,23154.0,12.0,16.0,12.0,4712.0,23154.0,0.0
1.0,0.0001270771,6.353855e-05,0.0,0.0,64.0,1.0,7869.2383,40.0,0.0,0.0,0.0,0.0,0.0,65535.0,0.0,74.0,74.0,74.0,0.0,74.0,74.0,0.0,0.0,1.3703704,34994.0,0.0,0.0,65535.0,1.0072625e+06,127.0,127.0771,127.0771,127.0771,0.0,15738.477,1.0,7869.2383,40.0,0.0,0.0,0.0,0.0,0.0,0.0,54.0,54.0,54.0,0.0,54.0,54.0,0.0,0.0001270771,6.353855e-05,0.0,0.0,0.0,74.0,64.0,54.0,10.0,100.0,6.0,1.0,1.0,74.0,1.0,54.0,1.0,1.0,1.0,74.0,54.0,0.0
9.0,0.0035440922,0.0017720461,0.0,0.0,203.7,6.0,282.1597,240.0,1549.0055,708.8184,0.0,524.89417,3544.0923,65535.0,1.0,340.0,113.0,66.0,101.55951,678.0,113.0,0.0,0.0,0.49889624,60318.0,0.0,2.0,65535.0,574759.3,3544.0,1084.0892,393.78802,0.0,371.11234,2821.597,4.0,282.1597,160.0,1146.0781,1121.0442,1084.0892,26.673773,3363.1326,1.0,1153.0,339.75,66.0,469.54147,1359.0,339.75,0.0,0.0035440922,0.0017720461,0.0,0.0,2.0,1153.0,203.7,66.0,326.67416,106716.01,6.0,0.0,2.0,678.0,6.0,1359.0,4.0,6.0,4.0,678.0,1359.0,0.0
58.0,5940.9844,2970.4922,0.0,0.0,454.79688,4.3333335,0.0010099337,1040.0,2.1137921e+09,2.3763934e+08,0.0,5.926034e+08,5.940984e+09,65535.0,8.0,7306.0,994.53845,66.0,2095.046,4309.6665,994.53845,0.0,0.0,7.9587564,80.0,0.0,12.0,65535.0,4.8993564,5.9409843e+09,2.1137915e+09,9.4301336e+07,0.0,3.9099043e+08,0.010772626,6.3333335,0.0010099337,1520.0,2.1137915e+09,1.6056715e+08,36.95488,4.9965792e+08,5.9409843e+09,6.0,268.0,85.5,66.0,45.156307,541.5,85.5,0.0,5940.9844,2970.4922,0.0,0.0,14.0,7306.0,454.79688,66.0,1408.423,1.9836554e+06,6.0,0.0,12.0,25858.0,26.0,3249.0,38.0,26.0,38.0,25858.0,3249.0,0.0
45.0,1863.1356,931.5678,0.0,0.0,125.14,6.0,0.002683648,1200.0,1.0246142e+09,6.4246056e+07,0.0,2.0615029e+08,1.8631356e+09,65535.0,5.0,307.0,98.73333,66.0,71.062386,592.4,98.73333,0.0,0.0,0.89893776,42936.0,0.0,10.0,65535.0,3.358317,1.8631356e+09,1.0246142e+09,3.8023176e+07,0.0,1.6170627e+08,0.02683648,4.0,0.002683648,800.0,1.0246146e+09,9.805974e+07,164.98566,2.4809192e+08,1.8631351e+09,5.0,453.0,164.75,66.0,166.45326,659.0,164.75,0.0,1863.1356,931.5678,0.0,0.0,10.0,453.0,125.14,66.0,123.1201,15158.561,6.0,0.0,10.0,2962.0,30.0,3295.0,20.0,30.0,20.0,2962.0,3295.0,0.0
1.0,0.00030493736,0.00015246868,0.0,0.0,60.0,1.0,3279.362,40.0,0.0,0.0,0.0,0.0,0.0,65535.0,0.0,60.0,60.0,60.0,0.0,60.0,60.0,0.0,0.0,1.0,2820.0,0.0,0.0,65535.0,393523.44,304.0,304.93738,304.93738,304.93738,0.0,6558.724,1.0,3279.362,40.0,0.0,0.0,0.0,0.0,0.0,0.0,60.0,60.0,60.0,0.0,60.0,60.0,0.0,0.00030493736,0.00015246868,0.0,0.0,0.0,60.0,60.0,60.0,0.0,0.0,6.0,1.0,1.0,60.0,1.0,60.0,1.0,1.0,1.0,60.0,60.0,0.0
0.0,0.00046300888,0.00023150444,0.0,0.0,124.0,1.0,2159.786,28.0,0.0,0.0,0.0,0.0,0.0,0.0,0.0,91.0,91.0,91.0,0.0,91.0,91.0,0.0,0.0,0.57961786,53053.0,0.0,0.0,0.0,535626.9,463.0,463.00888,463.00888,463.00888,0.0,4319.572,1.0,2159.786,28.0,0.0,0.0,0.0,0.0,0.0,0.0,157.0,157.0,157.0,0.0,157.0,157.0,0.0,0.00046300888,0.00023150444,0.0,0.0,0.0,157.0,124.0,91.0,33.0,1089.0,17.0,0.0,0.0,91.0,1.0,157.0,1.0,1.0,1.0,91.0,157.0,0.0
30.0,1620.6104,810.3052,0.0,0.0,186.0,6.6666665,0.0018511544,800.0,1.618642e+09,8.529526e+07,398.87427,3.6141344e+08,1.6206099e+09,65535.0,6.0,834.0,129.9,66.0,173.05286,866.0,129.9,0.0,0.0,0.7338983,52942.0,0.0,3.0,65535.0,3.7874618,1.6206104e+09,1.618642e+09,5.0644076e+07,0.0,2.8162086e+08,0.020362698,4.3333335,0.0018511544,520.0,1.6186423e+09,1.3505078e+08,0.0,4.4731984e+08,1.6206093e+09,7.0,1170.0,272.30768,60.0,384.62836,1180.0,272.30768,0.0,1620.6104,810.3052,0.0,0.0,13.0,1170.0,186.0,60.0,285.0802,81270.73,6.0,1.0,4.0,2598.0,20.0,3540.0,13.0,20.0,13.0,2598.0,3540.0,0.0
5.0,1.0271308,0.5135654,0.0,0.0,68.666664,2.0,1.9471716,160.0,1.0254271e+06,342376.94,801.8017,482989.4,1.0271308e+06,65535.0,0.0,74.0,68.0,66.0,3.4641016,136.0,68.0,0.0,0.0,1.9428571,54842.0,0.0,2.0,65535.0,401.11734,1.02713e+06,1.0254271e+06,205426.17,11.920929,410000.56,5.8415146,1.0,1.9471716,80.0,1.02653e+06,1.02653e+06,1.02653e+06,0.0,1.02653e+06,0.0,74.0,70.0,66.0,4.0,70.0,70.0,0.0,1.0271308,0.5135654,0.0,0.0,0.0,74.0,68.666664,66.0,3.7712362,14.222222,6.0,0.0,2.0,272.0,4.0,140.0,2.0,4.0,2.0,272.0,140.0,0.0
1.0,0.000426054,0.000213027,0.0,0.0,67.0,1.0,2347.1204,40.0,0.0,0.0,0.0,0.0,0.0,65535.0,0.0,74.0,74.0,74.0,0.0,74.0,74.0,0.0,0.0,1.2333333,53074.0,0.0,0.0,65535.0,314514.12,426.0,426.05402,426.05402,426.05402,0.0,4694.2407,1.0,2347.1204,40.0,0.0,0.0,0.0,0.0,0.0,0.0,60.0,60.0,60.0,0.0,60.0,60.0,0.0,0.000426054,0.000213027,0.0,0.0,0.0,74.0,67.0,60.0,7.0,49.0,6.0,1.0,1.0,74.0,1.0,60.0,1.0,1.0,1.0,74.0,60.0,0.0
1.0,0.00066185,0.000330925,0.0,0.0,60.0,0.0,0.0,40.0,0.0,0.0,0.0,0.0,0.0,65535.0,0.0,60.0,60.0,60.0,0.0,0.0,60.0,0.0,0.0,1.0,64070.0,0.0,0.0,65535.0,181309.97,661.0,661.85,661.85,661.85,0.0,3021.8328,0.0,0.0,40.0,0.0,0.0,0.0,0.0,0.0,0.0,60.0,60.0,60.0,0.0,0.0,60.0,0.0,0.00066185,0.000330925,0.0,0.0,0.0,60.0,60.0,60.0,0.0,0.0,6.0,1.0,1.0,60.0,1.0,60.0,1.0,1.0,1.0,60.0,60.0,0.0
1.0,1e-06,5e-07,0.0,0.0,58.0,0.0,0.0,0.0,0.0,0.0,0.0,0.0,0.0,0.0,0.0,0.0,0.0,0.0,0.0,0.0,0.0,0.0,0.0,0.0,30630.0,0.0,0.0,65535.0,5.8e+07,1.0,0.0,0.0,0.0,0.0,1e+06,0.0,0.0,40.0,0.0,0.0,0.0,0.0,0.0,0.0,58.0,58.0,58.0,0.0,0.0,58.0,0.0,1e-06,5e-07,0.0,0.0,0.0,58.0,58.0,58.0,0.0,0.0,6.0,0.0,1.0,0.0,0.0,58.0,1.0,0.0,1.0,0.0,58.0,0.0
1.0,0.0007970333,0.00039851665,0.0,0.0,60.0,1.0,1254.6527,40.0,0.0,0.0,0.0,0.0,0.0,65535.0,0.0,60.0,60.0,60.0,0.0,60.0,60.0,0.0,0.0,1.0,2254.0,0.0,0.0,65535.0,150558.33,797.0,797.0333,797.0333,797.0333,0.0,2509.3054,1.0,1254.6527,40.0,0.0,0.0,0.0,0.0,0.0,0.0,60.0,60.0,60.0,0.0,60.0,60.0,0.0,0.0007970333,0.00039851665,0.0,0.0,0.0,60.0,60.0,60.0,0.0,0.0,6.0,1.0,1.0,60.0,1.0,60.0,1.0,1.0,1.0,60.0,60.0,0.0
0.0,1e-06,5e-07,0.0,0.0,93.0,0.0,0.0,0.0,0.0,0.0,0.0,0.0,0.0,0.0,0.0,0.0,0.0,0.0,0.0,0.0,0.0,0.0,0.0,0.0,53.0,0.0,0.0,0.0,9.3e+07,1.0,0.0,0.0,0.0,0.0,1e+06,1.0,1e+06,28.0,0.0,0.0,0.0,0.0,0.0,0.0,93.0,93.0,93.0,0.0,93.0,93.0,0.0,1e-06,5e-07,0.0,0.0,0.0,93.0,93.0,93.0,0.0,0.0,17.0,0.0,0.0,0.0,0.0,93.0,1.0,0.0,1.0,0.0,93.0,0.0
0.0,1e-06,5e-07,0.0,0.0,100.0,1.0,1e+06,28.0,0.0,0.0,0.0,0.0,0.0,0.0,0.0,100.0,100.0,100.0,0.0,100.0,100.0,0.0,0.0,0.0,53.0,0.0,0.0,0.0,1e+08,1.0,0.0,0.0,0.0,0.0,1e+06,0.0,0.0,0.0,0.0,0.0,0.0,0.0,0.0,0.0,0.0,0.0,0.0,0.0,0.0,0.0,0.0,1e-06,5e-07,0.0,0.0,0.0,100.0,100.0,100.0,0.0,0.0,17.0,0.0,0.0,100.0,1.0,0.0,0.0,1.0,0.0,100.0,0.0,0.0
1.0,0.0004990101,0.00024950504,0.0,0.0,67.0,1.0,2003.9675,40.0,0.0,0.0,0.0,0.0,0.0,65535.0,0.0,74.0,74.0,74.0,0.0,74.0,74.0,0.0,0.0,1.2333333,34049.0,0.0,0.0,65535.0,268531.66,499.0,499.01007,499.01007,499.01007,0.0,4007.935,1.0,2003.9675,40.0,0.0,0.0,0.0,0.0,0.0,0.0,60.0,60.0,60.0,0.0,60.0,60.0,0.0,0.0004990101,0.00024950504,0.0,0.0,0.0,74.0,67.0,60.0,7.0,49.0,6.0,1.0,1.0,74.0,1.0,60.0,1.0,1.0,1.0,74.0,60.0,0.0
63.0,1962.6187,981.3093,0.0,0.0,125.27143,6.0,0.0035666632,1680.0,9.685298e+08,4.7868748e+07,0.0,1.6064376e+08,1.9626186e+09,65535.0,7.0,306.0,98.95238,66.0,72.16382,593.7143,98.95238,0.0,0.0,0.90093213,60670.0,0.0,14.0,65535.0,4.46801,1.9626186e+09,9.685298e+08,2.8443748e+07,0.0,1.2604273e+08,0.035666633,4.0,0.0035666632,1120.0,9.685299e+08,7.268957e+07,266.07513,1.9334771e+08,1.9626182e+09,7.0,453.0,164.75,66.0,166.45326,659.0,164.75,0.0,1962.6187,981.3093,0.0,0.0,14.0,453.0,125.27143,66.0,123.475845,15246.283,6.0,0.0,14.0,4156.0,42.0,4613.0,28.0,42.0,28.0,4156.0,4613.0,0.0
41.0,2065.486,1032.743,0.0,0.0,105.41304,5.6,0.0024207376,1120.0,1.2421412e+09,7.649948e+07,0.0,2.444533e+08,2.0654861e+09,65535.0,5.0,344.0,87.85714,66.0,61.78691,492.0,87.85714,0.0,0.0,1.0297196,55082.0,0.0,10.0,65535.0,2.3476315,2.0654861e+09,1.2421412e+09,4.5899692e+07,0.0,1.9302582e+08,0.022270788,3.6,0.0024207376,720.0,1.2421414e+09,1.2149916e+08,236.98807,2.9906774e+08,2.0654858e+09,3.0,453.0,132.72223,66.0,143.27394,477.8,132.72223,0.0,2065.486,1032.743,0.0,0.0,8.0,453.0,105.41304,66.0,104.09456,10835.677,6.0,0.0,10.0,2460.0,28.0,2389.0,18.0,28.0,18.0,2460.0,2389.0,0.0
0.0,1e-06,5e-07,0.0,0.0,60.0,0.0,0.0,28.0,0.0,0.0,0.0,0.0,0.0,0.0,0.0,60.0,60.0,60.0,0.0,0.0,60.0,0.0,0.0,0.0,44766.0,0.0,0.0,0.0,6e+07,1.0,0.0,0.0,0.0,0.0,1e+06,0.0,0.0,0.0,0.0,0.0,0.0,0.0,0.0,0.0,0.0,0.0,0.0,0.0,0.0,0.0,0.0,1e-06,5e-07,0.0,0.0,0.0,60.0,60.0,60.0,0.0,0.0,17.0,0.0,0.0,60.0,1.0,0.0,0.0,1.0,0.0,60.0,0.0,0.0
0.0,1.851172,0.925586,0.0,0.0,60.0,0.0,0.0,56.0,1.851172e+06,1.851172e+06,1.851172e+06,0.0,1.851172e+06,0.0,0.0,60.0,60.0,60.0,0.0,0.0,60.0,0.0,0.0,0.0,851.0,0.0,0.0,0.0,64.8238,1.851171e+06,1.851172e+06,1.851172e+06,1.851172e+06,0.0,1.0803967,0.0,0.0,0.0,0.0,0.0,0.0,0.0,0.0,0.0,0.0,0.0,0.0,0.0,0.0,0.0,0.0,1.851172,0.925586,0.0,0.0,0.0,60.0,60.0,60.0,0.0,0.0,17.0,0.0,0.0,120.0,2.0,0.0,0.0,2.0,0.0,120.0,0.0,0.0
11.0,0.0021440983,0.0010720491,0.0,0.0,1008.4167,7.0,466.39655,280.0,883.8177,357.3497,0.0,338.32257,2144.0984,65535.0,1.0,186.0,84.28571,66.0,41.61632,590.0,84.28571,0.0,0.0,0.05125532,13875.0,0.0,2.0,65535.0,5.6438645e+06,2144.0,460.8631,194.91803,0.0,162.48296,5596.7583,5.0,466.39655,200.0,627.0409,410.02036,195.98007,156.83833,1640.0814,2.0,7306.0,2302.2,66.0,2928.59,11511.0,2302.2,0.0,0.0021440983,0.0010720491,0.0,0.0,3.0,7306.0,1008.4167,66.0,2184.087,4.7702355e+06,6.0,0.0,2.0,590.0,7.0,11511.0,5.0,7.0,5.0,590.0,11511.0,0.0
5.0,54.553104,27.276552,0.0,0.0,58.0,0.0,0.0,0.0,0.0,0.0,0.0,0.0,0.0,0.0,0.0,0.0,0.0,0.0,0.0,0.0,0.0,0.0,0.0,0.0,25068.0,0.0,0.0,65535.0,5.3159213,5.4553104e+07,3.9825508e+07,1.3638276e+07,152.11105,1.8547626e+07,0.09165381,0.0,0.0,200.0,3.9825508e+07,1.3638276e+07,152.11105,1.8547626e+07,5.4553104e+07,0.0,58.0,58.0,58.0,0.0,0.0,58.0,0.0,54.553104,27.276552,0.0,0.0,0.0,58.0,58.0,58.0,0.0,0.0,6.0,0.0,5.0,0.0,0.0,290.0,5.0,0.0,5.0,0.0,290.0,0.0
0.0,1e-06,5e-07,0.0,0.0,96.0,1.0,1e+06,28.0,0.0,0.0,0.0,0.0,0.0,0.0,0.0,96.0,96.0,96.0,0.0,96.0,96.0,0.0,0.0,0.0,42990.0,0.0,0.0,0.0,9.6e+07,1.0,0.0,0.0,0.0,0.0,1e+06,0.0,0.0,0.0,0.0,0.0,0.0,0.0,0.0,0.0,0.0,0.0,0.0,0.0,0.0,0.0,0.0,1e-06,5e-07,0.0,0.0,0.0,96.0,96.0,96.0,0.0,0.0,17.0,0.0,0.0,96.0,1.0,0.0,0.0,1.0,0.0,96.0,0.0,0.0
95.0,4993.2944,2496.6472,0.0,0.0,427.09525,5.2,0.0020026858,2080.0,1.0699258e+09,9.7907736e+07,0.0,2.5736118e+08,4.9932943e+09,65535.0,10.0,452.0,132.0577,66.0,132.27701,686.7,132.0577,0.0,0.0,0.1808152,39642.0,0.0,20.0,65535.0,8.981045,4.9932943e+09,1.06992576e+09,4.801245e+07,0.0,1.8675146e+08,0.0210282,5.3,0.0020026858,2120.0,1.06992576e+09,9.60249e+07,40.05432,2.5522898e+08,4.9932943e+09,13.0,3506.0,716.56604,66.0,1277.1769,3797.8,716.56604,0.0,4993.2944,2496.6472,0.0,0.0,23.0,3506.0,427.09525,66.0,957.8246,917427.94,6.0,0.0,20.0,6867.0,52.0,37978.0,53.0,52.0,53.0,6867.0,37978.0,0.0
14.0,2289.809,1144.9045,0.0,0.0,73.2,5.5,0.0008734353,440.0,2.289804e+09,2.289809e+08,0.0,6.8694106e+08,2.289809e+09,65535.0,2.0,92.0,70.0,60.0,11.4732895,385.0,70.0,0.0,0.0,1.1095101,22.0,0.0,2.0,65535.0,0.63935465,2.2898092e+09,2.289804e+09,1.20516264e+08,0.0,5.1130605e+08,0.008734353,4.5,0.0008734353,360.0,2.289804e+09,2.8622608e+08,221.9677,7.572813e+08,2.2898086e+09,2.0,108.0,77.111115,66.0,16.81563,347.0,77.111115,0.0,2289.809,1144.9045,0.0,0.0,4.0,108.0,73.2,60.0,14.565713,212.16,6.0,5.0,4.0,770.0,11.0,694.0,9.0,11.0,9.0,770.0,694.0,0.0
0.0,3.4093857e-05,1.7046928e-05,0.0,0.0,60.0,0.0,0.0,56.0,34.093857,34.093857,34.093857,0.0,34.093857,0.0,0.0,60.0,60.0,60.0,0.0,0.0,60.0,0.0,0.0,0.0,19314.0,0.0,0.0,0.0,3.5196958e+06,34.0,34.093857,34.093857,34.093857,0.0,58661.594,0.0,0.0,0.0,0.0,0.0,0.0,0.0,0.0,0.0,0.0,0.0,0.0,0.0,0.0,0.0,0.0,3.4093857e-05,1.7046928e-05,0.0,0.0,0.0,60.0,60.0,60.0,0.0,0.0,17.0,0.0,0.0,120.0,2.0,0.0,0.0,2.0,0.0,120.0,0.0,0.0
6.0,36.813328,18.406664,0.0,0.0,58.0,0.0,0.0,0.0,0.0,0.0,0.0,0.0,0.0,0.0,0.0,0.0,0.0,0.0,0.0,0.0,0.0,0.0,0.0,0.0,3358.0,0.0,0.0,65535.0,9.453098,3.681333e+07,1.4055945e+07,7.3626655e+06,136.13701,6.935461e+06,0.16298445,0.0,0.0,240.0,1.4055945e+07,7.3626655e+06,136.13701,6.935461e+06,3.681333e+07,0.0,58.0,58.0,58.0,0.0,0.0,58.0,0.0,36.813328,18.406664,0.0,0.0,0.0,58.0,58.0,58.0,0.0,0.0,6.0,0.0,6.0,0.0,0.0,348.0,6.0,0.0,6.0,0.0,348.0,0.0
2.0,319.57272,159.78636,0.0,0.0,64.0,1.0,0.0062583564,80.0,3.1957274e+08,3.1957274e+08,3.1957274e+08,0.0,3.1957274e+08,65535.0,0.0,74.0,74.0,74.0,0.0,74.0,74.0,0.0,0.0,1.3703704,47322.0,0.0,0.0,65535.0,0.8010696,3.195727e+08,3.1957267e+08,1.0652424e+08,10.01358,1.5064798e+08,0.012516713,1.0,0.0062583564,80.0,3.1957267e+08,3.1957267e+08,3.1957267e+08,0.0,3.1957267e+08,0.0,54.0,54.0,54.0,0.0,54.0,54.0,0.0,319.57272,159.78636,0.0,0.0,0.0,74.0,64.0,54.0,10.0,100.0,6.0,2.0,2.0,148.0,2.0,108.0,2.0,2.0,2.0,148.0,108.0,0.0
1.0,0.00013709068,6.854534e-05,0.0,0.0,57.0,1.0,7294.442,40.0,0.0,0.0,0.0,0.0,0.0,65535.0,0.0,60.0,60.0,60.0,0.0,60.0,60.0,0.0,0.0,1.1111112,1133.0,0.0,0.0,65535.0,831566.4,137.0,137.09068,137.09068,137.09068,0.0,14588.884,1.0,7294.442,40.0,0.0,0.0,0.0,0.0,0.0,0.0,54.0,54.0,54.0,0.0,54.0,54.0,0.0,0.00013709068,6.854534e-05,0.0,0.0,0.0,60.0,57.0,54.0,3.0,9.0,6.0,1.0,1.0,60.0,1.0,54.0,1.0,1.0,1.0,60.0,54.0,0.0
12.0,0.0052990913,0.0026495457,0.0,0.0,95.46154,7.0,188.7116,280.0,3093.958,883.1819,0.0,1042.6143,5299.0913,65535.0,2.0,164.0,87.42857,66.0,34.6198,612.0,87.42857,0.0,0.0,0.972973,60324.0,0.0,2.0,65535.0,234191.1,5299.0,2949.9531,441.59094,0.0,775.6382,2453.2507,6.0,188.7116,240.0,3105.879,977.2301,138.99803,1103.2744,4886.1504,3.0,177.0,104.833336,66.0,46.609787,629.0,104.833336,0.0,0.0052990913,0.0026495457,0.0,0.0,5.0,177.0,95.46154,66.0,41.512955,1723.3254,6.0,0.0,2.0,612.0,7.0,629.0,6.0,7.0,6.0,612.0,629.0,0.0
0.0,10.013926,5.006963,0.0,0.0,109.0,1.0,0.099860944,28.0,0.0,0.0,0.0,0.0,0.0,0.0,0.0,101.0,101.0,101.0,0.0,101.0,101.0,0.0,0.0,0.8632479,33088.0,0.0,0.0,0.0,21.769686,1.0013925e+07,1.0013925e+07,1.0013925e+07,1.0013925e+07,0.0,0.19972189,1.0,0.099860944,28.0,0.0,0.0,0.0,0.0,0.0,0.0,117.0,117.0,117.0,0.0,117.0,117.0,0.0,10.013926,5.006963,0.0,0.0,0.0,117.0,109.0,101.0,8.0,64.0,17.0,0.0,0.0,101.0,1.0,117.0,1.0,1.0,1.0,101.0,117.0,0.0
9.0,0.00122118,0.00061059,0.0,0.0,88.7,5.0,818.8801,200.0,543.83276,301.5399,141.1438,154.20839,1206.1595,65535.0,1.0,270.0,108.4,66.0,80.85938,542.0,108.4,0.0,0.0,1.5710145,45729.0,0.0,2.0,65535.0,726346.7,1221.0,321.14984,135.68666,7.867813,112.55133,8188.8013,5.0,818.8801,200.0,624.1798,300.5266,54.836273,210.66473,1202.1064,1.0,74.0,69.0,66.0,3.6878178,345.0,69.0,0.0,0.00122118,0.00061059,0.0,0.0,2.0,270.0,88.7,66.0,60.531067,3664.01,6.0,0.0,2.0,542.0,5.0,345.0,5.0,5.0,5.0,542.0,345.0,0.0
96.0,9931.158,4965.579,0.0,0.0,423.73584,5.3,0.0010069319,2120.0,3.192379e+09,1.9098382e+08,0.0,6.151213e+08,9.931159e+09,65535.0,10.0,443.0,130.90565,66.0,131.42,693.8,130.90565,0.0,0.0,0.18268472,33668.0,0.0,20.0,65535.0,4.522735,9.931159e+09,3.192379e+09,9.458246e+07,0.0,4.432868e+08,0.010673477,5.3,0.0010069319,2120.0,3.192379e+09,1.9098382e+08,44.822693,6.151213e+08,9.931159e+09,13.0,3506.0,716.56604,66.0,1277.1769,3797.8,716.56604,0.0,9931.158,4965.579,0.0,0.0,23.0,3506.0,423.73584,66.0,953.92633,909975.5,6.0,0.0,20.0,6938.0,53.0,37978.0,53.0,53.0,53.0,6938.0,37978.0,0.0
9.0,0.0034999847,0.0017499924,0.0,0.0,328.7,6.0,285.71555,240.0,1925.9453,699.99695,0.9536743,682.53156,3499.9846,65535.0,1.0,336.0,112.333336,66.0,100.06942,674.0,112.333336,0.0,0.0,0.25794107,40250.0,0.0,2.0,65535.0,939146.94,3499.0,1639.1277,388.8872,0.0,479.9533,2857.1553,4.0,285.71555,160.0,1639.1277,1005.0138,460.8631,485.21262,3015.0413,1.0,2407.0,653.25,66.0,1012.5333,2613.0,653.25,0.0,0.0034999847,0.0017499924,0.0,0.0,2.0,2407.0,328.7,66.0,697.3662,486319.62,6.0,0.0,2.0,674.0,6.0,2613.0,4.0,6.0,4.0,674.0,2613.0,0.0
0.0,1e-06,5e-07,0.0,0.0,94.0,0.0,0.0,28.0,0.0,0.0,0.0,0.0,0.0,0.0,0.0,94.0,94.0,94.0,0.0,0.0,94.0,0.0,0.0,0.0,33567.0,0.0,0.0,0.0,9.4e+07,1.0,0.0,0.0,0.0,0.0,1e+06,0.0,0.0,0.0,0.0,0.0,0.0,0.0,0.0,0.0,0.0,0.0,0.0,0.0,0.0,0.0,0.0,1e-06,5e-07,0.0,0.0,0.0,94.0,94.0,94.0,0.0,0.0,17.0,0.0,0.0,94.0,1.0,0.0,0.0,1.0,0.0,94.0,0.0,0.0
1.0,1e-06,5e-07,0.0,0.0,54.0,0.0,0.0,0.0,0.0,0.0,0.0,0.0,0.0,0.0,0.0,0.0,0.0,0.0,0.0,0.0,0.0,0.0,0.0,0.0,54853.0,0.0,0.0,65535.0,5.4e+07,1.0,0.0,0.0,0.0,0.0,1e+06,0.0,0.0,40.0,0.0,0.0,0.0,0.0,0.0,0.0,54.0,54.0,54.0,0.0,0.0,54.0,0.0,1e-06,5e-07,0.0,0.0,0.0,54.0,54.0,54.0,0.0,0.0,6.0,1.0,0.0,0.0,0.0,54.0,1.0,0.0,1.0,0.0,54.0,0.0
13.0,1.0074139,0.50370693,0.0,0.0,158.14285,4.0,1.9852813,320.0,1.004298e+06,143916.27,0.0,351249.8,1.0074139e+06,65535.0,1.0,1250.0,215.0,66.0,391.202,860.0,215.0,0.0,0.0,3.4817815,38645.0,0.0,2.0,65535.0,2197.7065,1.007413e+06,1.003865e+06,77493.375,0.0,267420.7,13.89697,3.0,1.9852813,240.0,1.00442006e+06,201416.39,72.956085,401502.22,1.007082e+06,4.0,100.0,82.333336,66.0,10.79609,247.0,82.333336,0.0,1.0074139,0.50370693,0.0,0.0,5.0,1250.0,158.14285,66.0,303.0035,91811.125,6.0,0.0,2.0,1720.0,8.0,494.0,6.0,8.0,6.0,1720.0,494.0,0.0
0.0,0.00031113625,0.00015556812,0.0,0.0,110.0,0.0,0.0,28.0,0.0,0.0,0.0,0.0,0.0,0.0,0.0,94.0,94.0,94.0,0.0,0.0,94.0,0.0,0.0,0.74603176,45088.0,0.0,0.0,0.0,707085.75,311.0,311.13623,311.13623,311.13623,0.0,6428.0522,0.0,0.0,28.0,0.0,0.0,0.0,0.0,0.0,0.0,126.0,126.0,126.0,0.0,0.0,126.0,0.0,0.00031113625,0.00015556812,0.0,0.0,0.0,126.0,110.0,94.0,22.627417,512.0,17.0,0.0,0.0,94.0,1.0,126.0,1.0,1.0,1.0,94.0,126.0,0.0
0.0,10291.407,5145.7036,0.0,0.0,137.0,1.0,0.00019433688,56.0,1.0291407e+10,1.0291407e+10,1.0291407e+10,0.0,1.0291407e+10,0.0,0.0,206.0,177.0,148.0,29.0,177.0,177.0,0.0,0.0,1.8247423,53.0,0.0,0.0,0.0,0.053248305,1.0291407e+10,1.0291403e+10,3.430469e+09,597.9538,4.8514125e+09,0.00038867377,1.0,0.00019433688,56.0,1.0291403e+10,1.0291403e+10,1.0291403e+10,0.0,1.0291403e+10,0.0,100.0,97.0,94.0,3.0,97.0,97.0,0.0,10291.407,5145.7036,0.0,0.0,0.0,206.0,137.0,94.0,45.0,2025.0,17.0,0.0,0.0,354.0,2.0,194.0,2.0,2.0,2.0,354.0,194.0,0.0
1.0,0.00024795532,0.00012397766,0.0,0.0,64.0,1.0,4032.9846,40.0,0.0,0.0,0.0,0.0,0.0,65535.0,0.0,74.0,74.0,74.0,0.0,74.0,74.0,0.0,0.0,1.3703704,55369.0,0.0,0.0,65535.0,516222.03,247.0,247.95532,247.95532,247.95532,0.0,8065.969,1.0,4032.9846,40.0,0.0,0.0,0.0,0.0,0.0,0.0,54.0,54.0,54.0,0.0,54.0,54.0,0.0,0.00024795532,0.00012397766,0.0,0.0,0.0,74.0,64.0,54.0,10.0,100.0,6.0,1.0,1.0,74.0,1.0,54.0,1.0,1.0,1.0,74.0,54.0,0.0
11.0,0.0056369305,0.0028184652,0.0,0.0,1124.0,7.0,177.40152,280.0,1405.9543,939.4884,0.0,527.55365,5636.9307,65535.0,1.0,1573.0,282.42856,66.0,526.8808,1977.0,282.42856,0.0,0.0,0.17174876,35510.0,0.0,2.0,65535.0,2.3927915e+06,5636.0,1405.9543,512.44824,0.0,482.5832,2128.818,5.0,177.40152,200.0,2748.0125,1312.2559,0.0,1035.3876,5249.0234,2.0,7306.0,2302.2,66.0,2928.59,11511.0,2302.2,0.0,0.0056369305,0.0028184652,0.0,0.0,3.0,7306.0,1124.0,66.0,2174.1838,4.727075e+06,6.0,0.0,2.0,1977.0,7.0,11511.0,5.0,7.0,5.0,1977.0,11511.0,0.0
18.0,272.60895,136.30447,0.0,0.0,444.45,5.0,0.007336517,400.0,2.7259846e+08,3.0289878e+07,0.0,8.566902e+07,2.726089e+08,65535.0,2.0,425.0,133.3,66.0,131.34691,666.5,133.3,0.0,0.0,0.1764161,59846.0,0.0,4.0,65535.0,32.607147,2.7260893e+08,2.7259843e+08,1.4347839e+07,0.0,6.087025e+07,0.07336517,5.0,0.007336517,400.0,2.7259846e+08,3.028988e+07,61.98883,8.566902e+07,2.7260893e+08,2.0,3506.0,755.6,66.0,1375.2035,3778.0,755.6,0.0,272.60895,136.30447,0.0,0.0,4.0,3506.0,444.45,66.0,1025.1989,1.0510326e+06,6.0,0.0,4.0,1333.0,10.0,7556.0,10.0,10.0,10.0,1333.0,7556.0,0.0
0.0,1e-06,5e-07,0.0,0.0,60.0,0.0,0.0,28.0,0.0,0.0,0.0,0.0,0.0,0.0,0.0,60.0,60.0,60.0,0.0,0.0,60.0,0.0,0.0,0.0,51007.0,0.0,0.0,0.0,6e+07,1.0,0.0,0.0,0.0,0.0,1e+06,0.0,0.0,0.0,0.0,0.0,0.0,0.0,0.0,0.0,0.0,0.0,0.0,0.0,0.0,0.0,0.0,1e-06,5e-07,0.0,0.0,0.0,60.0,60.0,60.0,0.0,0.0,17.0,0.0,0.0,60.0,1.0,0.0,0.0,1.0,0.0,60.0,0.0,0.0
6.0,46.005436,23.002718,0.0,0.0,57.333332,0.0,0.0,0.0,0.0,0.0,0.0,0.0,0.0,0.0,0.0,0.0,0.0,0.0,0.0,0.0,0.0,0.0,0.0,0.0,49207.0,0.0,0.0,65535.0,7.4773774,4.6005436e+07,2.5394442e+07,9.201087e+06,1.022511e+06,1.0915682e+07,0.13041937,0.0,0.0,240.0,2.5394442e+07,9.201087e+06,1.022511e+06,1.0915682e+07,4.6005436e+07,0.0,58.0,57.333332,54.0,1.6329932,0.0,57.333332,0.0,46.005436,23.002718,0.0,0.0,0.0,58.0,57.333332,54.0,1.6329932,2.6666667,6.0,0.0,5.0,0.0,0.0,344.0,6.0,0.0,6.0,0.0,344.0,0.0
0.0,0.0010278225,0.00051391125,0.0,0.0,124.0,1.0,972.93066,28.0,0.0,0.0,0.0,0.0,0.0,0.0,0.0,148.0,148.0,148.0,0.0,148.0,148.0,0.0,0.0,1.48,53.0,0.0,0.0,0.0,241286.8,1027.0,1027.8225,1027.8225,1027.8225,0.0,1945.8613,1.0,972.93066,28.0,0.0,0.0,0.0,0.0,0.0,0.0,100.0,100.0,100.0,0.0,100.0,100.0,0.0,0.0010278225,0.00051391125,0.0,0.0,0.0,148.0,124.0,100.0,24.0,576.0,17.0,0.0,0.0,148.0,1.0,100.0,1.0,1.0,1.0,148.0,100.0,0.0
0.0,1e-06,5e-07,0.0,0.0,60.0,0.0,0.0,0.0,0.0,0.0,0.0,0.0,0.0,0.0,0.0,0.0,0.0,0.0,0.0,0.0,0.0,0.0,0.0,0.0,554.0,0.0,0.0,65535.0,6e+07,1.0,0.0,0.0,0.0,0.0,1e+06,0.0,0.0,40.0,0.0,0.0,0.0,0.0,0.0,0.0,60.0,60.0,60.0,0.0,0.0,60.0,0.0,1e-06,5e-07,0.0,0.0,0.0,60.0,60.0,60.0,0.0,0.0,6.0,0.0,1.0,0.0,0.0,60.0,1.0,0.0,1.0,0.0,60.0,0.0
1.0,0.0015659332,0.0007829666,0.0,0.0,787.0,1.0,638.59686,40.0,0.0,0.0,0.0,0.0,0.0,65535.0,0.0,60.0,60.0,60.0,0.0,60.0,60.0,0.0,0.0,0.03963012,12266.0,0.0,0.0,65535.0,1.00515144e+06,1565.0,1565.9332,1565.9332,1565.9332,0.0,1277.1937,1.0,638.59686,40.0,0.0,0.0,0.0,0.0,0.0,0.0,1514.0,1514.0,1514.0,0.0,1514.0,1514.0,0.0,0.0015659332,0.0007829666,0.0,0.0,0.0,1514.0,787.0,60.0,727.0,528529.0,6.0,1.0,1.0,60.0,1.0,1514.0,1.0,1.0,1.0,60.0,1514.0,0.0
0.0,1e-06,5e-07,0.0,0.0,60.0,0.0,0.0,28.0,0.0,0.0,0.0,0.0,0.0,0.0,0.0,60.0,60.0,60.0,0.0,0.0,60.0,0.0,0.0,0.0,44686.0,0.0,0.0,0.0,6e+07,1.0,0.0,0.0,0.0,0.0,1e+06,0.0,0.0,0.0,0.0,0.0,0.0,0.0,0.0,0.0,0.0,0.0,0.0,0.0,0.0,0.0,0.0,1e-06,5e-07,0.0,0.0,0.0,60.0,60.0,60.0,0.0,0.0,17.0,0.0,0.0,60.0,1.0,0.0,0.0,1.0,0.0,60.0,0.0,0.0
1.0,7.1525574e-06,3.5762787e-06,0.0,0.0,57.0,0.0,0.0,40.0,0.0,0.0,0.0,0.0,0.0,65535.0,0.0,60.0,60.0,60.0,0.0,0.0,60.0,0.0,0.0,1.1111112,62923.0,0.0,0.0,65535.0,1.5938355e+07,7.0,7.1525574,7.1525574,7.1525574,0.0,279620.28,0.0,0.0,40.0,0.0,0.0,0.0,0.0,0.0,0.0,54.0,54.0,54.0,0.0,0.0,54.0,0.0,7.1525574e-06,3.5762787e-06,0.0,0.0,0.0,60.0,57.0,54.0,4.2426405,18.0,6.0,1.0,1.0,60.0,1.0,54.0,1.0,1.0,1.0,60.0,54.0,0.0
0.0,1e-06,5e-07,0.0,0.0,60.0,0.0,0.0,0.0,0.0,0.0,0.0,0.0,0.0,0.0,0.0,0.0,0.0,0.0,0.0,0.0,0.0,0.0,0.0,0.0,2107.0,0.0,0.0,65535.0,6e+07,1.0,0.0,0.0,0.0,0.0,1e+06,0.0,0.0,40.0,0.0,0.0,0.0,0.0,0.0,0.0,60.0,60.0,60.0,0.0,0.0,60.0,0.0,1e-06,5e-07,0.0,0.0,0.0,60.0,60.0,60.0,0.0,0.0,6.0,0.0,1.0,0.0,0.0,60.0,1.0,0.0,1.0,0.0,60.0,0.0
15.0,2.586672,1.293336,0.0,0.0,76.8125,4.5,0.77319425,360.0,2.583919e+06,323334.0,0.0,854420.94,2.586672e+06,65535.0,2.0,123.0,74.333336,66.0,17.600506,334.5,74.333336,0.0,0.0,1.1946429,34350.0,0.0,2.0,65535.0,475.12787,2.586672e+06,2.583762e+06,172444.8,0.0,644451.6,6.185554,3.5,0.77319425,280.0,2.583915e+06,431057.34,0.0,962787.3,2.586344e+06,4.0,100.0,80.0,66.0,11.513967,280.0,80.0,0.0,2.586672,1.293336,0.0,0.0,6.0,123.0,76.8125,66.0,15.496849,240.15234,6.0,0.0,2.0,669.0,9.0,560.0,7.0,9.0,7.0,669.0,560.0,0.0
1.0,0.00064587593,0.00032293797,0.0,0.0,787.0,1.0,1548.285,40.0,0.0,0.0,0.0,0.0,0.0,65535.0,0.0,60.0,60.0,60.0,0.0,60.0,60.0,0.0,0.0,0.03963012,25494.0,0.0,0.0,65535.0,2.4370005e+06,645.0,645.8759,645.8759,645.8759,0.0,3096.57,1.0,1548.285,40.0,0.0,0.0,0.0,0.0,0.0,0.0,1514.0,1514.0,1514.0,0.0,1514.0,1514.0,0.0,0.00064587593,0.00032293797,0.0,0.0,0.0,1514.0,787.0,60.0,727.0,528529.0,6.0,1.0,1.0,60.0,1.0,1514.0,1.0,1.0,1.0,60.0,1514.0,0.0
9.0,0.0016210079,0.00081050396,0.0,0.0,134.4,6.0,616.90015,240.0,571.0125,324.2016,0.0,222.10373,1621.0079,65535.0,1.0,297.0,105.833336,66.0,85.54222,635.0,105.833336,0.0,0.0,0.8956276,35837.0,0.0,2.0,65535.0,829113.75,1621.0,476.1219,180.11198,0.0,149.14767,6169.0015,4.0,616.90015,160.0,508.07,424.06717,262.02203,114.60907,1272.2015,1.0,503.0,177.25,66.0,188.1002,709.0,177.25,0.0,0.0016210079,0.00081050396,0.0,0.0,2.0,503.0,134.4,66.0,140.59602,19767.24,6.0,0.0,2.0,635.0,6.0,709.0,4.0,6.0,4.0,635.0,709.0,0.0
11.0,0.003929138,0.001964569,0.0,0.0,1253.5,7.0,254.50874,280.0,1257.8965,654.8564,0.0,396.90228,3929.1382,65535.0,1.0,3127.0,504.42856,66.0,1070.6638,3531.0,504.42856,0.0,0.0,0.30675006,59006.0,0.0,2.0,65535.0,3.8283205e+06,3929.0,1257.8965,357.19437,0.0,358.76828,3054.1047,5.0,254.50874,200.0,1511.0969,717.5207,0.0,547.9489,2870.0828,2.0,7306.0,2302.2,66.0,2928.59,11511.0,2302.2,0.0,0.003929138,0.001964569,0.0,0.0,3.0,7306.0,1253.5,66.0,2242.2842,5.0278385e+06,6.0,0.0,2.0,3531.0,7.0,11511.0,5.0,7.0,5.0,3531.0,11511.0,0.0
1.0,0.00032186508,0.00016093254,0.0,0.0,60.0,1.0,3106.8918,40.0,0.0,0.0,0.0,0.0,0.0,65535.0,0.0,60.0,60.0,60.0,0.0,60.0,60.0,0.0,0.0,1.0,1055.0,0.0,0.0,65535.0,372827.03,321.0,321.86508,321.86508,321.86508,0.0,6213.7837,1.0,3106.8918,40.0,0.0,0.0,0.0,0.0,0.0,0.0,60.0,60.0,60.0,0.0,60.0,60.0,0.0,0.00032186508,0.00016093254,0.0,0.0,0.0,60.0,60.0,60.0,0.0,0.0,6.0,1.0,1.0,60.0,1.0,60.0,1.0,1.0,1.0,60.0,60.0,0.0
14.0,342.94955,171.47478,0.0,0.0,69.77778,3.0,0.0058317618,240.0,3.428213e+08,6.858969e+07,5710.125,1.3711582e+08,3.4294845e+08,65535.0,2.0,95.0,78.333336,66.0,12.229291,235.0,78.333336,0.0,0.0,0.5979644,110.0,0.0,0.0,65535.0,3.6623464,3.4294954e+08,3.4281862e+08,2.0173502e+07,12.874603,8.066128e+07,0.052485857,6.0,0.0058317618,480.0,3.4281862e+08,3.117723e+07,63.89618,9.854966e+07,3.4294954e+08,2.0,74.0,65.5,54.0,5.8807597,393.0,65.5,0.0,342.94955,171.47478,0.0,0.0,4.0,95.0,69.77778,54.0,10.4645195,109.50617,6.0,4.0,4.0,470.0,6.0,786.0,12.0,6.0,12.0,470.0,786.0,0.0
121.0,11673.97,5836.985,0.0,0.0,275.0224,6.1538463,0.0011135887,3200.0,1.9587617e+09,1.4777176e+08,0.0,4.0796054e+08,1.167397e+10,65535.0,13.0,307.0,86.775,66.0,48.215656,534.0,86.775,0.0,0.0,0.23208854,35138.0,0.0,26.0,65535.0,3.1568525,1.167397e+10,1.9587617e+09,8.777421e+07,0.0,3.2268285e+08,0.011478529,4.1538463,0.0011135887,2160.0,1.9587621e+09,2.2026357e+08,38.146973,4.817785e+08,1.1673969e+10,15.0,7306.0,553.9074,66.0,1517.7289,2300.8462,553.9074,0.0,11673.97,5836.985,0.0,0.0,28.0,7306.0,275.0224,66.0,991.04175,982163.8,6.0,0.0,26.0,6942.0,80.0,29911.0,54.0,80.0,54.0,6942.0,29911.0,0.0
54.0,5855.502,2927.751,0.0,0.0,124.51667,6.0,0.0010246773,1440.0,3.1258988e+09,1.6730006e+08,0.0,5.6243635e+08,5.8555023e+09,65535.0,6.0,323.0,94.416664,66.0,65.38492,566.5,94.416664,0.0,0.0,0.83472496,35668.0,0.0,12.0,65535.0,1.275894,5.8555023e+09,3.1258988e+09,9.92458e+07,0.0,4.409198e+08,0.010246772,4.0,0.0010246773,960.0,3.1259008e+09,2.5458702e+08,0.0,6.776116e+08,5.855502e+09,6.0,503.0,169.66667,66.0,178.22403,678.6667,169.66667,0.0,5855.502,2927.751,0.0,0.0,12.0,503.0,124.51667,66.0,128.956,16629.65,6.0,0.0,12.0,3399.0,36.0,4072.0,24.0,36.0,24.0,3399.0,4072.0,0.0
9.0,0.008738041,0.0043690205,0.0,0.0,150.6,5.0,114.44213,200.0,6873.131,2090.5137,113.01041,2790.4663,8362.055,65535.0,1.0,889.0,232.2,66.0,328.4146,1161.0,232.2,0.0,0.0,3.3652174,40729.0,0.0,2.0,65535.0,172349.84,8738.0,6412.983,970.89343,10.967255,1951.7101,1144.4213,5.0,114.44213,200.0,6901.9795,2181.7683,136.13701,2766.3652,8727.073,1.0,74.0,69.0,66.0,3.6878178,345.0,69.0,0.0,0.008738041,0.0043690205,0.0,0.0,2.0,889.0,150.6,66.0,246.15735,60593.44,6.0,0.0,2.0,1161.0,5.0,345.0,5.0,5.0,5.0,1161.0,345.0,0.0
21.0,374.69418,187.34709,0.0,0.0,391.91306,4.0,0.008006529,480.0,3.7177946e+08,3.4063104e+07,0.0,1.0679837e+08,3.7469414e+08,65535.0,2.0,398.0,116.0,66.0,109.48972,464.0,116.0,0.0,0.0,0.18262923,41698.0,0.0,4.0,65535.0,24.056952,3.7469418e+08,3.7177942e+08,1.7031554e+07,0.0,7.7414584e+07,0.061383393,3.6666667,0.008006529,440.0,3.7177942e+08,3.7469416e+07,53.167343,1.1143988e+08,3.7469414e+08,3.0,3506.0,692.9091,66.0,1213.3093,2540.6667,692.9091,0.0,374.69418,187.34709,0.0,0.0,5.0,3506.0,391.91306,66.0,890.7079,793360.5,6.0,0.0,4.0,1392.0,12.0,7622.0,11.0,12.0,11.0,1392.0,7622.0,0.0
0.0,1e-06,5e-07,0.0,0.0,60.0,0.0,0.0,28.0,0.0,0.0,0.0,0.0,0.0,0.0,0.0,60.0,60.0,60.0,0.0,0.0,60.0,0.0,0.0,0.0,47862.0,0.0,0.0,0.0,6e+07,1.0,0.0,0.0,0.0,0.0,1e+06,0.0,0.0,0.0,0.0,0.0,0.0,0.0,0.0,0.0,0.0,0.0,0.0,0.0,0.0,0.0,0.0,1e-06,5e-07,0.0,0.0,0.0,60.0,60.0,60.0,0.0,0.0,17.0,0.0,0.0,60.0,1.0,0.0,0.0,1.0,0.0,60.0,0.0,0.0
30.0,7.434618,3.717309,0.0,0.0,74.935486,5.6666665,0.4035177,680.0,3.423392e+06,464663.62,1029.0146,1.03935994e+06,7.434618e+06,65535.0,6.0,81.0,70.70588,66.0,5.7574983,400.66666,70.70588,0.0,0.0,1.0722569,41774.0,0.0,2.0,65535.0,312.4572,7.434617e+06,3.380139e+06,247820.6,56.028366,781990.7,4.169683,4.6666665,0.4035177,560.0,3.380139e+06,571451.06,400.06638,1.1082414e+06,7.428864e+06,7.0,100.0,80.07143,66.0,13.776089,373.66666,80.07143,0.0,7.434618,3.717309,0.0,0.0,13.0,100.0,74.935486,66.0,11.207531,125.60874,6.0,0.0,2.0,1202.0,17.0,1121.0,14.0,17.0,14.0,1202.0,1121.0,0.0
0.0,10.001272,5.000636,0.0,0.0,111.0,1.0,0.099987276,28.0,0.0,0.0,0.0,0.0,0.0,0.0,0.0,103.0,103.0,103.0,0.0,103.0,103.0,0.0,0.0,0.8655462,36486.0,0.0,0.0,0.0,22.197176,1.0001272e+07,1.0001272e+07,1.0001272e+07,1.0001272e+07,0.0,0.19997455,1.0,0.099987276,28.0,0.0,0.0,0.0,0.0,0.0,0.0,119.0,119.0,119.0,0.0,119.0,119.0,0.0,10.001272,5.000636,0.0,0.0,0.0,119.0,111.0,103.0,8.0,64.0,17.0,0.0,0.0,103.0,1.0,119.0,1.0,1.0,1.0,103.0,119.0,0.0
14.0,0.00850296,0.00425148,0.0,0.0,217.0,8.0,117.6061,320.0,3968.954,1214.7086,0.0,1383.049,8502.96,65535.0,3.0,365.0,117.375,66.0,97.034706,939.0,117.375,0.0,0.0,0.40544042,53958.0,0.0,2.0,65535.0,382807.88,8502.0,3135.2043,607.3543,0.0,903.6529,1764.0916,7.0,117.6061,280.0,3981.8286,1313.3287,0.0,1613.8987,7879.9727,3.0,1346.0,330.85715,66.0,432.25073,2316.0,330.85715,0.0,0.00850296,0.00425148,0.0,0.0,6.0,1346.0,217.0,66.0,321.80283,103557.07,6.0,0.0,2.0,939.0,8.0,2316.0,7.0,8.0,7.0,939.0,2316.0,0.0
11.0,0.0024240017,0.0012120008,0.0,0.0,74.666664,7.0,412.54095,280.0,880.95667,404.00027,0.0,270.89413,2424.0017,65535.0,3.0,111.0,79.14286,66.0,17.939808,554.0,79.14286,0.0,0.0,1.6198831,56522.0,0.0,2.0,65535.0,369636.72,2424.0,550.0317,220.36378,0.0,174.15091,4950.4917,5.0,412.54095,200.0,823.02094,463.2473,138.99803,297.0296,1852.9893,1.0,74.0,68.4,66.0,3.2,342.0,68.4,0.0,0.0024240017,0.0012120008,0.0,0.0,4.0,111.0,74.666664,66.0,14.83427,220.05556,6.0,0.0,2.0,554.0,7.0,342.0,5.0,7.0,5.0,554.0,342.0,0.0
0.0,1e-06,5e-07,0.0,0.0,60.0,0.0,0.0,0.0,0.0,0.0,0.0,0.0,0.0,0.0,0.0,0.0,0.0,0.0,0.0,0.0,0.0,0.0,0.0,0.0,18.0,0.0,0.0,65535.0,6e+07,1.0,0.0,0.0,0.0,0.0,1e+06,0.0,0.0,40.0,0.0,0.0,0.0,0.0,0.0,0.0,60.0,60.0,60.0,0.0,0.0,60.0,0.0,1e-06,5e-07,0.0,0.0,0.0,60.0,60.0,60.0,0.0,0.0,6.0,0.0,1.0,0.0,0.0,60.0,1.0,0.0,1.0,0.0,60.0,0.0
27.0,1467.1034,733.5517,0.0,0.0,116.666664,4.0,0.0020448456,480.0,8.598598e+08,1.33373016e+08,337.8391,2.8800522e+08,1.4671031e+09,65535.0,3.0,503.0,162.08333,66.0,167.42435,648.3333,162.08333,0.0,0.0,1.2508038,80.0,0.0,6.0,65535.0,2.3856533,1.4671034e+09,8.598595e+08,5.0589772e+07,0.0,1.888136e+08,0.020448457,6.0,0.0020448456,720.0,8.598595e+08,8.63002e+07,0.0,2.4027874e+08,1.4671034e+09,3.0,204.0,86.388885,66.0,43.37836,518.3333,86.388885,0.0,1467.1034,733.5517,0.0,0.0,6.0,503.0,116.666664,66.0,117.11742,13716.489,6.0,0.0,6.0,1945.0,12.0,1555.0,18.0,12.0,18.0,1945.0,1555.0,0.0
18.0,205.75975,102.879875,0.0,0.0,128.3,5.5,0.009720074,440.0,2.0574958e+08,2.0575976e+07,0.0,6.1724532e+07,2.0575976e+08,65535.0,2.0,268.0,102.0,66.0,72.838554,561.0,102.0,0.0,0.0,0.7770083,34407.0,0.0,4.0,65535.0,12.470855,2.0575974e+08,2.0574942e+08,1.0829461e+07,0.0,4.5943076e+07,0.09720074,4.5,0.009720074,360.0,2.0575042e+08,2.5719812e+07,0.0,6.804517e+07,2.057585e+08,2.0,893.0,160.44444,66.0,259.02127,722.0,160.44444,0.0,205.75975,102.879875,0.0,0.0,4.0,893.0,128.3,66.0,184.26831,33954.81,6.0,0.0,4.0,1122.0,11.0,1444.0,9.0,11.0,9.0,1122.0,1444.0,0.0
0.0,1e-06,5e-07,0.0,0.0,102.0,1.0,1e+06,28.0,0.0,0.0,0.0,0.0,0.0,0.0,0.0,102.0,102.0,102.0,0.0,102.0,102.0,0.0,0.0,0.0,53.0,0.0,0.0,0.0,1.02e+08,1.0,0.0,0.0,0.0,0.0,1e+06,0.0,0.0,0.0,0.0,0.0,0.0,0.0,0.0,0.0,0.0,0.0,0.0,0.0,0.0,0.0,0.0,1e-06,5e-07,0.0,0.0,0.0,102.0,102.0,102.0,0.0,0.0,17.0,0.0,0.0,102.0,1.0,0.0,0.0,1.0,0.0,102.0,0.0,0.0
1.0,1e-06,5e-07,0.0,0.0,60.0,0.0,0.0,0.0,0.0,0.0,0.0,0.0,0.0,0.0,0.0,0.0,0.0,0.0,0.0,0.0,0.0,0.0,0.0,0.0,55165.0,0.0,0.0,65535.0,6e+07,1.0,0.0,0.0,0.0,0.0,1e+06,0.0,0.0,40.0,0.0,0.0,0.0,0.0,0.0,0.0,60.0,60.0,60.0,0.0,0.0,60.0,0.0,1e-06,5e-07,0.0,0.0,0.0,60.0,60.0,60.0,0.0,0.0,6.0,1.0,0.0,0.0,0.0,60.0,1.0,0.0,1.0,0.0,60.0,0.0
1.0,0.00039887428,0.00019943714,0.0,0.0,60.0,1.0,2507.0557,40.0,0.0,0.0,0.0,0.0,0.0,65535.0,0.0,60.0,60.0,60.0,0.0,60.0,60.0,0.0,0.0,1.0,2053.0,0.0,0.0,65535.0,300846.66,398.0,398.87427,398.87427,398.87427,0.0,5014.1113,1.0,2507.0557,40.0,0.0,0.0,0.0,0.0,0.0,0.0,60.0,60.0,60.0,0.0,60.0,60.0,0.0,0.00039887428,0.00019943714,0.0,0.0,0.0,60.0,60.0,60.0,0.0,0.0,6.0,1.0,1.0,60.0,1.0,60.0,1.0,1.0,1.0,60.0,60.0,0.0
2.0,508.55984,254.27992,0.0,0.0,64.0,1.0,0.003932674,80.0,5.0855984e+08,5.0855984e+08,5.0855984e+08,0.0,5.0855984e+08,65535.0,0.0,74.0,74.0,74.0,0.0,74.0,74.0,0.0,0.0,1.3703704,51170.0,0.0,0.0,65535.0,0.50338227,5.0855984e+08,5.085598e+08,1.6951995e+08,6.914139,2.3973739e+08,0.007865348,1.0,0.003932674,80.0,5.0855984e+08,5.0855984e+08,5.0855984e+08,0.0,5.0855984e+08,0.0,54.0,54.0,54.0,0.0,54.0,54.0,0.0,508.55984,254.27992,0.0,0.0,0.0,74.0,64.0,54.0,10.0,100.0,6.0,2.0,2.0,148.0,2.0,108.0,2.0,2.0,2.0,148.0,108.0,0.0
1.0,0.00028014183,0.00014007092,0.0,0.0,60.0,1.0,3569.6204,40.0,0.0,0.0,0.0,0.0,0.0,65535.0,0.0,60.0,60.0,60.0,0.0,60.0,60.0,0.0,0.0,1.0,53014.0,0.0,0.0,65535.0,428354.44,280.0,280.14185,280.14185,280.14185,0.0,7139.2407,1.0,3569.6204,40.0,0.0,0.0,0.0,0.0,0.0,0.0,60.0,60.0,60.0,0.0,60.0,60.0,0.0,0.00028014183,0.00014007092,0.0,0.0,0.0,60.0,60.0,60.0,0.0,0.0,6.0,1.0,1.0,60.0,1.0,60.0,1.0,1.0,1.0,60.0,60.0,0.0
72.0,2198.3005,1099.1503,0.0,0.0,128.4875,6.0,0.0036391749,1920.0,6.043265e+08,4.677235e+07,0.0,1.3458194e+08,2.1983004e+09,65535.0,8.0,361.0,104.3125,66.0,83.817795,625.875,104.3125,0.0,0.0,0.94973445,51398.0,0.0,16.0,65535.0,4.6758847,2.1983004e+09,6.043265e+08,2.7826588e+07,0.0,1.06314936e+08,0.03639175,4.0,0.0036391749,1280.0,6.043265e+08,7.09129e+07,20.02716,1.604641e+08,2.1983e+09,8.0,453.0,164.75,66.0,166.45326,659.0,164.75,0.0,2198.3005,1099.1503,0.0,0.0,16.0,453.0,128.4875,66.0,127.1793,16174.575,6.0,0.0,16.0,5007.0,48.0,5272.0,32.0,48.0,32.0,5007.0,5272.0,0.0
14.0,0.0054359436,0.0027179718,0.0,0.0,1041.2,8.0,183.96071,320.0,3005.0278,776.56335,0.0,976.53644,5435.9434,65535.0,2.0,3308.0,493.75,66.0,1065.1556,3950.0,493.75,0.0,0.0,0.33853275,39764.0,0.0,2.0,65535.0,2.8730982e+06,5435.0,2767.086,388.28168,0.0,690.5169,2759.4106,7.0,183.96071,280.0,3273.0103,859.69763,28.133392,1127.8345,5158.186,3.0,7306.0,1666.8572,66.0,2671.211,11668.0,1666.8572,0.0,0.0054359436,0.0027179718,0.0,0.0,5.0,7306.0,1041.2,66.0,2068.2,4.277451e+06,6.0,0.0,2.0,3950.0,8.0,11668.0,7.0,8.0,7.0,3950.0,11668.0,0.0
18.0,1094.173,547.0865,0.0,0.0,365.8,1.3333334,0.005483594,320.0,1.0841659e+09,1.5631022e+08,560.9989,3.787988e+08,1.0941716e+09,65535.0,0.0,74.0,68.0,66.0,3.4641016,90.666664,68.0,0.0,0.0,0.080330774,9092.0,0.0,4.0,65535.0,6.686329,1.0941729e+09,1.0841655e+09,5.758805e+07,5.9604645,2.4196971e+08,0.018278647,2.0,0.005483594,480.0,1.0841655e+09,9.9470264e+07,290.15543,3.1139146e+08,1.0941729e+09,4.0,3649.0,564.3333,66.0,1067.2279,1128.6666,564.3333,0.0,1094.173,547.0865,0.0,0.0,4.0,3649.0,365.8,66.0,861.6921,742513.25,6.0,0.0,4.0,544.0,8.0,6772.0,12.0,8.0,12.0,544.0,6772.0,0.0
2.0,18.459826,9.229913,0.0,0.0,58.0,0.0,0.0,0.0,0.0,0.0,0.0,0.0,0.0,0.0,0.0,0.0,0.0,0.0,0.0,0.0,0.0,0.0,0.0,0.0,31452.0,0.0,0.0,65535.0,6.2839165,1.8459824e+07,1.8459826e+07,1.8459826e+07,1.8459826e+07,0.0,0.108343385,0.0,0.0,80.0,1.8459826e+07,1.8459826e+07,1.8459826e+07,0.0,1.8459826e+07,0.0,58.0,58.0,58.0,0.0,0.0,58.0,0.0,18.459826,9.229913,0.0,0.0,0.0,58.0,58.0,58.0,0.0,0.0,6.0,0.0,2.0,0.0,0.0,116.0,2.0,0.0,2.0,0.0,116.0,0.0
0.0,1e-06,5e-07,0.0,0.0,60.0,1.0,1e+06,40.0,0.0,0.0,0.0,0.0,0.0,65535.0,0.0,60.0,60.0,60.0,0.0,60.0,60.0,0.0,0.0,0.0,18811.0,0.0,0.0,0.0,6e+07,1.0,0.0,0.0,0.0,0.0,1e+06,0.0,0.0,0.0,0.0,0.0,0.0,0.0,0.0,0.0,0.0,0.0,0.0,0.0,0.0,0.0,0.0,1e-06,5e-07,0.0,0.0,0.0,60.0,60.0,60.0,0.0,0.0,6.0,1.0,0.0,60.0,1.0,0.0,0.0,1.0,0.0,60.0,0.0,0.0
1.0,4.9114227e-05,2.4557114e-05,0.0,0.0,64.0,1.0,20360.7,40.0,0.0,0.0,0.0,0.0,0.0,65535.0,0.0,74.0,74.0,74.0,0.0,74.0,74.0,0.0,0.0,1.3703704,44477.0,0.0,0.0,65535.0,2.6061695e+06,49.0,49.114227,49.114227,49.114227,0.0,40721.4,1.0,20360.7,40.0,0.0,0.0,0.0,0.0,0.0,0.0,54.0,54.0,54.0,0.0,54.0,54.0,0.0,4.9114227e-05,2.4557114e-05,0.0,0.0,0.0,74.0,64.0,54.0,10.0,100.0,6.0,1.0,1.0,74.0,1.0,54.0,1.0,1.0,1.0,74.0,54.0,0.0
0.0,0.00027799606,0.00013899803,0.0,0.0,141.0,1.0,3597.1733,28.0,0.0,0.0,0.0,0.0,0.0,0.0,0.0,108.0,108.0,108.0,0.0,108.0,108.0,0.0,0.0,0.62068963,43779.0,0.0,0.0,0.0,1.0144029e+06,277.0,277.99606,277.99606,277.99606,0.0,7194.3467,1.0,3597.1733,28.0,0.0,0.0,0.0,0.0,0.0,0.0,174.0,174.0,174.0,0.0,174.0,174.0,0.0,0.00027799606,0.00013899803,0.0,0.0,0.0,174.0,141.0,108.0,33.0,1089.0,17.0,0.0,0.0,108.0,1.0,174.0,1.0,1.0,1.0,108.0,174.0,0.0
0.0,1e-06,5e-07,0.0,0.0,60.0,0.0,0.0,28.0,0.0,0.0,0.0,0.0,0.0,0.0,0.0,60.0,60.0,60.0,0.0,0.0,60.0,0.0,0.0,0.0,59370.0,0.0,0.0,0.0,6e+07,1.0,0.0,0.0,0.0,0.0,1e+06,0.0,0.0,0.0,0.0,0.0,0.0,0.0,0.0,0.0,0.0,0.0,0.0,0.0,0.0,0.0,0.0,1e-06,5e-07,0.0,0.0,0.0,60.0,60.0,60.0,0.0,0.0,17.0,0.0,0.0,60.0,1.0,0.0,0.0,1.0,0.0,60.0,0.0,0.0
1.0,2.9087067e-05,1.4543533e-05,0.0,0.0,64.0,1.0,34379.54,40.0,0.0,0.0,0.0,0.0,0.0,65535.0,0.0,74.0,74.0,74.0,0.0,74.0,74.0,0.0,0.0,1.3703704,38064.0,0.0,0.0,65535.0,4.400581e+06,29.0,29.087067,29.087067,29.087067,0.0,68759.08,1.0,34379.54,40.0,0.0,0.0,0.0,0.0,0.0,0.0,54.0,54.0,54.0,0.0,54.0,54.0,0.0,2.9087067e-05,1.4543533e-05,0.0,0.0,0.0,74.0,64.0,54.0,10.0,100.0,6.0,1.0,1.0,74.0,1.0,54.0,1.0,1.0,1.0,74.0,54.0,0.0
1.0,0.00018596649,9.2983246e-05,0.0,0.0,57.0,1.0,5377.313,40.0,0.0,0.0,0.0,0.0,0.0,65535.0,0.0,60.0,60.0,60.0,0.0,60.0,60.0,0.0,0.0,1.1111112,2620.0,0.0,0.0,65535.0,613013.7,185.0,185.96649,185.96649,185.96649,0.0,10754.626,1.0,5377.313,40.0,0.0,0.0,0.0,0.0,0.0,0.0,54.0,54.0,54.0,0.0,54.0,54.0,0.0,0.00018596649,9.2983246e-05,0.0,0.0,0.0,60.0,57.0,54.0,3.0,9.0,6.0,1.0,1.0,60.0,1.0,54.0,1.0,1.0,1.0,60.0,54.0,0.0
1.0,1e-06,5e-07,0.0,0.0,54.0,0.0,0.0,0.0,0.0,0.0,0.0,0.0,0.0,0.0,0.0,0.0,0.0,0.0,0.0,0.0,0.0,0.0,0.0,0.0,54853.0,0.0,0.0,65535.0,5.4e+07,1.0,0.0,0.0,0.0,0.0,1e+06,0.0,0.0,40.0,0.0,0.0,0.0,0.0,0.0,0.0,54.0,54.0,54.0,0.0,0.0,54.0,0.0,1e-06,5e-07,0.0,0.0,0.0,54.0,54.0,54.0,0.0,0.0,6.0,1.0,0.0,0.0,0.0,54.0,1.0,0.0,1.0,0.0,54.0,0.0
9.0,0.0023620129,0.0011810064,0.0,0.0,77.0,5.0,423.3677,200.0,1585.0067,589.4899,0.0,606.3524,2357.9597,65535.0,1.0,119.0,78.2,66.0,20.633953,391.0,78.2,0.0,0.0,1.0316622,37944.0,0.0,2.0,65535.0,325993.16,2362.0,1183.033,262.44586,0.0,367.27377,4233.6772,5.0,423.3677,200.0,1183.033,588.2382,63.89618,397.48895,2352.953,1.0,107.0,75.8,66.0,15.9047165,379.0,75.8,0.0,0.0023620129,0.0011810064,0.0,0.0,2.0,119.0,77.0,66.0,18.46077,340.8,6.0,0.0,2.0,391.0,5.0,379.0,5.0,5.0,5.0,391.0,379.0,0.0
9.0,0.005626917,0.0028134584,0.0,0.0,170.9,6.0,177.71721,240.0,1974.821,1125.3834,396.96695,578.755,5626.917,65535.0,1.0,272.0,101.666664,66.0,76.23138,610.0,101.666664,0.0,0.0,0.5550501,33559.0,0.0,2.0,65535.0,303718.72,5626.0,1974.821,625.213,16.92772,598.6388,1777.1721,4.0,177.71721,160.0,3441.0955,1710.0176,422.0009,1271.7338,5130.0527,1.0,893.0,274.75,66.0,356.96173,1099.0,274.75,0.0,0.005626917,0.0028134584,0.0,0.0,2.0,893.0,170.9,66.0,248.2847,61645.29,6.0,0.0,2.0,610.0,6.0,1099.0,4.0,6.0,4.0,610.0,1099.0,0.0
0.0,1e-06,5e-07,0.0,0.0,69.0,1.0,1e+06,28.0,0.0,0.0,0.0,0.0,0.0,0.0,0.0,69.0,69.0,69.0,0.0,69.0,69.0,0.0,0.0,0.0,35419.0,0.0,0.0,0.0,6.9e+07,1.0,0.0,0.0,0.0,0.0,1e+06,0.0,0.0,0.0,0.0,0.0,0.0,0.0,0.0,0.0,0.0,0.0,0.0,0.0,0.0,0.0,0.0,1e-06,5e-07,0.0,0.0,0.0,69.0,69.0,69.0,0.0,0.0,17.0,0.0,0.0,69.0,1.0,0.0,0.0,1.0,0.0,69.0,0.0,0.0
0.0,1e-06,5e-07,0.0,0.0,60.0,0.0,0.0,0.0,0.0,0.0,0.0,0.0,0.0,0.0,0.0,0.0,0.0,0.0,0.0,0.0,0.0,0.0,0.0,0.0,80.0,0.0,0.0,65535.0,6e+07,1.0,0.0,0.0,0.0,0.0,1e+06,0.0,0.0,40.0,0.0,0.0,0.0,0.0,0.0,0.0,60.0,60.0,60.0,0.0,0.0,60.0,0.0,1e-06,5e-07,0.0,0.0,0.0,60.0,60.0,60.0,0.0,0.0,6.0,0.0,1.0,0.0,0.0,60.0,1.0,0.0,1.0,0.0,60.0,0.0
0.0,1e-06,5e-07,0.0,0.0,60.0,0.0,0.0,0.0,0.0,0.0,0.0,0.0,0.0,0.0,0.0,0.0,0.0,0.0,0.0,0.0,0.0,0.0,0.0,0.0,9100.0,0.0,0.0,65535.0,6e+07,1.0,0.0,0.0,0.0,0.0,1e+06,0.0,0.0,40.0,0.0,0.0,0.0,0.0,0.0,0.0,60.0,60.0,60.0,0.0,0.0,60.0,0.0,1e-06,5e-07,0.0,0.0,0.0,60.0,60.0,60.0,0.0,0.0,6.0,0.0,1.0,0.0,0.0,60.0,1.0,0.0,1.0,0.0,60.0,0.0
0.0,1e-06,5e-07,0.0,0.0,92.0,0.0,0.0,28.0,0.0,0.0,0.0,0.0,0.0,0.0,0.0,92.0,92.0,92.0,0.0,0.0,92.0,0.0,0.0,0.0,50593.0,0.0,0.0,0.0,9.2e+07,1.0,0.0,0.0,0.0,0.0,1e+06,0.0,0.0,0.0,0.0,0.0,0.0,0.0,0.0,0.0,0.0,0.0,0.0,0.0,0.0,0.0,0.0,1e-06,5e-07,0.0,0.0,0.0,92.0,92.0,92.0,0.0,0.0,17.0,0.0,0.0,92.0,1.0,0.0,0.0,1.0,0.0,92.0,0.0,0.0
0.0,1e-06,5e-07,0.0,0.0,60.0,0.0,0.0,28.0,0.0,0.0,0.0,0.0,0.0,0.0,0.0,60.0,60.0,60.0,0.0,0.0,60.0,0.0,0.0,0.0,38801.0,0.0,0.0,0.0,6e+07,1.0,0.0,0.0,0.0,0.0,1e+06,0.0,0.0,0.0,0.0,0.0,0.0,0.0,0.0,0.0,0.0,0.0,0.0,0.0,0.0,0.0,0.0,1e-06,5e-07,0.0,0.0,0.0,60.0,60.0,60.0,0.0,0.0,17.0,0.0,0.0,60.0,1.0,0.0,0.0,1.0,0.0,60.0,0.0,0.0
11.0,0.0021629333,0.0010814667,0.0,0.0,1234.5834,7.0,462.33508,280.0,905.9906,360.4889,0.0,337.46677,2162.9333,65535.0,1.0,2900.0,472.0,66.0,991.2307,3304.0,472.0,0.0,0.0,0.2870298,55543.0,0.0,2.0,65535.0,6.8494945e+06,2162.0,905.9906,196.63031,0.0,257.9328,5548.021,5.0,462.33508,200.0,1363.9927,442.98172,45.06111,539.3431,1771.9269,2.0,7306.0,2302.2,66.0,2928.59,11511.0,2302.2,0.0,0.0021629333,0.0010814667,0.0,0.0,3.0,7306.0,1234.5834,66.0,2227.3064,4.960894e+06,6.0,0.0,2.0,3304.0,7.0,11511.0,5.0,7.0,5.0,3304.0,11511.0,0.0
30.0,6.2419567,3.1209784,0.0,0.0,74.870964,5.6666665,0.4806185,680.0,2.659599e+06,390122.3,1914.0244,816838.8,6.241957e+06,65535.0,6.0,79.0,70.588234,66.0,5.5631013,400.0,70.588234,0.0,0.0,1.0704728,52656.0,0.0,2.0,65535.0,371.8385,6.241956e+06,2.612953e+06,208065.23,160.93254,615468.75,4.966391,4.6666665,0.4806185,560.0,2.612953e+06,479991.0,206.94733,863621.6,6.239883e+06,7.0,100.0,80.07143,66.0,13.776089,373.66666,80.07143,0.0,6.2419567,3.1209784,0.0,0.0,13.0,100.0,74.870964,66.0,11.178152,124.951096,6.0,0.0,2.0,1200.0,17.0,1121.0,14.0,17.0,14.0,1200.0,1121.0,0.0
0.0,0.012591124,0.006295562,0.0,0.0,60.0,0.0,0.0,56.0,12591.124,12591.124,12591.124,0.0,12591.124,0.0,0.0,60.0,60.0,60.0,0.0,0.0,60.0,0.0,0.0,0.0,9136.0,0.0,0.0,0.0,9530.523,12591.0,12591.124,12591.124,12591.124,0.0,158.84206,0.0,0.0,0.0,0.0,0.0,0.0,0.0,0.0,0.0,0.0,0.0,0.0,0.0,0.0,0.0,0.0,0.012591124,0.006295562,0.0,0.0,0.0,60.0,60.0,60.0,0.0,0.0,17.0,0.0,0.0,120.0,2.0,0.0,0.0,2.0,0.0,120.0,0.0,0.0
1.0,4.053116e-06,2.026558e-06,0.0,0.0,57.0,1.0,246723.77,40.0,0.0,0.0,0.0,0.0,0.0,65535.0,0.0,60.0,60.0,60.0,0.0,60.0,60.0,0.0,0.0,1.1111112,1411.0,0.0,0.0,65535.0,2.812651e+07,4.0,4.053116,4.053116,4.053116,0.0,493447.53,1.0,246723.77,40.0,0.0,0.0,0.0,0.0,0.0,0.0,54.0,54.0,54.0,0.0,54.0,54.0,0.0,4.053116e-06,2.026558e-06,0.0,0.0,0.0,60.0,57.0,54.0,3.0,9.0,6.0,1.0,1.0,60.0,1.0,54.0,1.0,1.0,1.0,60.0,54.0,0.0
0.0,0.00071907043,0.00035953522,0.0,0.0,150.0,1.0,1390.6843,28.0,0.0,0.0,0.0,0.0,0.0,0.0,0.0,206.0,206.0,206.0,0.0,206.0,206.0,0.0,0.0,2.1914895,53.0,0.0,0.0,0.0,417205.3,719.0,719.07043,719.07043,719.07043,0.0,2781.3687,1.0,1390.6843,28.0,0.0,0.0,0.0,0.0,0.0,0.0,94.0,94.0,94.0,0.0,94.0,94.0,0.0,0.00071907043,0.00035953522,0.0,0.0,0.0,206.0,150.0,94.0,56.0,3136.0,17.0,0.0,0.0,206.0,1.0,94.0,1.0,1.0,1.0,206.0,94.0,0.0
0.0,1.128612,0.564306,0.0,0.0,60.0,0.0,0.0,56.0,1.128612e+06,1.128612e+06,1.128612e+06,0.0,1.128612e+06,0.0,0.0,60.0,60.0,60.0,0.0,0.0,60.0,0.0,0.0,0.0,64748.0,0.0,0.0,0.0,106.32529,1.128612e+06,1.128612e+06,1.128612e+06,1.128612e+06,0.0,1.7720882,0.0,0.0,0.0,0.0,0.0,0.0,0.0,0.0,0.0,0.0,0.0,0.0,0.0,0.0,0.0,0.0,1.128612,0.564306,0.0,0.0,0.0,60.0,60.0,60.0,0.0,0.0,17.0,0.0,0.0,120.0,2.0,0.0,0.0,2.0,0.0,120.0,0.0,0.0
90.0,1862.208,931.104,0.0,0.0,125.08,6.0,0.0053699696,2400.0,4.9882394e+08,3.1562846e+07,0.0,9.082787e+07,1.862208e+09,65535.0,10.0,300.0,98.63333,66.0,70.81548,591.8,98.63333,0.0,0.0,0.8980273,56458.0,0.0,20.0,65535.0,6.716758,1.862208e+09,4.9882394e+08,1.8810182e+07,0.0,7.1807864e+07,0.053699695,4.0,0.0053699696,1600.0,4.988241e+08,4.774891e+07,323.0572,1.0820114e+08,1.8622076e+09,10.0,453.0,164.75,66.0,166.45326,659.0,164.75,0.0,1862.208,931.104,0.0,0.0,20.0,453.0,125.08,66.0,123.04761,15140.714,6.0,0.0,20.0,5918.0,60.0,6590.0,40.0,60.0,40.0,5918.0,6590.0,0.0
15.0,3.736094,1.868047,0.0,0.0,73.875,4.5,0.53531843,360.0,3.166109e+06,467011.75,656.1279,1.02634544e+06,3.736094e+06,65535.0,2.0,84.0,70.666664,66.0,7.055337,318.0,70.666664,0.0,0.0,1.1648352,52398.0,0.0,2.0,65535.0,316.3732,3.736093e+06,3.1214412e+06,249072.94,34.093857,772976.5,4.2825475,3.5,0.53531843,280.0,3.1214412e+06,622062.6,71.04874,1.1241524e+06,3.7323758e+06,3.0,100.0,78.0,66.0,12.512851,273.0,78.0,0.0,3.736094,1.868047,0.0,0.0,5.0,100.0,73.875,66.0,10.475418,109.734375,6.0,0.0,2.0,636.0,9.0,546.0,7.0,9.0,7.0,636.0,546.0,0.0
1.0,0.00034999847,0.00017499924,0.0,0.0,67.0,0.0,0.0,40.0,0.0,0.0,0.0,0.0,0.0,65535.0,0.0,74.0,74.0,74.0,0.0,0.0,74.0,0.0,0.0,1.2333333,40861.0,0.0,0.0,65535.0,382858.8,349.0,349.99847,349.99847,349.99847,0.0,5714.3105,0.0,0.0,40.0,0.0,0.0,0.0,0.0,0.0,0.0,60.0,60.0,60.0,0.0,0.0,60.0,0.0,0.00034999847,0.00017499924,0.0,0.0,0.0,74.0,67.0,60.0,9.899495,98.0,6.0,1.0,1.0,74.0,1.0,60.0,1.0,1.0,1.0,74.0,60.0,0.0
0.0,1e-06,5e-07,0.0,0.0,85.0,1.0,1e+06,28.0,0.0,0.0,0.0,0.0,0.0,0.0,0.0,85.0,85.0,85.0,0.0,85.0,85.0,0.0,0.0,0.0,33517.0,0.0,0.0,0.0,8.5e+07,1.0,0.0,0.0,0.0,0.0,1e+06,0.0,0.0,0.0,0.0,0.0,0.0,0.0,0.0,0.0,0.0,0.0,0.0,0.0,0.0,0.0,0.0,1e-06,5e-07,0.0,0.0,0.0,85.0,85.0,85.0,0.0,0.0,17.0,0.0,0.0,85.0,1.0,0.0,0.0,1.0,0.0,85.0,0.0,0.0
23.0,2.810502,1.405251,0.0,0.0,193.83333,6.0,0.71161664,480.0,2.747322e+06,255500.19,0.0,788072.4,2.810502e+06,65535.0,7.0,1042.0,172.16667,66.0,263.75677,1033.0,172.16667,0.0,0.0,0.79891723,53560.0,0.0,2.0,65535.0,1655.2203,2.810502e+06,2.701965e+06,122195.74,0.0,550137.7,8.539399,6.0,0.71161664,480.0,2.701965e+06,255394.27,322.10352,773835.44,2.809337e+06,6.0,1146.0,215.5,66.0,311.74255,1293.0,215.5,0.0,2.810502,1.405251,0.0,0.0,13.0,1146.0,193.83333,66.0,289.55997,83844.97,6.0,0.0,2.0,2066.0,12.0,2586.0,12.0,12.0,12.0,2066.0,2586.0,0.0
1.0,0.00046610832,0.00023305416,0.0,0.0,60.0,1.0,2145.424,40.0,0.0,0.0,0.0,0.0,0.0,65535.0,0.0,60.0,60.0,60.0,0.0,60.0,60.0,0.0,0.0,1.0,2647.0,0.0,0.0,65535.0,257450.89,466.0,466.10834,466.10834,466.10834,0.0,4290.848,1.0,2145.424,40.0,0.0,0.0,0.0,0.0,0.0,0.0,60.0,60.0,60.0,0.0,60.0,60.0,0.0,0.00046610832,0.00023305416,0.0,0.0,0.0,60.0,60.0,60.0,0.0,0.0,6.0,1.0,1.0,60.0,1.0,60.0,1.0,1.0,1.0,60.0,60.0,0.0
120.0,11413.042,5706.521,0.0,0.0,209.25,5.909091,0.0009638096,2600.0,6.987316e+09,1.7832878e+08,0.0,9.052821e+08,1.1413042e+10,65535.0,35.0,1602.0,211.41539,66.0,403.18344,1249.2727,211.41539,0.0,0.0,1.0536728,57894.0,0.0,12.0,65535.0,2.346789,1.1413042e+10,6.987316e+09,8.986647e+07,0.0,6.488021e+08,0.011215239,5.7272725,0.0009638096,2520.0,6.987316e+09,1.8408133e+08,30.994415,9.1919174e+08,1.1413042e+10,30.0,1146.0,207.01587,54.0,306.3748,1185.6364,207.01587,0.0,11413.042,5706.521,0.0,0.0,65.0,1602.0,209.25,54.0,358.82126,128752.69,6.0,2.0,12.0,13742.0,65.0,13042.0,63.0,65.0,63.0,13742.0,13042.0,0.0
0.0,1e-06,5e-07,0.0,0.0,60.0,1.0,1e+06,28.0,0.0,0.0,0.0,0.0,0.0,0.0,0.0,60.0,60.0,60.0,0.0,60.0,60.0,0.0,0.0,0.0,48015.0,0.0,0.0,0.0,6e+07,1.0,0.0,0.0,0.0,0.0,1e+06,0.0,0.0,0.0,0.0,0.0,0.0,0.0,0.0,0.0,0.0,0.0,0.0,0.0,0.0,0.0,0.0,1e-06,5e-07,0.0,0.0,0.0,60.0,60.0,60.0,0.0,0.0,17.0,0.0,0.0,60.0,1.0,0.0,0.0,1.0,0.0,60.0,0.0,0.0
9.0,0.0032448769,0.0016224384,0.0,0.0,121.4,6.0,308.1781,240.0,1304.8649,648.97534,0.0,460.88788,3244.877,65535.0,1.0,217.0,92.5,66.0,55.75467,555.0,92.5,0.0,0.0,0.84218514,51508.0,0.0,2.0,65535.0,374128.22,3244.0,1304.8649,360.54187,0.0,471.17105,3081.781,4.0,308.1781,160.0,1304.8649,744.3428,391.00647,400.8148,2233.0283,1.0,453.0,164.75,66.0,166.45326,659.0,164.75,0.0,0.0032448769,0.0016224384,0.0,0.0,2.0,453.0,121.4,66.0,119.166435,14200.64,6.0,0.0,2.0,555.0,6.0,659.0,4.0,6.0,4.0,555.0,659.0,0.0
27.0,812.2424,406.1212,0.0,0.0,112.8,4.0,0.0036934789,480.0,6.3450714e+08,7.384016e+07,385.9997,1.844419e+08,8.122418e+08,65535.0,3.0,503.0,146.91667,66.0,142.19731,587.6667,146.91667,0.0,0.0,1.0876002,80.0,0.0,6.0,65535.0,4.166244,8.1224237e+08,6.345063e+08,2.8008358e+07,5.00679,1.1911035e+08,0.03693479,6.0,0.0036934789,720.0,6.345063e+08,4.7778964e+07,67.949295,1.5250314e+08,8.1224237e+08,3.0,317.0,90.05556,66.0,60.2121,540.3333,90.05556,0.0,812.2424,406.1212,0.0,0.0,6.0,503.0,112.8,66.0,105.06804,11039.293,6.0,0.0,6.0,1763.0,12.0,1621.0,18.0,12.0,18.0,1763.0,1621.0,0.0
9.0,0.0067830086,0.0033915043,0.0,0.0,87.5,5.0,147.4272,200.0,3481.865,1614.0342,549.078,1136.9133,6456.1367,65535.0,1.0,258.0,106.0,66.0,76.06313,530.0,106.0,0.0,0.0,1.5362319,37785.0,0.0,2.0,65535.0,128998.805,6783.0,3422.9756,753.6676,0.0,1059.363,1474.2721,5.0,147.4272,200.0,3422.9756,1673.46,0.0,1222.5872,6693.84,1.0,74.0,69.0,66.0,3.6878178,345.0,69.0,0.0,0.0067830086,0.0033915043,0.0,0.0,2.0,258.0,87.5,66.0,56.937244,3241.85,6.0,0.0,2.0,530.0,5.0,345.0,5.0,5.0,5.0,530.0,345.0,0.0
0.0,0.21198797,0.105993986,0.0,0.0,187.5,1.0,4.717249,28.0,0.0,0.0,0.0,0.0,0.0,0.0,0.0,242.0,242.0,242.0,0.0,242.0,242.0,0.0,0.0,1.8195488,53.0,0.0,0.0,0.0,1768.9683,211987.0,211987.97,211987.97,211987.97,0.0,9.434498,1.0,4.717249,28.0,0.0,0.0,0.0,0.0,0.0,0.0,133.0,133.0,133.0,0.0,133.0,133.0,0.0,0.21198797,0.105993986,0.0,0.0,0.0,242.0,187.5,133.0,54.5,2970.25,17.0,0.0,0.0,242.0,1.0,133.0,1.0,1.0,1.0,242.0,133.0,0.0
0.0,1e-06,5e-07,0.0,0.0,60.0,1.0,1e+06,40.0,0.0,0.0,0.0,0.0,0.0,65535.0,0.0,60.0,60.0,60.0,0.0,60.0,60.0,0.0,0.0,0.0,54836.0,0.0,0.0,0.0,6e+07,1.0,0.0,0.0,0.0,0.0,1e+06,0.0,0.0,0.0,0.0,0.0,0.0,0.0,0.0,0.0,0.0,0.0,0.0,0.0,0.0,0.0,0.0,1e-06,5e-07,0.0,0.0,0.0,60.0,60.0,60.0,0.0,0.0,6.0,1.0,0.0,60.0,1.0,0.0,0.0,1.0,0.0,60.0,0.0,0.0
0.0,1e-06,5e-07,0.0,0.0,102.0,1.0,1e+06,28.0,0.0,0.0,0.0,0.0,0.0,0.0,0.0,102.0,102.0,102.0,0.0,102.0,102.0,0.0,0.0,0.0,53.0,0.0,0.0,0.0,1.02e+08,1.0,0.0,0.0,0.0,0.0,1e+06,0.0,0.0,0.0,0.0,0.0,0.0,0.0,0.0,0.0,0.0,0.0,0.0,0.0,0.0,0.0,0.0,1e-06,5e-07,0.0,0.0,0.0,102.0,102.0,102.0,0.0,0.0,17.0,0.0,0.0,102.0,1.0,0.0,0.0,1.0,0.0,102.0,0.0,0.0
27.0,160.35785,80.178925,0.0,0.0,154.16667,8.5,0.012472106,680.0,1.5987997e+08,1.0022365e+07,0.0,3.8693224e+07,1.6035784e+08,65535.0,3.0,288.0,102.588234,66.0,75.70769,872.0,102.588234,0.0,0.0,0.60534537,46637.0,0.0,6.0,65535.0,28.841745,1.6035784e+08,1.5987997e+08,5.529581e+06,0.0,2.91696e+07,0.18708159,6.5,0.012472106,520.0,1.5988272e+08,1.3363102e+07,117.06352,4.4177508e+07,1.6035722e+08,3.0,1231.0,221.61539,66.0,364.4369,1440.5,221.61539,0.0,160.35785,80.178925,0.0,0.0,6.0,1231.0,154.16667,66.0,253.53436,64279.67,6.0,0.0,6.0,1744.0,17.0,2881.0,13.0,17.0,13.0,1744.0,2881.0,0.0
17.0,0.00582695,0.002913475,0.0,0.0,81.611115,10.0,171.61636,400.0,3093.0042,647.4389,0.0,996.53107,5826.95,65535.0,2.0,103.0,71.5,66.0,11.092791,715.0,71.5,0.0,0.0,0.94827586,48228.0,0.0,2.0,65535.0,252104.44,5826.0,2796.8884,342.76178,0.0,689.45544,3089.0945,8.0,171.61636,320.0,2796.8884,780.99115,0.0,948.2018,5466.938,4.0,152.0,94.25,66.0,34.643723,754.0,94.25,0.0,0.00582695,0.002913475,0.0,0.0,6.0,152.0,81.611115,66.0,27.010572,729.571,6.0,0.0,2.0,715.0,10.0,754.0,8.0,10.0,8.0,715.0,754.0,0.0
0.0,0.15795612,0.07897806,0.0,0.0,60.0,0.0,0.0,56.0,157956.12,157956.12,157956.12,0.0,157956.12,0.0,0.0,60.0,60.0,60.0,0.0,0.0,60.0,0.0,0.0,0.0,13254.0,0.0,0.0,0.0,759.70465,157956.0,157956.12,157956.12,157956.12,0.0,12.661744,0.0,0.0,0.0,0.0,0.0,0.0,0.0,0.0,0.0,0.0,0.0,0.0,0.0,0.0,0.0,0.0,0.15795612,0.07897806,0.0,0.0,0.0,60.0,60.0,60.0,0.0,0.0,17.0,0.0,0.0,120.0,2.0,0.0,0.0,2.0,0.0,120.0,0.0,0.0
1.0,0.00044894218,0.00022447109,0.0,0.0,59.333332,2.0,2227.4583,80.0,448.9422,448.9422,448.9422,0.0,448.9422,65535.0,0.0,60.0,60.0,60.0,0.0,120.0,60.0,0.0,0.0,2.0689654,48407.0,0.0,0.0,65535.0,396487.6,448.0,385.9997,224.4711,62.942505,161.5286,6682.375,1.0,2227.4583,40.0,0.0,0.0,0.0,0.0,0.0,0.0,58.0,58.0,58.0,0.0,58.0,58.0,0.0,0.00044894218,0.00022447109,0.0,0.0,0.0,60.0,59.333332,58.0,0.94280905,0.8888889,6.0,1.0,2.0,120.0,2.0,58.0,1.0,2.0,1.0,120.0,58.0,0.0
11.0,0.0020608902,0.0010304451,0.0,0.0,78.416664,7.0,485.2272,280.0,902.8912,343.4817,0.0,316.2567,2060.8901,65535.0,3.0,156.0,85.57143,66.0,31.295172,599.0,85.57143,0.0,0.0,1.751462,58106.0,0.0,2.0,65535.0,456598.8,2060.0,609.87476,187.35365,0.0,201.07558,5822.7266,5.0,485.2272,200.0,1252.8896,441.96844,0.0,485.69705,1767.8738,1.0,74.0,68.4,66.0,3.2,342.0,68.4,0.0,0.0020608902,0.0010304451,0.0,0.0,4.0,156.0,78.416664,66.0,25.440971,647.24304,6.0,0.0,2.0,599.0,7.0,342.0,5.0,7.0,5.0,599.0,342.0,0.0
1.0,0.0005249977,0.00026249886,0.0,0.0,60.0,2.0,1904.7703,80.0,524.9977,524.9977,524.9977,0.0,524.9977,65535.0,0.0,60.0,60.0,60.0,0.0,120.0,60.0,0.0,0.0,2.0,63803.0,0.0,0.0,65535.0,342858.62,524.0,273.94293,262.49884,251.05476,11.444092,5714.3105,1.0,1904.7703,40.0,0.0,0.0,0.0,0.0,0.0,0.0,60.0,60.0,60.0,0.0,60.0,60.0,0.0,0.0005249977,0.00026249886,0.0,0.0,0.0,60.0,60.0,60.0,0.0,0.0,6.0,1.0,2.0,120.0,2.0,60.0,1.0,2.0,1.0,120.0,60.0,0.0
0.0,1e-06,5e-07,0.0,0.0,94.0,1.0,1e+06,28.0,0.0,0.0,0.0,0.0,0.0,0.0,0.0,94.0,94.0,94.0,0.0,94.0,94.0,0.0,0.0,0.0,53.0,0.0,0.0,0.0,9.4e+07,1.0,0.0,0.0,0.0,0.0,1e+06,0.0,0.0,0.0,0.0,0.0,0.0,0.0,0.0,0.0,0.0,0.0,0.0,0.0,0.0,0.0,0.0,1e-06,5e-07,0.0,0.0,0.0,94.0,94.0,94.0,0.0,0.0,17.0,0.0,0.0,94.0,1.0,0.0,0.0,1.0,0.0,94.0,0.0,0.0
7.0,1.0168772,0.5084386,0.0,0.0,72.125,1.5,1.9668058,120.0,1.00862406e+06,507631.06,6638.0503,500993.0,1.0152621e+06,65535.0,1.0,99.0,79.666664,66.0,14.055446,119.5,79.666664,0.0,0.0,0.7071006,22.0,0.0,2.0,65535.0,567.4235,1.016877e+06,1.00527694e+06,145268.17,165.93933,351102.38,7.8672233,2.5,1.9668058,200.0,1.00527694e+06,254219.3,555.03845,433629.47,1.0168772e+06,0.0,74.0,67.6,66.0,3.2,169.0,67.6,0.0,1.0168772,0.5084386,0.0,0.0,1.0,99.0,72.125,66.0,10.705577,114.609375,6.0,0.0,2.0,239.0,3.0,338.0,5.0,3.0,5.0,239.0,338.0,0.0
12.0,1.398346,0.699173,0.0,0.0,373.46155,7.0,0.7151306,280.0,935723.06,233055.0,945.09125,344194.84,1.39833e+06,65535.0,1.0,607.0,144.42857,66.0,188.86417,1011.0,144.42857,0.0,0.0,0.26300728,52466.0,0.0,2.0,65535.0,3471.9592,1.398345e+06,935723.06,116528.83,15.974045,269838.56,9.296698,6.0,0.7151306,240.0,936383.94,279600.8,82.01599,373574.84,1.398004e+06,2.0,2962.0,640.6667,66.0,1056.8322,3844.0,640.6667,0.0,1.398346,0.699173,0.0,0.0,3.0,2962.0,373.46155,66.0,771.94244,595895.2,6.0,0.0,2.0,1011.0,7.0,3844.0,6.0,7.0,6.0,1011.0,3844.0,0.0
9.0,0.0020589828,0.0010294914,0.0,0.0,156.6,0.0,200.0,0.0,878.8109,506.46066,198.12584,296.05682,2025.8427,65535.0,1.0,602.0,174.8,66.0,238.83719,0.0,174.8,0.0,0.0,1.2630057,49616.0,0.0,2.0,65535.0,760569.7,2058.0,878.8109,228.77588,15.0203705,274.07755,4856.767,0.0,200.0,0.0,1121.9978,510.03696,55.07469,455.67496,2040.1478,1.0,420.0,138.4,66.0,157.45729,0.0,138.4,0.0,0.0020589828,0.0010294914,0.0,0.0,2.0,602.0,156.6,66.0,191.67577,36739.6,6.0,0.0,2.0,874.0,5.0,692.0,5.0,5.0,5.0,874.0,692.0,0.0
1.0,0.00034594536,0.00017297268,0.0,0.0,67.0,0.0,0.0,40.0,0.0,0.0,0.0,0.0,0.0,65535.0,0.0,74.0,74.0,74.0,0.0,0.0,74.0,0.0,0.0,1.2333333,60429.0,0.0,0.0,65535.0,387344.4,345.0,345.94537,345.94537,345.94537,0.0,5781.26,0.0,0.0,40.0,0.0,0.0,0.0,0.0,0.0,0.0,60.0,60.0,60.0,0.0,0.0,60.0,0.0,0.00034594536,0.00017297268,0.0,0.0,0.0,74.0,67.0,60.0,9.899495,98.0,6.0,1.0,1.0,74.0,1.0,60.0,1.0,1.0,1.0,74.0,60.0,0.0
0.0,1e-06,5e-07,0.0,0.0,60.0,0.0,0.0,28.0,0.0,0.0,0.0,0.0,0.0,0.0,0.0,60.0,60.0,60.0,0.0,0.0,60.0,0.0,0.0,0.0,45859.0,0.0,0.0,0.0,6e+07,1.0,0.0,0.0,0.0,0.0,1e+06,0.0,0.0,0.0,0.0,0.0,0.0,0.0,0.0,0.0,0.0,0.0,0.0,0.0,0.0,0.0,0.0,1e-06,5e-07,0.0,0.0,0.0,60.0,60.0,60.0,0.0,0.0,17.0,0.0,0.0,60.0,1.0,0.0,0.0,1.0,0.0,60.0,0.0,0.0
44.0,4293.2124,2146.6062,0.0,0.0,80.195656,12.0,0.00046585163,960.0,4.2931935e+09,1.8666139e+08,0.0,8.755156e+08,4.293212e+09,65535.0,16.0,117.0,85.333336,66.0,15.595583,1024.0,85.333336,0.0,0.0,1.2480195,21.0,0.0,4.0,65535.0,0.85926336,4.2932124e+09,4.2931927e+09,9.540472e+07,0.0,6.328403e+08,0.010714588,11.0,0.00046585163,880.0,4.2931932e+09,2.0443867e+08,30.994415,9.142733e+08,4.293212e+09,12.0,95.0,74.59091,66.0,9.580564,820.5,74.59091,0.0,4293.2124,2146.6062,0.0,0.0,28.0,117.0,80.195656,66.0,14.127708,199.59215,6.0,0.0,4.0,2048.0,24.0,1641.0,22.0,24.0,22.0,2048.0,1641.0,0.0
15.0,4.030264,2.015132,0.0,0.0,237.125,3.0,0.74436814,360.0,3.006103e+06,503783.0,0.0,1.0006679e+06,4.030264e+06,65535.0,2.0,154.0,81.333336,66.0,28.782711,244.0,81.333336,0.0,0.0,0.23905943,57082.0,0.0,2.0,65535.0,941.37756,4.030263e+06,3.005285e+06,268684.25,0.0,772525.75,3.9699633,2.3333333,0.74436814,280.0,3.005945e+06,671586.2,112.05673,1.1055821e+06,4.0295172e+06,3.0,2341.0,437.42856,66.0,780.46063,1020.6667,437.42856,0.0,4.030264,2.015132,0.0,0.0,5.0,2341.0,237.125,66.0,546.0413,298161.12,6.0,0.0,2.0,732.0,9.0,3062.0,7.0,9.0,7.0,732.0,3062.0,0.0
9.0,0.012184858,0.006092429,0.0,0.0,85.9,5.0,82.06907,200.0,3335.9526,2496.2424,390.0528,1223.3287,9984.97,65535.0,1.0,242.0,102.8,66.0,69.66893,514.0,102.8,0.0,0.0,1.489855,36715.0,0.0,2.0,65535.0,70497.33,12184.0,3276.1096,1353.8732,0.0,1057.0862,820.69073,5.0,82.06907,200.0,6774.9023,2427.4587,0.0,2582.286,9709.835,1.0,74.0,69.0,66.0,3.6878178,345.0,69.0,0.0,0.012184858,0.006092429,0.0,0.0,2.0,242.0,85.9,66.0,52.146812,2719.29,6.0,0.0,2.0,514.0,5.0,345.0,5.0,5.0,5.0,514.0,345.0,0.0
1.0,0.0011701584,0.0005850792,0.0,0.0,787.0,1.0,854.58514,40.0,0.0,0.0,0.0,0.0,0.0,65535.0,0.0,60.0,60.0,60.0,0.0,60.0,60.0,0.0,0.0,0.03963012,18971.0,0.0,0.0,65535.0,1.345117e+06,1170.0,1170.1584,1170.1584,1170.1584,0.0,1709.1703,1.0,854.58514,40.0,0.0,0.0,0.0,0.0,0.0,0.0,1514.0,1514.0,1514.0,0.0,1514.0,1514.0,0.0,0.0011701584,0.0005850792,0.0,0.0,0.0,1514.0,787.0,60.0,727.0,528529.0,6.0,1.0,1.0,60.0,1.0,1514.0,1.0,1.0,1.0,60.0,1514.0,0.0
0.0,1e-06,5e-07,0.0,0.0,60.0,0.0,0.0,28.0,0.0,0.0,0.0,0.0,0.0,0.0,0.0,60.0,60.0,60.0,0.0,0.0,60.0,0.0,0.0,0.0,13108.0,0.0,0.0,0.0,6e+07,1.0,0.0,0.0,0.0,0.0,1e+06,0.0,0.0,0.0,0.0,0.0,0.0,0.0,0.0,0.0,0.0,0.0,0.0,0.0,0.0,0.0,0.0,1e-06,5e-07,0.0,0.0,0.0,60.0,60.0,60.0,0.0,0.0,17.0,0.0,0.0,60.0,1.0,0.0,0.0,1.0,0.0,60.0,0.0,0.0
0.0,1e-06,5e-07,0.0,0.0,94.0,1.0,1e+06,28.0,0.0,0.0,0.0,0.0,0.0,0.0,0.0,94.0,94.0,94.0,0.0,94.0,94.0,0.0,0.0,0.0,53.0,0.0,0.0,0.0,9.4e+07,1.0,0.0,0.0,0.0,0.0,1e+06,0.0,0.0,0.0,0.0,0.0,0.0,0.0,0.0,0.0,0.0,0.0,0.0,0.0,0.0,0.0,0.0,1e-06,5e-07,0.0,0.0,0.0,94.0,94.0,94.0,0.0,0.0,17.0,0.0,0.0,94.0,1.0,0.0,0.0,1.0,0.0,94.0,0.0,0.0
0.0,1e-06,5e-07,0.0,0.0,60.0,0.0,0.0,28.0,0.0,0.0,0.0,0.0,0.0,0.0,0.0,60.0,60.0,60.0,0.0,0.0,60.0,0.0,0.0,0.0,47333.0,0.0,0.0,0.0,6e+07,1.0,0.0,0.0,0.0,0.0,1e+06,0.0,0.0,0.0,0.0,0.0,0.0,0.0,0.0,0.0,0.0,0.0,0.0,0.0,0.0,0.0,0.0,1e-06,5e-07,0.0,0.0,0.0,60.0,60.0,60.0,0.0,0.0,17.0,0.0,0.0,60.0,1.0,0.0,0.0,1.0,0.0,60.0,0.0,0.0
63.0,2000.83,1000.415,0.0,0.0,124.671425,6.0,0.0034985482,1680.0,8.084391e+08,4.8800732e+07,0.0,1.493754e+08,2.00083e+09,65535.0,7.0,290.0,97.95238,66.0,68.85283,587.7143,97.95238,0.0,0.0,0.89182746,53116.0,0.0,14.0,65535.0,4.36169,2.00083e+09,8.084391e+08,2.8997536e+07,0.0,1.176125e+08,0.034985483,4.0,0.0034985482,1120.0,8.084395e+08,7.41048e+07,336.88544,1.7890669e+08,2.0008297e+09,7.0,453.0,164.75,66.0,166.45326,659.0,164.75,0.0,2000.83,1000.415,0.0,0.0,14.0,453.0,124.671425,66.0,122.46617,14997.964,6.0,0.0,14.0,4114.0,42.0,4613.0,28.0,42.0,28.0,4114.0,4613.0,0.0
1.0,0.0,0.0,0.0,0.0,60.0,0.0,0.0,40.0,0.0,0.0,0.0,0.0,0.0,65535.0,0.0,60.0,60.0,60.0,0.0,0.0,60.0,0.0,0.0,1.0,10004.0,0.0,0.0,65535.0,0.0,0.0,0.0,0.0,0.0,0.0,0.0,0.0,0.0,40.0,0.0,0.0,0.0,0.0,0.0,0.0,60.0,60.0,60.0,0.0,0.0,60.0,0.0,0.0,0.0,0.0,0.0,0.0,60.0,60.0,60.0,0.0,0.0,6.0,1.0,1.0,60.0,1.0,60.0,1.0,1.0,1.0,60.0,60.0,0.0
1.0,0.0003991127,0.00019955635,0.0,0.0,787.0,1.0,2505.5579,40.0,0.0,0.0,0.0,0.0,0.0,65535.0,0.0,60.0,60.0,60.0,0.0,60.0,60.0,0.0,0.0,0.03963012,16913.0,0.0,0.0,65535.0,3.9437482e+06,399.0,399.1127,399.1127,399.1127,0.0,5011.1157,1.0,2505.5579,40.0,0.0,0.0,0.0,0.0,0.0,0.0,1514.0,1514.0,1514.0,0.0,1514.0,1514.0,0.0,0.0003991127,0.00019955635,0.0,0.0,0.0,1514.0,787.0,60.0,727.0,528529.0,6.0,1.0,1.0,60.0,1.0,1514.0,1.0,1.0,1.0,60.0,1514.0,0.0
1.0,0.0003950596,0.0001975298,0.0,0.0,60.0,1.0,2531.2637,40.0,0.0,0.0,0.0,0.0,0.0,65535.0,0.0,60.0,60.0,60.0,0.0,60.0,60.0,0.0,0.0,1.0,2211.0,0.0,0.0,65535.0,303751.66,395.0,395.05957,395.05957,395.05957,0.0,5062.5273,1.0,2531.2637,40.0,0.0,0.0,0.0,0.0,0.0,0.0,60.0,60.0,60.0,0.0,60.0,60.0,0.0,0.0003950596,0.0001975298,0.0,0.0,0.0,60.0,60.0,60.0,0.0,0.0,6.0,1.0,1.0,60.0,1.0,60.0,1.0,1.0,1.0,60.0,60.0,0.0
128.0,9631.722,4815.861,0.0,0.0,194.11972,6.071429,0.0014535303,3400.0,1.768525e+09,1.1466336e+08,0.0,3.1735702e+08,9.631722e+09,65535.0,14.0,307.0,86.858826,66.0,46.91147,527.3571,86.858826,0.0,0.0,0.36582103,35770.0,0.0,28.0,65535.0,2.8618975,9.631722e+09,1.768525e+09,6.831009e+07,0.0,2.5133067e+08,0.014742951,4.071429,0.0014535303,2280.0,1.7685254e+09,1.7199502e+08,196.21849,3.757827e+08,9.631721e+09,15.0,7306.0,354.0702,66.0,1070.0192,1441.5714,354.0702,0.0,9631.722,4815.861,0.0,0.0,29.0,7306.0,194.11972,66.0,691.42084,478062.75,6.0,0.0,28.0,7383.0,85.0,20182.0,57.0,85.0,57.0,7383.0,20182.0,0.0
0.0,1e-06,5e-07,0.0,0.0,60.0,0.0,0.0,28.0,0.0,0.0,0.0,0.0,0.0,0.0,0.0,60.0,60.0,60.0,0.0,0.0,60.0,0.0,0.0,0.0,11604.0,0.0,0.0,0.0,6e+07,1.0,0.0,0.0,0.0,0.0,1e+06,0.0,0.0,0.0,0.0,0.0,0.0,0.0,0.0,0.0,0.0,0.0,0.0,0.0,0.0,0.0,0.0,1e-06,5e-07,0.0,0.0,0.0,60.0,60.0,60.0,0.0,0.0,17.0,0.0,0.0,60.0,1.0,0.0,0.0,1.0,0.0,60.0,0.0,0.0
0.0,231.4345,115.71725,0.0,0.0,97.0,1.0,0.008641754,56.0,2.3143448e+08,2.3143448e+08,2.3143448e+08,0.0,2.3143448e+08,0.0,0.0,98.0,97.0,96.0,1.0,97.0,97.0,0.0,0.0,0.0,53.0,0.0,0.0,0.0,0.83825016,2.3143448e+08,2.3143448e+08,2.3143448e+08,2.3143448e+08,0.0,0.008641754,0.0,0.0,0.0,0.0,0.0,0.0,0.0,0.0,0.0,0.0,0.0,0.0,0.0,0.0,0.0,0.0,231.4345,115.71725,0.0,0.0,0.0,98.0,97.0,96.0,1.0,1.0,17.0,0.0,0.0,194.0,2.0,0.0,0.0,2.0,0.0,194.0,0.0,0.0
31.0,892.63995,446.31998,0.0,0.0,396.88235,4.25,0.00448109,680.0,6.623294e+08,5.5789996e+07,0.0,1.6592349e+08,8.9263994e+08,65535.0,3.0,398.0,119.29412,66.0,112.03716,507.0,119.29412,0.0,0.0,0.17687075,57442.0,0.0,6.0,65535.0,15.116958,8.9263994e+08,6.623294e+08,2.7049696e+07,0.0,1.188511e+08,0.038089264,4.25,0.00448109,680.0,6.623294e+08,5.5789996e+07,51.97525,1.6592347e+08,8.9263994e+08,5.0,3506.0,674.4706,66.0,1160.7623,2866.5,674.4706,0.0,892.63995,446.31998,0.0,0.0,8.0,3506.0,396.88235,66.0,870.06665,757016.0,6.0,0.0,6.0,2028.0,17.0,11466.0,17.0,17.0,17.0,2028.0,11466.0,0.0
1.0,0.0007510185,0.00037550926,0.0,0.0,67.0,1.0,1331.525,40.0,0.0,0.0,0.0,0.0,0.0,65535.0,0.0,74.0,74.0,74.0,0.0,74.0,74.0,0.0,0.0,1.2333333,54712.0,0.0,0.0,65535.0,178424.36,751.0,751.01855,751.01855,751.01855,0.0,2663.05,1.0,1331.525,40.0,0.0,0.0,0.0,0.0,0.0,0.0,60.0,60.0,60.0,0.0,60.0,60.0,0.0,0.0007510185,0.00037550926,0.0,0.0,0.0,74.0,67.0,60.0,7.0,49.0,6.0,1.0,1.0,74.0,1.0,60.0,1.0,1.0,1.0,74.0,60.0,0.0
2.0,12.209469,6.1047344,0.0,0.0,58.0,0.0,0.0,0.0,0.0,0.0,0.0,0.0,0.0,0.0,0.0,0.0,0.0,0.0,0.0,0.0,0.0,0.0,0.0,0.0,4529.0,0.0,0.0,65535.0,9.500823,1.2209468e+07,1.2209469e+07,1.2209469e+07,1.2209469e+07,0.0,0.16380729,0.0,0.0,80.0,1.2209469e+07,1.2209469e+07,1.2209469e+07,0.0,1.2209469e+07,0.0,58.0,58.0,58.0,0.0,0.0,58.0,0.0,12.209469,6.1047344,0.0,0.0,0.0,58.0,58.0,58.0,0.0,0.0,6.0,0.0,2.0,0.0,0.0,116.0,2.0,0.0,2.0,0.0,116.0,0.0
0.0,0.00040102005,0.00020051003,0.0,0.0,124.0,1.0,2493.6409,28.0,0.0,0.0,0.0,0.0,0.0,0.0,0.0,91.0,91.0,91.0,0.0,91.0,91.0,0.0,0.0,0.57961786,47256.0,0.0,0.0,0.0,618422.94,401.0,401.02005,401.02005,401.02005,0.0,4987.2817,1.0,2493.6409,28.0,0.0,0.0,0.0,0.0,0.0,0.0,157.0,157.0,157.0,0.0,157.0,157.0,0.0,0.00040102005,0.00020051003,0.0,0.0,0.0,157.0,124.0,91.0,33.0,1089.0,17.0,0.0,0.0,91.0,1.0,157.0,1.0,1.0,1.0,91.0,157.0,0.0
0.0,0.00030899048,0.00015449524,0.0,0.0,141.0,1.0,3236.3457,28.0,0.0,0.0,0.0,0.0,0.0,0.0,0.0,108.0,108.0,108.0,0.0,108.0,108.0,0.0,0.0,0.62068963,52975.0,0.0,0.0,0.0,912649.5,308.0,308.99048,308.99048,308.99048,0.0,6472.6914,1.0,3236.3457,28.0,0.0,0.0,0.0,0.0,0.0,0.0,174.0,174.0,174.0,0.0,174.0,174.0,0.0,0.00030899048,0.00015449524,0.0,0.0,0.0,174.0,141.0,108.0,33.0,1089.0,17.0,0.0,0.0,108.0,1.0,174.0,1.0,1.0,1.0,108.0,174.0,0.0
0.0,1e-06,5e-07,0.0,0.0,60.0,0.0,0.0,28.0,0.0,0.0,0.0,0.0,0.0,0.0,0.0,60.0,60.0,60.0,0.0,0.0,60.0,0.0,0.0,0.0,2170.0,0.0,0.0,0.0,6e+07,1.0,0.0,0.0,0.0,0.0,1e+06,0.0,0.0,0.0,0.0,0.0,0.0,0.0,0.0,0.0,0.0,0.0,0.0,0.0,0.0,0.0,0.0,1e-06,5e-07,0.0,0.0,0.0,60.0,60.0,60.0,0.0,0.0,17.0,0.0,0.0,60.0,1.0,0.0,0.0,1.0,0.0,60.0,0.0,0.0
72.0,1525.7917,762.8959,0.0,0.0,123.8625,6.0,0.0052431794,1920.0,5.9199386e+08,3.2463656e+07,0.0,1.0051208e+08,1.5257917e+09,65535.0,8.0,318.0,96.604164,66.0,67.05742,579.625,96.604164,0.0,0.0,0.87955236,43292.0,0.0,16.0,65535.0,6.494333,1.5257917e+09,5.9199386e+08,1.931382e+07,0.0,7.9148136e+07,0.052431792,4.0,0.0052431794,1280.0,5.9199405e+08,4.9219084e+07,0.0,1.20383944e+08,1.5257916e+09,8.0,453.0,164.75,66.0,166.45326,659.0,164.75,0.0,1525.7917,762.8959,0.0,0.0,16.0,453.0,123.8625,66.0,122.04597,14895.219,6.0,0.0,16.0,4637.0,48.0,5272.0,32.0,48.0,32.0,4637.0,5272.0,0.0
1.0,1e-06,5e-07,0.0,0.0,113.0,1.0,1e+06,40.0,0.0,0.0,0.0,0.0,0.0,65535.0,1.0,113.0,113.0,113.0,0.0,113.0,113.0,0.0,0.0,0.0,8000.0,0.0,0.0,0.0,1.13e+08,1.0,0.0,0.0,0.0,0.0,1e+06,0.0,0.0,0.0,0.0,0.0,0.0,0.0,0.0,0.0,0.0,0.0,0.0,0.0,0.0,0.0,0.0,1e-06,5e-07,0.0,0.0,1.0,113.0,113.0,113.0,0.0,0.0,6.0,0.0,0.0,113.0,1.0,0.0,0.0,1.0,0.0,113.0,0.0,0.0
0.0,1e-06,5e-07,0.0,0.0,97.0,0.0,0.0,0.0,0.0,0.0,0.0,0.0,0.0,0.0,0.0,0.0,0.0,0.0,0.0,0.0,0.0,0.0,0.0,0.0,53.0,0.0,0.0,0.0,9.7e+07,1.0,0.0,0.0,0.0,0.0,1e+06,1.0,1e+06,28.0,0.0,0.0,0.0,0.0,0.0,0.0,97.0,97.0,97.0,0.0,97.0,97.0,0.0,1e-06,5e-07,0.0,0.0,0.0,97.0,97.0,97.0,0.0,0.0,17.0,0.0,0.0,0.0,0.0,97.0,1.0,0.0,1.0,0.0,97.0,0.0
72.0,1985.4987,992.7493,0.0,0.0,126.0875,6.0,0.0040292144,1920.0,6.8617914e+08,4.2244652e+07,0.0,1.23412824e+08,1.9854988e+09,65535.0,8.0,377.0,100.3125,66.0,76.96892,601.875,100.3125,0.0,0.0,0.91331565,36174.0,0.0,16.0,65535.0,5.0803356,1.9854988e+09,6.8617914e+08,2.5132894e+07,0.0,9.742374e+07,0.040292144,4.0,0.0040292144,1280.0,6.861795e+08,6.4048332e+07,281.09552,1.4729326e+08,1.9854984e+09,8.0,453.0,164.75,66.0,166.45326,659.0,164.75,0.0,1985.4987,992.7493,0.0,0.0,16.0,453.0,126.0875,66.0,125.03491,15633.7295,6.0,0.0,16.0,4815.0,48.0,5272.0,32.0,48.0,32.0,4815.0,5272.0,0.0
0.0,1e-06,5e-07,0.0,0.0,60.0,0.0,0.0,0.0,0.0,0.0,0.0,0.0,0.0,0.0,0.0,0.0,0.0,0.0,0.0,0.0,0.0,0.0,0.0,0.0,1074.0,0.0,0.0,65535.0,6e+07,1.0,0.0,0.0,0.0,0.0,1e+06,0.0,0.0,40.0,0.0,0.0,0.0,0.0,0.0,0.0,60.0,60.0,60.0,0.0,0.0,60.0,0.0,1e-06,5e-07,0.0,0.0,0.0,60.0,60.0,60.0,0.0,0.0,6.0,0.0,1.0,0.0,0.0,60.0,1.0,0.0,1.0,0.0,60.0,0.0
0.0,0.19473791,0.097368956,0.0,0.0,60.0,0.0,0.0,56.0,194737.9,194737.9,194737.9,0.0,194737.9,0.0,0.0,60.0,60.0,60.0,0.0,0.0,60.0,0.0,0.0,0.0,60109.0,0.0,0.0,0.0,616.2128,194737.0,194737.9,194737.9,194737.9,0.0,10.270214,0.0,0.0,0.0,0.0,0.0,0.0,0.0,0.0,0.0,0.0,0.0,0.0,0.0,0.0,0.0,0.0,0.19473791,0.097368956,0.0,0.0,0.0,60.0,60.0,60.0,0.0,0.0,17.0,0.0,0.0,120.0,2.0,0.0,0.0,2.0,0.0,120.0,0.0,0.0
1.0,0.00066804886,0.00033402443,0.0,0.0,67.0,1.0,1496.8965,40.0,0.0,0.0,0.0,0.0,0.0,65535.0,0.0,74.0,74.0,74.0,0.0,74.0,74.0,0.0,0.0,1.2333333,58204.0,0.0,0.0,65535.0,200584.12,668.0,668.0488,668.0488,668.0488,0.0,2993.793,1.0,1496.8965,40.0,0.0,0.0,0.0,0.0,0.0,0.0,60.0,60.0,60.0,0.0,60.0,60.0,0.0,0.00066804886,0.00033402443,0.0,0.0,0.0,74.0,67.0,60.0,7.0,49.0,6.0,1.0,1.0,74.0,1.0,60.0,1.0,1.0,1.0,74.0,60.0,0.0
40.0,9055.217,4527.6084,0.0,0.0,142.0204,5.0,0.0005521679,1000.0,4.2943547e+09,3.773007e+08,0.0,1.1009096e+09,9.055217e+09,65535.0,8.0,1106.0,138.52,60.0,225.95665,692.6,138.52,0.0,0.0,0.99056065,22.0,0.0,4.0,65535.0,0.76850724,9.055217e+09,4.2943534e+09,1.8865035e+08,0.0,8.0099283e+08,0.0054112454,4.8,0.0005521679,960.0,4.2943534e+09,3.937051e+08,159.97887,1.1217123e+09,9.055217e+09,9.0,1602.0,145.66667,66.0,304.3713,699.2,145.66667,0.0,9055.217,4527.6084,0.0,0.0,17.0,1602.0,142.0204,60.0,267.27808,71437.57,6.0,6.0,8.0,3463.0,25.0,3496.0,24.0,25.0,24.0,3463.0,3496.0,0.0
2.0,38.522858,19.261429,0.0,0.0,58.0,0.0,0.0,0.0,0.0,0.0,0.0,0.0,0.0,0.0,0.0,0.0,0.0,0.0,0.0,0.0,0.0,0.0,0.0,0.0,17248.0,0.0,0.0,65535.0,3.0111995,3.8522856e+07,3.8522856e+07,3.8522856e+07,3.8522856e+07,0.0,0.05191723,0.0,0.0,80.0,3.8522856e+07,3.8522856e+07,3.8522856e+07,0.0,3.8522856e+07,0.0,58.0,58.0,58.0,0.0,0.0,58.0,0.0,38.522858,19.261429,0.0,0.0,0.0,58.0,58.0,58.0,0.0,0.0,6.0,0.0,2.0,0.0,0.0,116.0,2.0,0.0,2.0,0.0,116.0,0.0
29.0,2797.411,1398.7054,0.0,0.0,186.12122,4.75,0.0014298937,760.0,2.7936202e+09,1.5541171e+08,380.9929,6.398598e+08,2.7974108e+09,65535.0,6.0,834.0,133.78947,60.0,177.20953,635.5,133.78947,0.0,0.0,0.70611113,49592.0,0.0,2.0,65535.0,2.1956017,2.7974108e+09,2.7936202e+09,8.741909e+07,8.821487,4.8604826e+08,0.011796623,3.5,0.0014298937,560.0,2.7936215e+09,2.1518546e+08,62.942505,7.443306e+08,2.7974108e+09,7.0,1170.0,257.14285,54.0,374.65543,900.0,257.14285,0.0,2797.411,1398.7054,0.0,0.0,13.0,1170.0,186.12122,54.0,285.21365,81346.836,6.0,2.0,4.0,2542.0,19.0,3600.0,14.0,19.0,14.0,2542.0,3600.0,0.0
1.0,1e-06,5e-07,0.0,0.0,60.0,0.0,0.0,0.0,0.0,0.0,0.0,0.0,0.0,0.0,0.0,0.0,0.0,0.0,0.0,0.0,0.0,0.0,0.0,0.0,63059.0,0.0,0.0,65535.0,6e+07,1.0,0.0,0.0,0.0,0.0,1e+06,0.0,0.0,40.0,0.0,0.0,0.0,0.0,0.0,0.0,60.0,60.0,60.0,0.0,0.0,60.0,0.0,1e-06,5e-07,0.0,0.0,0.0,60.0,60.0,60.0,0.0,0.0,6.0,1.0,0.0,0.0,0.0,60.0,1.0,0.0,1.0,0.0,60.0,0.0
1.0,0.00013279915,6.6399574e-05,0.0,0.0,60.0,1.0,7530.169,40.0,0.0,0.0,0.0,0.0,0.0,65535.0,0.0,60.0,60.0,60.0,0.0,60.0,60.0,0.0,0.0,1.0,2277.0,0.0,0.0,65535.0,903620.25,132.0,132.79915,132.79915,132.79915,0.0,15060.338,1.0,7530.169,40.0,0.0,0.0,0.0,0.0,0.0,0.0,60.0,60.0,60.0,0.0,60.0,60.0,0.0,0.00013279915,6.6399574e-05,0.0,0.0,0.0,60.0,60.0,60.0,0.0,0.0,6.0,1.0,1.0,60.0,1.0,60.0,1.0,1.0,1.0,60.0,60.0,0.0
11.0,0.0019629002,0.0009814501,0.0,0.0,78.75,7.0,509.45026,280.0,646.1144,327.15002,123.97766,197.0139,1962.9001,65535.0,3.0,160.0,86.14286,66.0,32.58584,603.0,86.14286,0.0,0.0,1.7631578,37756.0,0.0,2.0,65535.0,481430.5,1962.0,344.9917,178.44547,0.0,86.98927,6113.4033,5.0,509.45026,200.0,821.82886,412.22574,0.0,305.07635,1648.9028,1.0,74.0,68.4,66.0,3.2,342.0,68.4,0.0,0.0019629002,0.0009814501,0.0,0.0,4.0,160.0,78.75,66.0,26.461056,700.1875,6.0,0.0,2.0,603.0,7.0,342.0,5.0,7.0,5.0,603.0,342.0,0.0
0.0,1e-06,5e-07,0.0,0.0,60.0,0.0,0.0,0.0,0.0,0.0,0.0,0.0,0.0,0.0,0.0,0.0,0.0,0.0,0.0,0.0,0.0,0.0,0.0,0.0,80.0,0.0,0.0,65535.0,6e+07,1.0,0.0,0.0,0.0,0.0,1e+06,0.0,0.0,40.0,0.0,0.0,0.0,0.0,0.0,0.0,60.0,60.0,60.0,0.0,0.0,60.0,0.0,1e-06,5e-07,0.0,0.0,0.0,60.0,60.0,60.0,0.0,0.0,6.0,0.0,1.0,0.0,0.0,60.0,1.0,0.0,1.0,0.0,60.0,0.0
0.0,0.122560024,0.061280012,0.0,0.0,117.0,1.0,8.159267,28.0,0.0,0.0,0.0,0.0,0.0,0.0,0.0,101.0,101.0,101.0,0.0,101.0,101.0,0.0,0.0,0.7593985,41684.0,0.0,0.0,0.0,1909.2686,122560.0,122560.02,122560.02,122560.02,0.0,16.318535,1.0,8.159267,28.0,0.0,0.0,0.0,0.0,0.0,0.0,133.0,133.0,133.0,0.0,133.0,133.0,0.0,0.122560024,0.061280012,0.0,0.0,0.0,133.0,117.0,101.0,16.0,256.0,17.0,0.0,0.0,101.0,1.0,133.0,1.0,1.0,1.0,101.0,133.0,0.0
0.0,1e-06,5e-07,0.0,0.0,60.0,0.0,0.0,0.0,0.0,0.0,0.0,0.0,0.0,0.0,0.0,0.0,0.0,0.0,0.0,0.0,0.0,0.0,0.0,0.0,493.0,0.0,0.0,65535.0,6e+07,1.0,0.0,0.0,0.0,0.0,1e+06,0.0,0.0,40.0,0.0,0.0,0.0,0.0,0.0,0.0,60.0,60.0,60.0,0.0,0.0,60.0,0.0,1e-06,5e-07,0.0,0.0,0.0,60.0,60.0,60.0,0.0,0.0,6.0,0.0,1.0,0.0,0.0,60.0,1.0,0.0,1.0,0.0,60.0,0.0
0.0,1e-06,5e-07,0.0,0.0,60.0,1.0,1e+06,40.0,0.0,0.0,0.0,0.0,0.0,65535.0,0.0,60.0,60.0,60.0,0.0,60.0,60.0,0.0,0.0,0.0,61607.0,0.0,0.0,0.0,6e+07,1.0,0.0,0.0,0.0,0.0,1e+06,0.0,0.0,0.0,0.0,0.0,0.0,0.0,0.0,0.0,0.0,0.0,0.0,0.0,0.0,0.0,0.0,1e-06,5e-07,0.0,0.0,0.0,60.0,60.0,60.0,0.0,0.0,6.0,0.0,1.0,60.0,1.0,0.0,0.0,1.0,0.0,60.0,0.0,0.0
0.0,1e-06,5e-07,0.0,0.0,60.0,0.0,0.0,28.0,0.0,0.0,0.0,0.0,0.0,0.0,0.0,60.0,60.0,60.0,0.0,0.0,60.0,0.0,0.0,0.0,34276.0,0.0,0.0,0.0,6e+07,1.0,0.0,0.0,0.0,0.0,1e+06,0.0,0.0,0.0,0.0,0.0,0.0,0.0,0.0,0.0,0.0,0.0,0.0,0.0,0.0,0.0,0.0,1e-06,5e-07,0.0,0.0,0.0,60.0,60.0,60.0,0.0,0.0,17.0,0.0,0.0,60.0,1.0,0.0,0.0,1.0,0.0,60.0,0.0,0.0
15.0,0.005583048,0.002791524,0.0,0.0,82.5625,9.0,179.11363,360.0,3270.8645,697.881,0.0,1019.2626,5583.048,65535.0,2.0,87.0,70.333336,66.0,6.960204,633.0,70.333336,0.0,0.0,0.92005813,34748.0,0.0,2.0,65535.0,236609.11,5583.0,3263.9504,372.2032,0.0,790.7074,2865.818,7.0,179.11363,280.0,3278.017,756.14453,50.0679,1154.8854,4536.867,4.0,152.0,98.28571,66.0,35.232754,688.0,98.28571,0.0,0.005583048,0.002791524,0.0,0.0,6.0,152.0,82.5625,66.0,27.615595,762.6211,6.0,0.0,2.0,633.0,9.0,688.0,7.0,9.0,7.0,633.0,688.0,0.0
0.0,1e-06,5e-07,0.0,0.0,60.0,0.0,0.0,28.0,0.0,0.0,0.0,0.0,0.0,0.0,0.0,60.0,60.0,60.0,0.0,0.0,60.0,0.0,0.0,0.0,61937.0,0.0,0.0,0.0,6e+07,1.0,0.0,0.0,0.0,0.0,1e+06,0.0,0.0,0.0,0.0,0.0,0.0,0.0,0.0,0.0,0.0,0.0,0.0,0.0,0.0,0.0,0.0,1e-06,5e-07,0.0,0.0,0.0,60.0,60.0,60.0,0.0,0.0,17.0,0.0,0.0,60.0,1.0,0.0,0.0,1.0,0.0,60.0,0.0,0.0
0.0,1e-06,5e-07,0.0,0.0,96.0,1.0,1e+06,28.0,0.0,0.0,0.0,0.0,0.0,0.0,0.0,96.0,96.0,96.0,0.0,96.0,96.0,0.0,0.0,0.0,53.0,0.0,0.0,0.0,9.6e+07,1.0,0.0,0.0,0.0,0.0,1e+06,0.0,0.0,0.0,0.0,0.0,0.0,0.0,0.0,0.0,0.0,0.0,0.0,0.0,0.0,0.0,0.0,1e-06,5e-07,0.0,0.0,0.0,96.0,96.0,96.0,0.0,0.0,17.0,0.0,0.0,96.0,1.0,0.0,0.0,1.0,0.0,96.0,0.0,0.0
1.0,0.00064086914,0.00032043457,0.0,0.0,67.0,1.0,1560.381,40.0,0.0,0.0,0.0,0.0,0.0,65535.0,0.0,60.0,60.0,60.0,0.0,60.0,60.0,0.0,0.0,0.8108108,5432.0,0.0,0.0,65535.0,209091.05,640.0,640.86914,640.86914,640.86914,0.0,3120.762,1.0,1560.381,40.0,0.0,0.0,0.0,0.0,0.0,0.0,74.0,74.0,74.0,0.0,74.0,74.0,0.0,0.00064086914,0.00032043457,0.0,0.0,0.0,74.0,67.0,60.0,7.0,49.0,6.0,1.0,1.0,60.0,1.0,74.0,1.0,1.0,1.0,60.0,74.0,0.0
99.0,3271.3184,1635.6592,0.0,0.0,412.17432,5.4,0.0030568715,2160.0,1.1967954e+09,6.1722988e+07,0.0,1.9738766e+08,3.2713183e+09,65535.0,10.0,440.0,126.24074,66.0,124.74833,681.7,126.24074,0.0,0.0,0.17887694,42526.0,0.0,20.0,65535.0,13.733606,3.2713185e+09,1.1967954e+09,3.0289986e+07,0.0,1.416767e+08,0.033319898,5.5,0.0030568715,2200.0,1.1967954e+09,6.057997e+07,49.114227,1.9572843e+08,3.2713183e+09,15.0,3506.0,692.9091,66.0,1213.3093,3811.0,692.9091,0.0,3271.3184,1635.6592,0.0,0.0,25.0,3506.0,412.17432,66.0,911.4789,830793.8,6.0,0.0,20.0,6817.0,54.0,38110.0,55.0,54.0,55.0,6817.0,38110.0,0.0
1.0,0.00023794174,0.00011897087,0.0,0.0,60.0,1.0,4202.7095,40.0,0.0,0.0,0.0,0.0,0.0,65535.0,0.0,60.0,60.0,60.0,0.0,60.0,60.0,0.0,0.0,1.0,2066.0,0.0,0.0,65535.0,504325.12,237.0,237.94174,237.94174,237.94174,0.0,8405.419,1.0,4202.7095,40.0,0.0,0.0,0.0,0.0,0.0,0.0,60.0,60.0,60.0,0.0,60.0,60.0,0.0,0.00023794174,0.00011897087,0.0,0.0,0.0,60.0,60.0,60.0,0.0,0.0,6.0,1.0,1.0,60.0,1.0,60.0,1.0,1.0,1.0,60.0,60.0,0.0
1.0,4.6014786e-05,2.3007393e-05,0.0,0.0,64.0,1.0,21732.145,40.0,0.0,0.0,0.0,0.0,0.0,65535.0,0.0,74.0,74.0,74.0,0.0,74.0,74.0,0.0,0.0,1.3703704,44211.0,0.0,0.0,65535.0,2.7817145e+06,46.0,46.014786,46.014786,46.014786,0.0,43464.29,1.0,21732.145,40.0,0.0,0.0,0.0,0.0,0.0,0.0,54.0,54.0,54.0,0.0,54.0,54.0,0.0,4.6014786e-05,2.3007393e-05,0.0,0.0,0.0,74.0,64.0,54.0,10.0,100.0,6.0,1.0,1.0,74.0,1.0,54.0,1.0,1.0,1.0,74.0,54.0,0.0
1.0,0.00032401085,0.00016200542,0.0,0.0,57.0,1.0,3086.3164,40.0,0.0,0.0,0.0,0.0,0.0,65535.0,0.0,60.0,60.0,60.0,0.0,60.0,60.0,0.0,0.0,1.1111112,1358.0,0.0,0.0,65535.0,351840.06,324.0,324.01086,324.01086,324.01086,0.0,6172.633,1.0,3086.3164,40.0,0.0,0.0,0.0,0.0,0.0,0.0,54.0,54.0,54.0,0.0,54.0,54.0,0.0,0.00032401085,0.00016200542,0.0,0.0,0.0,60.0,57.0,54.0,3.0,9.0,6.0,1.0,1.0,60.0,1.0,54.0,1.0,1.0,1.0,60.0,54.0,0.0
9.0,0.012720108,0.006360054,0.0,0.0,170.3,6.0,78.615685,240.0,8677.006,2544.0215,574.11194,3103.391,12720.108,65535.0,1.0,266.0,100.666664,66.0,73.996994,604.0,100.666664,0.0,0.0,0.5495905,43637.0,0.0,2.0,65535.0,133882.52,12720.0,8677.006,1413.3453,44.107437,2587.7292,786.15686,4.0,78.615685,160.0,10291.814,3960.2915,368.1183,4490.58,11880.875,1.0,893.0,274.75,66.0,356.96173,1099.0,274.75,0.0,0.012720108,0.006360054,0.0,0.0,2.0,893.0,170.3,66.0,248.04678,61527.21,6.0,0.0,2.0,604.0,6.0,1099.0,4.0,6.0,4.0,604.0,1099.0,0.0
4.0,860.0157,430.00784,0.0,0.0,67.0,0.0,0.0,160.0,4.5023395e+08,2.866719e+08,4.719507e+07,2.1197258e+08,8.600157e+08,65535.0,0.0,74.0,74.0,74.0,0.0,0.0,74.0,0.0,0.0,1.2333333,57809.0,0.0,0.0,65535.0,0.62324446,8.600157e+08,4.5023395e+08,1.22859384e+08,0.0,1.9610613e+08,0.009302156,0.0,0.0,160.0,4.5023395e+08,2.8667168e+08,4.7194932e+07,2.1197258e+08,8.600151e+08,0.0,60.0,60.0,60.0,0.0,0.0,60.0,0.0,860.0157,430.00784,0.0,0.0,0.0,74.0,67.0,60.0,7.483315,56.0,6.0,4.0,4.0,296.0,4.0,240.0,4.0,4.0,4.0,296.0,240.0,0.0
1.0,0.00040602684,0.00020301342,0.0,0.0,60.0,1.0,2462.8914,40.0,0.0,0.0,0.0,0.0,0.0,65535.0,0.0,60.0,60.0,60.0,0.0,60.0,60.0,0.0,0.0,1.0,2619.0,0.0,0.0,65535.0,295546.97,406.0,406.02686,406.02686,406.02686,0.0,4925.7827,1.0,2462.8914,40.0,0.0,0.0,0.0,0.0,0.0,0.0,60.0,60.0,60.0,0.0,60.0,60.0,0.0,0.00040602684,0.00020301342,0.0,0.0,0.0,60.0,60.0,60.0,0.0,0.0,6.0,1.0,1.0,60.0,1.0,60.0,1.0,1.0,1.0,60.0,60.0,0.0
80.0,0.8511591,0.42557955,0.0,0.0,211.80247,44.0,1.1748685,1760.0,351290.94,19794.398,500.20218,55538.047,851159.1,65535.0,34.0,306.0,164.52272,66.0,63.245728,7239.0,164.52272,0.0,0.0,0.72995865,47426.0,0.0,2.0,65535.0,20156.043,851159.0,351290.94,10639.488,72.00241,41853.16,95.164345,37.0,1.1748685,1480.0,397218.0,23630.309,1281.0231,67287.7,850691.06,34.0,3426.0,268.02704,66.0,531.5573,9917.0,268.02704,0.0,0.8511591,0.42557955,0.0,0.0,68.0,3426.0,211.80247,66.0,365.9216,133898.62,6.0,0.0,2.0,7239.0,44.0,9917.0,37.0,44.0,37.0,7239.0,9917.0,0.0
0.0,1.120831,0.5604155,0.0,0.0,60.0,0.0,0.0,84.0,979695.06,560415.5,141135.94,592950.9,1.120831e+06,0.0,0.0,60.0,60.0,60.0,0.0,0.0,60.0,0.0,0.0,0.0,19592.0,0.0,0.0,0.0,160.59512,1.120831e+06,979695.06,560415.5,141135.94,592950.9,2.6765854,0.0,0.0,0.0,0.0,0.0,0.0,0.0,0.0,0.0,0.0,0.0,0.0,0.0,0.0,0.0,0.0,1.120831,0.5604155,0.0,0.0,0.0,60.0,60.0,60.0,0.0,0.0,17.0,0.0,0.0,180.0,3.0,0.0,0.0,3.0,0.0,180.0,0.0,0.0
11.0,0.0064737797,0.0032368898,0.0,0.0,1192.3334,7.0,154.46927,280.0,4235.983,1078.9633,0.0,1430.0741,6473.78,65535.0,1.0,2393.0,399.57144,66.0,813.8185,2797.0,399.57144,0.0,0.0,0.24298497,50200.0,0.0,2.0,65535.0,2.2101462e+06,6473.0,4235.983,588.52545,0.0,1167.7426,1853.6312,5.0,154.46927,200.0,4778.862,1520.2164,70.81032,1899.0619,6080.8657,2.0,5858.0,2302.2,66.0,2738.596,11511.0,2302.2,0.0,0.0064737797,0.0032368898,0.0,0.0,3.0,5858.0,1192.3334,66.0,2095.5103,4.3911635e+06,6.0,0.0,2.0,2797.0,7.0,11511.0,5.0,7.0,5.0,2797.0,11511.0,0.0
0.0,31.742668,15.871334,0.0,0.0,60.0,0.0,0.0,0.0,0.0,0.0,0.0,0.0,0.0,0.0,0.0,0.0,0.0,0.0,0.0,0.0,0.0,0.0,0.0,0.0,80.0,0.0,0.0,65535.0,7.560801,3.1742668e+07,1.9205524e+07,1.0580889e+07,1.2391391e+06,9.004634e+06,0.12601335,0.0,0.0,160.0,1.9205524e+07,1.0580889e+07,1.2391391e+06,9.004634e+06,3.1742668e+07,0.0,60.0,60.0,60.0,0.0,0.0,60.0,0.0,31.742668,15.871334,0.0,0.0,0.0,60.0,60.0,60.0,0.0,0.0,6.0,1.0,3.0,0.0,0.0,240.0,4.0,0.0,4.0,0.0,240.0,0.0
0.0,0.0006120205,0.00030601025,0.0,0.0,284.5,1.0,1633.9323,28.0,0.0,0.0,0.0,0.0,0.0,0.0,0.0,95.0,95.0,95.0,0.0,95.0,95.0,0.0,0.0,0.20042194,48916.0,0.0,0.0,0.0,929707.44,612.0,612.0205,612.0205,612.0205,0.0,3267.8645,1.0,1633.9323,28.0,0.0,0.0,0.0,0.0,0.0,0.0,474.0,474.0,474.0,0.0,474.0,474.0,0.0,0.0006120205,0.00030601025,0.0,0.0,0.0,474.0,284.5,95.0,189.5,35910.25,17.0,0.0,0.0,95.0,1.0,474.0,1.0,1.0,1.0,95.0,474.0,0.0
0.0,1e-06,5e-07,0.0,0.0,60.0,0.0,0.0,0.0,0.0,0.0,0.0,0.0,0.0,0.0,0.0,0.0,0.0,0.0,0.0,0.0,0.0,0.0,0.0,0.0,812.0,0.0,0.0,65535.0,6e+07,1.0,0.0,0.0,0.0,0.0,1e+06,0.0,0.0,40.0,0.0,0.0,0.0,0.0,0.0,0.0,60.0,60.0,60.0,0.0,0.0,60.0,0.0,1e-06,5e-07,0.0,0.0,0.0,60.0,60.0,60.0,0.0,0.0,6.0,0.0,1.0,0.0,0.0,60.0,1.0,0.0,1.0,0.0,60.0,0.0
0.0,1e-06,5e-07,0.0,0.0,60.0,0.0,0.0,28.0,0.0,0.0,0.0,0.0,0.0,0.0,0.0,60.0,60.0,60.0,0.0,0.0,60.0,0.0,0.0,0.0,2551.0,0.0,0.0,0.0,6e+07,1.0,0.0,0.0,0.0,0.0,1e+06,0.0,0.0,0.0,0.0,0.0,0.0,0.0,0.0,0.0,0.0,0.0,0.0,0.0,0.0,0.0,0.0,1e-06,5e-07,0.0,0.0,0.0,60.0,60.0,60.0,0.0,0.0,17.0,0.0,0.0,60.0,1.0,0.0,0.0,1.0,0.0,60.0,0.0,0.0
1.0,2.4080276e-05,1.2040138e-05,0.0,0.0,64.0,1.0,41527.76,40.0,0.0,0.0,0.0,0.0,0.0,65535.0,0.0,74.0,74.0,74.0,0.0,74.0,74.0,0.0,0.0,1.3703704,38536.0,0.0,0.0,65535.0,5.3155535e+06,24.0,24.080276,24.080276,24.080276,0.0,83055.52,1.0,41527.76,40.0,0.0,0.0,0.0,0.0,0.0,0.0,54.0,54.0,54.0,0.0,54.0,54.0,0.0,2.4080276e-05,1.2040138e-05,0.0,0.0,0.0,74.0,64.0,54.0,10.0,100.0,6.0,1.0,1.0,74.0,1.0,54.0,1.0,1.0,1.0,74.0,54.0,0.0
9.0,0.0038239956,0.0019119978,0.0,0.0,171.3,6.0,261.5066,240.0,1981.02,764.79913,195.98007,657.54486,3823.9956,65535.0,1.0,276.0,102.333336,66.0,77.72101,614.0,102.333336,0.0,0.0,0.5586897,34213.0,0.0,2.0,65535.0,447960.78,3823.0,1796.9608,424.8884,9.059906,516.76013,2615.0657,4.0,261.5066,160.0,957.9658,672.65826,311.13623,269.5102,2017.9749,1.0,893.0,274.75,66.0,356.96173,1099.0,274.75,0.0,0.0038239956,0.0019119978,0.0,0.0,2.0,893.0,171.3,66.0,248.45042,61727.61,6.0,0.0,2.0,614.0,6.0,1099.0,4.0,6.0,4.0,614.0,1099.0,0.0
0.0,1e-06,5e-07,0.0,0.0,60.0,1.0,1e+06,40.0,0.0,0.0,0.0,0.0,0.0,65535.0,0.0,60.0,60.0,60.0,0.0,60.0,60.0,0.0,0.0,0.0,20136.0,0.0,0.0,0.0,6e+07,1.0,0.0,0.0,0.0,0.0,1e+06,0.0,0.0,0.0,0.0,0.0,0.0,0.0,0.0,0.0,0.0,0.0,0.0,0.0,0.0,0.0,0.0,1e-06,5e-07,0.0,0.0,0.0,60.0,60.0,60.0,0.0,0.0,6.0,1.0,0.0,60.0,1.0,0.0,0.0,1.0,0.0,60.0,0.0,0.0
9.0,0.0055458546,0.0027729273,0.0,0.0,250.3,6.0,180.31487,240.0,4189.9683,1109.1709,0.9536743,1558.7286,5545.8545,65535.0,1.0,278.0,102.666664,66.0,78.46584,616.0,102.666664,0.0,0.0,0.3264441,36261.0,0.0,2.0,65535.0,451328.1,5545.0,3560.0662,616.20605,0.0,1054.2058,1803.1486,4.0,180.31487,160.0,3560.0662,1734.3362,694.9902,1295.11,5203.009,1.0,1681.0,471.75,66.0,698.16846,1887.0,471.75,0.0,0.0055458546,0.0027729273,0.0,0.0,2.0,1681.0,250.3,66.0,481.0023,231363.2,6.0,0.0,2.0,616.0,6.0,1887.0,4.0,6.0,4.0,616.0,1887.0,0.0
1.0,1e-06,5e-07,0.0,0.0,60.0,1.0,1e+06,40.0,0.0,0.0,0.0,0.0,0.0,65535.0,0.0,60.0,60.0,60.0,0.0,60.0,60.0,0.0,0.0,1.0,2495.0,0.0,0.0,65535.0,1.2e+08,1.0,0.0,0.0,0.0,0.0,2e+06,1.0,1e+06,40.0,0.0,0.0,0.0,0.0,0.0,0.0,60.0,60.0,60.0,0.0,60.0,60.0,0.0,1e-06,5e-07,0.0,0.0,0.0,60.0,60.0,60.0,0.0,0.0,6.0,1.0,1.0,60.0,1.0,60.0,1.0,1.0,1.0,60.0,60.0,0.0
9.0,4.987454,2.493727,0.0,0.0,245.3,2.0,0.40100622,160.0,4.985377e+06,1.6622806e+06,461.81677,2.349784e+06,4.986842e+06,65535.0,0.0,74.0,68.0,66.0,3.4641016,136.0,68.0,0.0,0.0,0.124713436,25.0,0.0,2.0,65535.0,491.8341,4.987453e+06,4.984903e+06,554161.56,0.0,1.5665038e+06,2.005031,3.0,0.40100622,240.0,4.985103e+06,997490.8,473.97614,1.9938061e+06,4.987454e+06,2.0,1836.0,363.5,66.0,658.53064,1090.5,363.5,0.0,4.987454,2.493727,0.0,0.0,2.0,1836.0,245.3,66.0,530.2445,281159.22,6.0,0.0,2.0,272.0,4.0,2181.0,6.0,4.0,6.0,272.0,2181.0,0.0
1.0,1e-06,5e-07,0.0,0.0,113.0,1.0,1e+06,40.0,0.0,0.0,0.0,0.0,0.0,65535.0,1.0,113.0,113.0,113.0,0.0,113.0,113.0,0.0,0.0,0.0,3128.0,0.0,0.0,0.0,1.13e+08,1.0,0.0,0.0,0.0,0.0,1e+06,0.0,0.0,0.0,0.0,0.0,0.0,0.0,0.0,0.0,0.0,0.0,0.0,0.0,0.0,0.0,0.0,1e-06,5e-07,0.0,0.0,1.0,113.0,113.0,113.0,0.0,0.0,6.0,0.0,0.0,113.0,1.0,0.0,0.0,1.0,0.0,113.0,0.0,0.0
4.0,39.525734,19.762867,0.0,0.0,58.0,0.0,0.0,0.0,0.0,0.0,0.0,0.0,0.0,0.0,0.0,0.0,0.0,0.0,0.0,0.0,0.0,0.0,0.0,0.0,1426.0,0.0,0.0,65535.0,5.8695936,3.9525732e+07,2.8426184e+07,1.3175245e+07,137.09068,1.4326264e+07,0.101199895,0.0,0.0,160.0,2.8426184e+07,1.3175245e+07,137.09068,1.4326264e+07,3.9525732e+07,0.0,58.0,58.0,58.0,0.0,0.0,58.0,0.0,39.525734,19.762867,0.0,0.0,0.0,58.0,58.0,58.0,0.0,0.0,6.0,0.0,4.0,0.0,0.0,232.0,4.0,0.0,4.0,0.0,232.0,0.0
0.0,1.1443629,0.57218146,0.0,0.0,60.0,0.0,0.0,56.0,1.1443629e+06,1.1443629e+06,1.1443629e+06,0.0,1.1443629e+06,0.0,0.0,60.0,60.0,60.0,0.0,0.0,60.0,0.0,0.0,0.0,5024.0,0.0,0.0,0.0,104.86184,1.144362e+06,1.1443629e+06,1.1443629e+06,1.1443629e+06,0.0,1.7476974,0.0,0.0,0.0,0.0,0.0,0.0,0.0,0.0,0.0,0.0,0.0,0.0,0.0,0.0,0.0,0.0,1.1443629,0.57218146,0.0,0.0,0.0,60.0,60.0,60.0,0.0,0.0,17.0,0.0,0.0,120.0,2.0,0.0,0.0,2.0,0.0,120.0,0.0,0.0
1.0,4.2915344e-05,2.1457672e-05,0.0,0.0,64.0,1.0,23301.69,40.0,0.0,0.0,0.0,0.0,0.0,65535.0,0.0,74.0,74.0,74.0,0.0,74.0,74.0,0.0,0.0,1.3703704,53796.0,0.0,0.0,65535.0,2.9826162e+06,42.0,42.915344,42.915344,42.915344,0.0,46603.38,1.0,23301.69,40.0,0.0,0.0,0.0,0.0,0.0,0.0,54.0,54.0,54.0,0.0,54.0,54.0,0.0,4.2915344e-05,2.1457672e-05,0.0,0.0,0.0,74.0,64.0,54.0,10.0,100.0,6.0,1.0,1.0,74.0,1.0,54.0,1.0,1.0,1.0,74.0,54.0,0.0
1.0,2.9087067e-05,1.4543533e-05,0.0,0.0,64.0,1.0,34379.54,40.0,0.0,0.0,0.0,0.0,0.0,65535.0,0.0,74.0,74.0,74.0,0.0,74.0,74.0,0.0,0.0,1.3703704,34946.0,0.0,0.0,65535.0,4.400581e+06,29.0,29.087067,29.087067,29.087067,0.0,68759.08,1.0,34379.54,40.0,0.0,0.0,0.0,0.0,0.0,0.0,54.0,54.0,54.0,0.0,54.0,54.0,0.0,2.9087067e-05,1.4543533e-05,0.0,0.0,0.0,74.0,64.0,54.0,10.0,100.0,6.0,1.0,1.0,74.0,1.0,54.0,1.0,1.0,1.0,74.0,54.0,0.0
9.0,0.012933016,0.006466508,0.0,0.0,251.3,6.0,77.32149,240.0,10116.101,2586.6033,82.969666,3822.0935,12933.016,65535.0,1.0,288.0,104.333336,66.0,82.19016,626.0,104.333336,0.0,0.0,0.3317435,43973.0,0.0,2.0,65535.0,194308.89,12933.0,5566.12,1437.0017,22.888184,1897.8596,773.21484,4.0,77.32149,160.0,5566.12,4018.704,1132.0115,2042.9679,12056.112,1.0,1681.0,471.75,66.0,698.16846,1887.0,471.75,0.0,0.012933016,0.006466508,0.0,0.0,2.0,1681.0,251.3,66.0,481.06924,231427.61,6.0,0.0,2.0,626.0,6.0,1887.0,4.0,6.0,4.0,626.0,1887.0,0.0
1.0,0.00022983551,0.000114917755,0.0,0.0,67.0,1.0,4350.938,40.0,0.0,0.0,0.0,0.0,0.0,65535.0,0.0,74.0,74.0,74.0,0.0,74.0,74.0,0.0,0.0,1.2333333,45802.0,0.0,0.0,65535.0,583025.7,229.0,229.83551,229.83551,229.83551,0.0,8701.876,1.0,4350.938,40.0,0.0,0.0,0.0,0.0,0.0,0.0,60.0,60.0,60.0,0.0,60.0,60.0,0.0,0.00022983551,0.000114917755,0.0,0.0,0.0,74.0,67.0,60.0,7.0,49.0,6.0,1.0,1.0,74.0,1.0,60.0,1.0,1.0,1.0,74.0,60.0,0.0
13.0,3184.2966,1592.1483,0.0,0.0,72.9,5.5,0.0006280822,440.0,3.184294e+09,3.1842963e+08,0.0,9.552881e+08,3.1842962e+09,65535.0,2.0,92.0,69.454544,60.0,11.7887745,382.0,69.454544,0.0,0.0,1.1008645,22.0,0.0,3.0,65535.0,0.45787194,3.1842964e+09,3.184294e+09,1.6759456e+08,0.0,7.110429e+08,0.006280822,4.5,0.0006280822,360.0,3.184294e+09,3.98037e+08,172.13821,1.0531061e+09,3.184296e+09,2.0,108.0,77.111115,66.0,16.81563,347.0,77.111115,0.0,3184.2966,1592.1483,0.0,0.0,4.0,108.0,72.9,60.0,14.7712555,218.19,6.0,5.0,4.0,764.0,11.0,694.0,9.0,11.0,9.0,764.0,694.0,0.0
7.0,0.027810097,0.013905048,0.0,0.0,68.125,3.0,35.958164,120.0,26737.928,13586.521,435.11392,13151.407,27173.043,65535.0,0.0,74.0,68.666664,66.0,3.7712362,206.0,68.666664,0.0,0.0,0.6076696,443.0,0.0,2.0,65535.0,19597.2,27810.0,25784.969,3972.8708,16.92772,8908.962,287.6653,5.0,35.958164,200.0,25784.969,6952.5244,47.922134,10881.128,27810.098,1.0,74.0,67.8,66.0,3.1241,339.0,67.8,0.0,0.027810097,0.013905048,0.0,0.0,1.0,74.0,68.125,66.0,3.4072533,11.609375,6.0,0.0,2.0,206.0,3.0,339.0,5.0,3.0,5.0,206.0,339.0,0.0
1.0,0.0006120205,0.00030601025,0.0,0.0,60.0,1.0,1633.9323,40.0,0.0,0.0,0.0,0.0,0.0,65535.0,0.0,60.0,60.0,60.0,0.0,60.0,60.0,0.0,0.0,1.0,1973.0,0.0,0.0,65535.0,196071.86,612.0,612.0205,612.0205,612.0205,0.0,3267.8645,1.0,1633.9323,40.0,0.0,0.0,0.0,0.0,0.0,0.0,60.0,60.0,60.0,0.0,60.0,60.0,0.0,0.0006120205,0.00030601025,0.0,0.0,0.0,60.0,60.0,60.0,0.0,0.0,6.0,1.0,1.0,60.0,1.0,60.0,1.0,1.0,1.0,60.0,60.0,0.0
0.0,0.0013639927,0.00068199635,0.0,0.0,141.0,1.0,733.1418,28.0,0.0,0.0,0.0,0.0,0.0,0.0,0.0,108.0,108.0,108.0,0.0,108.0,108.0,0.0,0.0,0.62068963,49014.0,0.0,0.0,0.0,206745.97,1363.0,1363.9927,1363.9927,1363.9927,0.0,1466.2836,1.0,733.1418,28.0,0.0,0.0,0.0,0.0,0.0,0.0,174.0,174.0,174.0,0.0,174.0,174.0,0.0,0.0013639927,0.00068199635,0.0,0.0,0.0,174.0,141.0,108.0,33.0,1089.0,17.0,0.0,0.0,108.0,1.0,174.0,1.0,1.0,1.0,108.0,174.0,0.0
43.0,1962.0161,981.00806,0.0,0.0,117.104164,5.8,0.0025483991,1160.0,8.3414234e+08,7.0072e+07,0.0,1.9962595e+08,1.962016e+09,65535.0,5.0,311.0,95.82758,66.0,71.837975,555.8,95.82758,0.0,0.0,0.9778325,52092.0,0.0,10.0,65535.0,2.8649104,1.962016e+09,8.3414234e+08,4.1745024e+07,0.0,1.5787098e+08,0.024464631,3.8,0.0025483991,760.0,8.3414266e+08,1.0900086e+08,138.04436,2.4030498e+08,1.9620156e+09,4.0,453.0,149.57895,66.0,156.72179,568.4,149.57895,0.0,1962.0161,981.00806,0.0,0.0,9.0,453.0,117.104164,66.0,116.32377,13531.219,6.0,0.0,10.0,2779.0,29.0,2842.0,19.0,29.0,19.0,2779.0,2842.0,0.0
7.0,4.9902973,2.4951487,0.0,0.0,72.25,1.5,0.40077776,120.0,4.984071e+06,2.4949825e+06,5893.946,2.4890885e+06,4.989965e+06,65535.0,0.0,74.0,68.666664,66.0,3.7712362,103.0,68.666664,0.0,0.0,0.55376345,110.0,0.0,2.0,65535.0,115.82477,4.990297e+06,4.983677e+06,712899.56,164.98566,1.7435385e+06,1.603111,2.5,0.40077776,200.0,4.98404e+06,1.2475742e+06,342.13068,2.1572505e+06,4.990297e+06,1.0,100.0,74.4,66.0,13.169662,186.0,74.4,0.0,4.9902973,2.4951487,0.0,0.0,1.0,100.0,72.25,66.0,11.019869,121.4375,6.0,0.0,2.0,206.0,3.0,372.0,5.0,3.0,5.0,206.0,372.0,0.0
7.0,1.0095251,0.50476253,0.0,0.0,72.125,1.5,1.9811296,120.0,1.00317e+06,504484.53,5799.055,498685.47,1.00896906e+06,65535.0,1.0,99.0,79.666664,66.0,14.055446,119.5,79.666664,0.0,0.0,0.7071006,22.0,0.0,2.0,65535.0,571.5559,1.009525e+06,1.0015211e+06,144217.86,25.987625,349997.75,7.9245186,2.5,1.9811296,200.0,1.0015211e+06,252381.27,571.9662,432520.53,1.00952506e+06,0.0,74.0,67.6,66.0,3.2,169.0,67.6,0.0,1.0095251,0.50476253,0.0,0.0,1.0,99.0,72.125,66.0,10.705577,114.609375,6.0,0.0,2.0,239.0,3.0,338.0,5.0,3.0,5.0,239.0,338.0,0.0
1.0,0.0009241104,0.0004620552,0.0,0.0,67.0,0.0,0.0,40.0,0.0,0.0,0.0,0.0,0.0,65535.0,0.0,74.0,74.0,74.0,0.0,0.0,74.0,0.0,0.0,1.2333333,43495.0,0.0,0.0,65535.0,145004.31,924.0,924.1104,924.1104,924.1104,0.0,2164.2437,0.0,0.0,40.0,0.0,0.0,0.0,0.0,0.0,0.0,60.0,60.0,60.0,0.0,0.0,60.0,0.0,0.0009241104,0.0004620552,0.0,0.0,0.0,74.0,67.0,60.0,9.899495,98.0,6.0,1.0,1.0,74.0,1.0,60.0,1.0,1.0,1.0,74.0,60.0,0.0
1.0,1e-06,5e-07,0.0,0.0,54.0,0.0,0.0,0.0,0.0,0.0,0.0,0.0,0.0,0.0,0.0,0.0,0.0,0.0,0.0,0.0,0.0,0.0,0.0,0.0,46852.0,0.0,0.0,65535.0,5.4e+07,1.0,0.0,0.0,0.0,0.0,1e+06,0.0,0.0,40.0,0.0,0.0,0.0,0.0,0.0,0.0,54.0,54.0,54.0,0.0,0.0,54.0,0.0,1e-06,5e-07,0.0,0.0,0.0,54.0,54.0,54.0,0.0,0.0,6.0,1.0,0.0,0.0,0.0,54.0,1.0,0.0,1.0,0.0,54.0,0.0
0.0,1e-06,5e-07,0.0,0.0,816.0,0.0,0.0,0.0,0.0,0.0,0.0,0.0,0.0,0.0,0.0,0.0,0.0,0.0,0.0,0.0,0.0,0.0,0.0,0.0,30443.0,0.0,0.0,0.0,8.16e+08,1.0,0.0,0.0,0.0,0.0,1e+06,1.0,1e+06,28.0,0.0,0.0,0.0,0.0,0.0,0.0,816.0,816.0,816.0,0.0,816.0,816.0,0.0,1e-06,5e-07,0.0,0.0,0.0,816.0,816.0,816.0,0.0,0.0,17.0,0.0,0.0,0.0,0.0,816.0,1.0,0.0,1.0,0.0,816.0,0.0
0.0,0.00038599968,0.00019299984,0.0,0.0,110.0,0.0,0.0,28.0,0.0,0.0,0.0,0.0,0.0,0.0,0.0,94.0,94.0,94.0,0.0,0.0,94.0,0.0,0.0,0.74603176,54149.0,0.0,0.0,0.0,569948.7,385.0,385.9997,385.9997,385.9997,0.0,5181.3516,0.0,0.0,28.0,0.0,0.0,0.0,0.0,0.0,0.0,126.0,126.0,126.0,0.0,0.0,126.0,0.0,0.00038599968,0.00019299984,0.0,0.0,0.0,126.0,110.0,94.0,22.627417,512.0,17.0,0.0,0.0,94.0,1.0,126.0,1.0,1.0,1.0,94.0,126.0,0.0
0.0,1e-06,5e-07,0.0,0.0,93.0,0.0,0.0,28.0,0.0,0.0,0.0,0.0,0.0,0.0,0.0,93.0,93.0,93.0,0.0,0.0,93.0,0.0,0.0,0.0,59088.0,0.0,0.0,0.0,9.3e+07,1.0,0.0,0.0,0.0,0.0,1e+06,0.0,0.0,0.0,0.0,0.0,0.0,0.0,0.0,0.0,0.0,0.0,0.0,0.0,0.0,0.0,0.0,1e-06,5e-07,0.0,0.0,0.0,93.0,93.0,93.0,0.0,0.0,17.0,0.0,0.0,93.0,1.0,0.0,0.0,1.0,0.0,93.0,0.0,0.0
0.0,1e-06,5e-07,0.0,0.0,60.0,0.0,0.0,0.0,0.0,0.0,0.0,0.0,0.0,0.0,0.0,0.0,0.0,0.0,0.0,0.0,0.0,0.0,0.0,0.0,80.0,0.0,0.0,65535.0,6e+07,1.0,0.0,0.0,0.0,0.0,1e+06,0.0,0.0,40.0,0.0,0.0,0.0,0.0,0.0,0.0,60.0,60.0,60.0,0.0,0.0,60.0,0.0,1e-06,5e-07,0.0,0.0,0.0,60.0,60.0,60.0,0.0,0.0,6.0,0.0,1.0,0.0,0.0,60.0,1.0,0.0,1.0,0.0,60.0,0.0
0.0,2.0769901,1.0384951,0.0,0.0,60.0,0.0,0.0,112.0,1.2908132e+06,692330.06,183748.0,558981.2,2.0769901e+06,0.0,0.0,60.0,60.0,60.0,0.0,0.0,60.0,0.0,0.0,0.0,5147.0,0.0,0.0,0.0,115.55183,2.07699e+06,1.2908132e+06,692330.06,183748.0,558981.2,1.9258637,0.0,0.0,0.0,0.0,0.0,0.0,0.0,0.0,0.0,0.0,0.0,0.0,0.0,0.0,0.0,0.0,2.0769901,1.0384951,0.0,0.0,0.0,60.0,60.0,60.0,0.0,0.0,17.0,0.0,0.0,240.0,4.0,0.0,0.0,4.0,0.0,240.0,0.0,0.0
1.0,3.6001205e-05,1.8000603e-05,0.0,0.0,64.0,1.0,27776.848,40.0,0.0,0.0,0.0,0.0,0.0,65535.0,0.0,74.0,74.0,74.0,0.0,74.0,74.0,0.0,0.0,1.3703704,45996.0,0.0,0.0,65535.0,3.5554365e+06,36.0,36.001205,36.001205,36.001205,0.0,55553.695,1.0,27776.848,40.0,0.0,0.0,0.0,0.0,0.0,0.0,54.0,54.0,54.0,0.0,54.0,54.0,0.0,3.6001205e-05,1.8000603e-05,0.0,0.0,0.0,74.0,64.0,54.0,10.0,100.0,6.0,1.0,1.0,74.0,1.0,54.0,1.0,1.0,1.0,74.0,54.0,0.0
13.0,0.019798994,0.009899497,0.0,0.0,1136.0714,8.0,50.507618,320.0,17916.918,2828.4277,0.0,6163.1797,19798.994,65535.0,1.0,3858.0,541.0,66.0,1253.7109,4328.0,541.0,0.0,0.0,0.37384468,49603.0,0.0,2.0,65535.0,803323.6,19798.0,17916.918,1522.9995,0.0,4734.3203,707.1066,6.0,50.507618,240.0,18277.168,3873.0144,32.901764,7205.432,19365.072,4.0,2962.0,1929.5,66.0,1322.8721,11577.0,1929.5,0.0,0.019798994,0.009899497,0.0,0.0,5.0,3858.0,1136.0714,66.0,1456.128,2.120309e+06,6.0,0.0,2.0,4328.0,8.0,11577.0,6.0,8.0,6.0,4328.0,11577.0,0.0
0.0,1e-06,5e-07,0.0,0.0,60.0,0.0,0.0,0.0,0.0,0.0,0.0,0.0,0.0,0.0,0.0,0.0,0.0,0.0,0.0,0.0,0.0,0.0,0.0,0.0,10010.0,0.0,0.0,65535.0,6e+07,1.0,0.0,0.0,0.0,0.0,1e+06,0.0,0.0,40.0,0.0,0.0,0.0,0.0,0.0,0.0,60.0,60.0,60.0,0.0,0.0,60.0,0.0,1e-06,5e-07,0.0,0.0,0.0,60.0,60.0,60.0,0.0,0.0,6.0,0.0,1.0,0.0,0.0,60.0,1.0,0.0,1.0,0.0,60.0,0.0
0.0,0.114012,0.057006,0.0,0.0,117.0,1.0,8.771007,28.0,0.0,0.0,0.0,0.0,0.0,0.0,0.0,101.0,101.0,101.0,0.0,101.0,101.0,0.0,0.0,0.7593985,54873.0,0.0,0.0,0.0,2052.4155,114012.0,114012.0,114012.0,114012.0,0.0,17.542013,1.0,8.771007,28.0,0.0,0.0,0.0,0.0,0.0,0.0,133.0,133.0,133.0,0.0,133.0,133.0,0.0,0.114012,0.057006,0.0,0.0,0.0,133.0,117.0,101.0,16.0,256.0,17.0,0.0,0.0,101.0,1.0,133.0,1.0,1.0,1.0,101.0,133.0,0.0
9.0,0.0023591518,0.0011795759,0.0,0.0,132.2,6.0,423.88116,240.0,1085.043,471.83038,0.0,428.8864,2359.1519,65535.0,1.0,275.0,102.166664,66.0,77.348595,613.0,102.166664,0.0,0.0,0.86459804,10103.0,0.0,2.0,65535.0,560370.9,2359.0,781.05927,262.128,0.0,300.02045,4238.8115,4.0,423.88116,160.0,881.91034,648.26013,283.95654,261.01074,1944.7804,1.0,503.0,177.25,66.0,188.1002,709.0,177.25,0.0,0.0023591518,0.0011795759,0.0,0.0,2.0,503.0,132.2,66.0,138.18596,19095.36,6.0,0.0,2.0,613.0,6.0,709.0,4.0,6.0,4.0,613.0,709.0,0.0
0.0,1e-06,5e-07,0.0,0.0,60.0,0.0,0.0,28.0,0.0,0.0,0.0,0.0,0.0,0.0,0.0,60.0,60.0,60.0,0.0,0.0,60.0,0.0,0.0,0.0,42257.0,0.0,0.0,0.0,6e+07,1.0,0.0,0.0,0.0,0.0,1e+06,0.0,0.0,0.0,0.0,0.0,0.0,0.0,0.0,0.0,0.0,0.0,0.0,0.0,0.0,0.0,0.0,1e-06,5e-07,0.0,0.0,0.0,60.0,60.0,60.0,0.0,0.0,17.0,0.0,0.0,60.0,1.0,0.0,0.0,1.0,0.0,60.0,0.0,0.0
1.0,1e-06,5e-07,0.0,0.0,60.0,1.0,1e+06,40.0,0.0,0.0,0.0,0.0,0.0,65535.0,0.0,60.0,60.0,60.0,0.0,60.0,60.0,0.0,0.0,1.0,2721.0,0.0,0.0,65535.0,1.2e+08,1.0,0.0,0.0,0.0,0.0,2e+06,1.0,1e+06,40.0,0.0,0.0,0.0,0.0,0.0,0.0,60.0,60.0,60.0,0.0,60.0,60.0,0.0,1e-06,5e-07,0.0,0.0,0.0,60.0,60.0,60.0,0.0,0.0,6.0,1.0,1.0,60.0,1.0,60.0,1.0,1.0,1.0,60.0,60.0,0.0
55.0,7834.044,3917.022,0.0,0.0,199.30508,5.0,0.00089353597,1400.0,4.9330826e+09,2.3041306e+08,202.17896,9.5264845e+08,7.834044e+09,65535.0,11.0,834.0,138.14285,66.0,183.49513,690.7143,138.14285,0.0,0.0,0.6982958,59238.0,0.0,5.0,65535.0,1.5010128,7.834044e+09,4.9330826e+09,1.3506973e+08,0.0,7.381623e+08,0.0075312317,3.4285715,0.00089353597,960.0,4.933083e+09,3.406106e+08,0.0,1.141948e+09,7.8340434e+09,13.0,1170.0,288.5,60.0,396.0384,989.1429,288.5,0.0,7834.044,3917.022,0.0,0.0,24.0,1170.0,199.30508,60.0,298.7161,89231.3,6.0,1.0,6.0,4835.0,35.0,6924.0,24.0,35.0,24.0,4835.0,6924.0,0.0
0.0,1e-06,5e-07,0.0,0.0,102.0,1.0,1e+06,28.0,0.0,0.0,0.0,0.0,0.0,0.0,0.0,102.0,102.0,102.0,0.0,102.0,102.0,0.0,0.0,0.0,53.0,0.0,0.0,0.0,1.02e+08,1.0,0.0,0.0,0.0,0.0,1e+06,0.0,0.0,0.0,0.0,0.0,0.0,0.0,0.0,0.0,0.0,0.0,0.0,0.0,0.0,0.0,0.0,1e-06,5e-07,0.0,0.0,0.0,102.0,102.0,102.0,0.0,0.0,17.0,0.0,0.0,102.0,1.0,0.0,0.0,1.0,0.0,102.0,0.0,0.0
11.0,0.0017430782,0.0008715391,0.0,0.0,1006.1667,7.0,573.6977,280.0,696.8975,290.51303,0.0,228.61009,1743.0782,65535.0,1.0,159.0,80.42857,66.0,32.195194,563.0,80.42857,0.0,0.0,0.04890974,12365.0,0.0,2.0,65535.0,6.926826e+06,1743.0,365.9725,158.46165,0.0,109.963646,6884.3726,5.0,573.6977,200.0,658.0353,362.21744,136.85226,193.8476,1448.8698,2.0,7306.0,2302.2,66.0,2928.59,11511.0,2302.2,0.0,0.0017430782,0.0008715391,0.0,0.0,3.0,7306.0,1006.1667,66.0,2184.9468,4.773992e+06,6.0,0.0,2.0,563.0,7.0,11511.0,5.0,7.0,5.0,563.0,11511.0,0.0
0.0,1e-06,5e-07,0.0,0.0,60.0,0.0,0.0,28.0,0.0,0.0,0.0,0.0,0.0,0.0,0.0,60.0,60.0,60.0,0.0,0.0,60.0,0.0,0.0,0.0,31474.0,0.0,0.0,0.0,6e+07,1.0,0.0,0.0,0.0,0.0,1e+06,0.0,0.0,0.0,0.0,0.0,0.0,0.0,0.0,0.0,0.0,0.0,0.0,0.0,0.0,0.0,0.0,1e-06,5e-07,0.0,0.0,0.0,60.0,60.0,60.0,0.0,0.0,17.0,0.0,0.0,60.0,1.0,0.0,0.0,1.0,0.0,60.0,0.0,0.0
0.0,0.0016839504,0.0008419752,0.0,0.0,108.5,1.0,593.84174,28.0,0.0,0.0,0.0,0.0,0.0,0.0,0.0,112.0,112.0,112.0,0.0,112.0,112.0,0.0,0.0,1.0666667,57139.0,0.0,0.0,0.0,128863.65,1683.0,1683.9504,1683.9504,1683.9504,0.0,1187.6835,1.0,593.84174,28.0,0.0,0.0,0.0,0.0,0.0,0.0,105.0,105.0,105.0,0.0,105.0,105.0,0.0,0.0016839504,0.0008419752,0.0,0.0,0.0,112.0,108.5,105.0,3.5,12.25,17.0,0.0,0.0,112.0,1.0,105.0,1.0,1.0,1.0,112.0,105.0,0.0
31.0,792.4198,396.2099,0.0,0.0,752.9706,0.0,0.0,800.0,4.6177315e+08,4.1706304e+07,0.0,1.26820936e+08,7.9241984e+08,65535.0,3.0,326.0,93.5,66.0,70.37307,0.0,93.5,0.0,0.0,0.07879988,53991.0,0.0,6.0,65535.0,32.30737,7.9241984e+08,4.6177315e+08,2.4012722e+07,0.0,9.739171e+07,0.04290655,0.0,0.0,560.0,4.6177354e+08,6.0955304e+07,48.160553,1.5117635e+08,7.9241894e+08,5.0,7306.0,1695.0714,66.0,2756.9368,0.0,1695.0714,0.0,792.4198,396.2099,0.0,0.0,8.0,7306.0,752.9706,66.0,1907.1396,3.6371815e+06,6.0,0.0,6.0,1870.0,20.0,23731.0,14.0,20.0,14.0,1870.0,23731.0,0.0
9.0,5.001698,2.500849,0.0,0.0,374.5,1.3333334,0.5997963,160.0,3.991998e+06,1.667151e+06,1236.2003,1.694538e+06,5.001453e+06,65535.0,0.0,74.0,68.0,66.0,3.4641016,90.666664,68.0,0.0,0.0,0.078318454,9092.0,0.0,2.0,65535.0,748.7457,5.001698e+06,3.991391e+06,555744.25,15.974045,1.254641e+06,1.999321,2.0,0.5997963,240.0,3.991851e+06,1.0003396e+06,263.92938,1.5458016e+06,5.001698e+06,2.0,2915.0,578.8333,66.0,1047.7975,1157.6666,578.8333,0.0,5.001698,2.500849,0.0,0.0,2.0,2915.0,374.5,66.0,849.3295,721360.6,6.0,0.0,2.0,272.0,4.0,3473.0,6.0,4.0,6.0,272.0,3473.0,0.0
0.0,1e-06,5e-07,0.0,0.0,100.0,1.0,1e+06,28.0,0.0,0.0,0.0,0.0,0.0,0.0,0.0,100.0,100.0,100.0,0.0,100.0,100.0,0.0,0.0,0.0,52327.0,0.0,0.0,0.0,1e+08,1.0,0.0,0.0,0.0,0.0,1e+06,0.0,0.0,0.0,0.0,0.0,0.0,0.0,0.0,0.0,0.0,0.0,0.0,0.0,0.0,0.0,0.0,1e-06,5e-07,0.0,0.0,0.0,100.0,100.0,100.0,0.0,0.0,17.0,0.0,0.0,100.0,1.0,0.0,0.0,1.0,0.0,100.0,0.0,0.0
1.0,1e-06,5e-07,0.0,0.0,67.0,1.0,1e+06,40.0,0.0,0.0,0.0,0.0,0.0,65535.0,0.0,74.0,74.0,74.0,0.0,74.0,74.0,0.0,0.0,1.2333333,57072.0,0.0,0.0,65535.0,1.34e+08,1.0,0.0,0.0,0.0,0.0,2e+06,1.0,1e+06,40.0,0.0,0.0,0.0,0.0,0.0,0.0,60.0,60.0,60.0,0.0,60.0,60.0,0.0,1e-06,5e-07,0.0,0.0,0.0,74.0,67.0,60.0,7.0,49.0,6.0,1.0,1.0,74.0,1.0,60.0,1.0,1.0,1.0,74.0,60.0,0.0
18.0,303.1045,151.55225,0.0,0.0,205.8,6.0,0.0065983846,480.0,3.0309386e+08,2.7554954e+07,264.88306,8.713306e+07,3.031045e+08,65535.0,2.0,284.0,103.5,66.0,80.32901,621.0,103.5,0.0,0.0,0.4321503,43497.0,0.0,4.0,65535.0,13.579475,3.031045e+08,3.0309386e+08,1.5952868e+07,6.914139,6.7679784e+07,0.06598385,4.0,0.0065983846,320.0,3.0309453e+08,4.330059e+07,695.94385,1.0606044e+08,3.0310413e+08,2.0,1231.0,359.25,66.0,503.3157,1437.0,359.25,0.0,303.1045,151.55225,0.0,0.0,4.0,1231.0,205.8,66.0,347.70715,120900.26,6.0,0.0,4.0,1242.0,12.0,2874.0,8.0,12.0,8.0,1242.0,2874.0,0.0
11.0,0.0026259422,0.0013129711,0.0,0.0,1008.4167,7.0,380.8157,280.0,1257.8965,437.65704,0.0,462.5488,2625.9421,65535.0,1.0,186.0,84.28571,66.0,41.61632,590.0,84.28571,0.0,0.0,0.05125532,10084.0,0.0,2.0,65535.0,4.6082505e+06,2625.0,782.01294,238.72202,0.0,277.29706,4569.788,5.0,380.8157,200.0,815.8684,557.24384,142.09747,265.98727,2228.9753,2.0,7306.0,2302.2,66.0,2928.59,11511.0,2302.2,0.0,0.0026259422,0.0013129711,0.0,0.0,3.0,7306.0,1008.4167,66.0,2184.087,4.7702355e+06,6.0,0.0,2.0,590.0,7.0,11511.0,5.0,7.0,5.0,590.0,11511.0,0.0
4.0,0.0010521412,0.0005260706,0.0,0.0,192.25,0.0,0.0,0.0,0.0,0.0,0.0,0.0,0.0,0.0,0.0,0.0,0.0,0.0,0.0,0.0,0.0,0.0,0.0,0.0,56670.0,0.0,1.0,65535.0,730890.5,1052.0,760.0784,350.71375,137.09068,354.63297,3801.7712,0.0,0.0,160.0,760.0784,350.71375,137.09068,354.63297,1052.1412,1.0,563.0,192.25,66.0,247.19543,0.0,192.25,0.0,0.0010521412,0.0005260706,0.0,0.0,1.0,563.0,192.25,66.0,247.19543,61105.582,6.0,0.0,1.0,0.0,0.0,769.0,4.0,0.0,4.0,0.0,769.0,0.0
3.0,37.02978,18.51489,0.0,0.0,58.0,0.0,0.0,0.0,0.0,0.0,0.0,0.0,0.0,0.0,0.0,0.0,0.0,0.0,0.0,0.0,0.0,0.0,0.0,0.0,65369.0,0.0,0.0,65535.0,4.6989202,3.7029784e+07,2.6953572e+07,1.8514892e+07,1.007621e+07,1.1934097e+07,0.08101587,0.0,0.0,120.0,2.6953572e+07,1.8514892e+07,1.007621e+07,1.1934097e+07,3.7029784e+07,0.0,58.0,58.0,58.0,0.0,0.0,58.0,0.0,37.02978,18.51489,0.0,0.0,0.0,58.0,58.0,58.0,0.0,0.0,6.0,0.0,3.0,0.0,0.0,174.0,3.0,0.0,3.0,0.0,174.0,0.0
20.0,0.064894915,0.032447457,0.0,0.0,233.19048,11.0,15.409528,440.0,43612.004,6489.4917,260.82993,12596.103,64894.914,65535.0,6.0,1634.0,227.54546,66.0,445.2585,2503.0,227.54546,0.0,0.0,1.0455304,60080.0,0.0,2.0,65535.0,75460.46,64894.0,43308.973,3244.7458,10.01358,9348.729,323.6001,10.0,15.409528,400.0,44886.83,7159.021,219.10667,13525.683,64431.19,5.0,1146.0,239.4,66.0,336.19287,2394.0,239.4,0.0,0.064894915,0.032447457,0.0,0.0,11.0,1634.0,233.19048,66.0,397.12054,157704.72,6.0,0.0,2.0,2503.0,11.0,2394.0,10.0,11.0,10.0,2503.0,2394.0,0.0
18.0,1387.1606,693.5803,0.0,0.0,285.7,6.0,0.0014417941,480.0,1.3871517e+09,1.2610551e+08,0.0,3.9877786e+08,1.3871607e+09,65535.0,2.0,336.0,110.666664,66.0,96.43075,664.0,110.666664,0.0,0.0,0.30278158,51444.0,0.0,4.0,65535.0,4.1192055,1.3871607e+09,1.3871517e+09,7.3008456e+07,0.0,3.0974656e+08,0.014417941,4.0,0.0014417941,320.0,1.3871523e+09,1.981658e+08,628.94824,4.8540166e+08,1.3871604e+09,2.0,2558.0,548.25,66.0,878.3629,2193.0,548.25,0.0,1387.1606,693.5803,0.0,0.0,4.0,2558.0,285.7,66.0,600.1191,360142.9,6.0,0.0,4.0,1328.0,12.0,4386.0,8.0,12.0,8.0,1328.0,4386.0,0.0
7.0,4.976879,2.4884396,0.0,0.0,72.25,1.5,0.40185827,120.0,4.961917e+06,2.487681e+06,13444.9,2.4742362e+06,4.975362e+06,65535.0,0.0,74.0,68.666664,66.0,3.7712362,103.0,68.666664,0.0,0.0,0.55376345,110.0,0.0,2.0,65535.0,116.13704,4.976879e+06,4.961305e+06,710982.75,10.967255,1.7351918e+06,1.6074331,2.5,0.40185827,200.0,4.962225e+06,1.2442198e+06,622.98773,2.1465962e+06,4.976879e+06,1.0,100.0,74.4,66.0,13.169662,186.0,74.4,0.0,4.976879,2.4884396,0.0,0.0,1.0,100.0,72.25,66.0,11.019869,121.4375,6.0,0.0,2.0,206.0,3.0,372.0,5.0,3.0,5.0,206.0,372.0,0.0
3.0,32.461086,16.230543,0.0,0.0,58.0,0.0,0.0,0.0,0.0,0.0,0.0,0.0,0.0,0.0,0.0,0.0,0.0,0.0,0.0,0.0,0.0,0.0,0.0,0.0,19706.0,0.0,0.0,65535.0,5.3602643,3.2461086e+07,3.126835e+07,1.6230543e+07,1.1927369e+06,2.126667e+07,0.09241835,0.0,0.0,120.0,3.126835e+07,1.6230543e+07,1.1927369e+06,2.126667e+07,3.2461086e+07,0.0,58.0,58.0,58.0,0.0,0.0,58.0,0.0,32.461086,16.230543,0.0,0.0,0.0,58.0,58.0,58.0,0.0,0.0,6.0,0.0,3.0,0.0,0.0,174.0,3.0,0.0,3.0,0.0,174.0,0.0
18.0,236.95898,118.47949,0.0,0.0,427.4,1.3333334,0.025320837,320.0,2.2695546e+08,3.3851004e+07,406.98053,7.885024e+07,2.3695704e+08,65535.0,0.0,74.0,68.0,66.0,3.4641016,90.666664,68.0,0.0,0.0,0.067966014,9092.0,0.0,4.0,65535.0,36.073753,2.3695899e+08,2.2695456e+08,1.2471526e+07,15.0203705,5.0568916e+07,0.08440279,2.0,0.025320837,480.0,2.2695456e+08,2.1541726e+07,87.976456,6.4974004e+07,2.3695899e+08,4.0,3514.0,667.0,66.0,1243.5533,1334.0,667.0,0.0,236.95898,118.47949,0.0,0.0,4.0,3514.0,427.4,66.0,1006.9618,1.01397206e+06,6.0,0.0,4.0,544.0,8.0,8004.0,12.0,8.0,12.0,544.0,8004.0,0.0
0.0,1e-06,5e-07,0.0,0.0,60.0,0.0,0.0,28.0,0.0,0.0,0.0,0.0,0.0,0.0,0.0,60.0,60.0,60.0,0.0,0.0,60.0,0.0,0.0,0.0,18773.0,0.0,0.0,0.0,6e+07,1.0,0.0,0.0,0.0,0.0,1e+06,0.0,0.0,0.0,0.0,0.0,0.0,0.0,0.0,0.0,0.0,0.0,0.0,0.0,0.0,0.0,0.0,1e-06,5e-07,0.0,0.0,0.0,60.0,60.0,60.0,0.0,0.0,17.0,0.0,0.0,60.0,1.0,0.0,0.0,1.0,0.0,60.0,0.0,0.0
0.0,54.97462,27.48731,0.0,0.0,60.0,0.0,0.0,0.0,0.0,0.0,0.0,0.0,0.0,0.0,0.0,0.0,0.0,0.0,0.0,0.0,0.0,0.0,0.0,0.0,80.0,0.0,0.0,65535.0,5.4570637,5.497462e+07,3.6181132e+07,1.3743655e+07,0.0,1.5634082e+07,0.090951055,0.0,0.0,200.0,3.6181132e+07,1.3743655e+07,0.0,1.5634082e+07,5.497462e+07,0.0,60.0,60.0,60.0,0.0,0.0,60.0,0.0,54.97462,27.48731,0.0,0.0,0.0,60.0,60.0,60.0,0.0,0.0,6.0,0.0,5.0,0.0,0.0,300.0,5.0,0.0,5.0,0.0,300.0,0.0
1.0,1e-06,5e-07,0.0,0.0,67.0,1.0,1e+06,40.0,0.0,0.0,0.0,0.0,0.0,65535.0,0.0,74.0,74.0,74.0,0.0,74.0,74.0,0.0,0.0,1.2333333,51845.0,0.0,0.0,65535.0,1.34e+08,1.0,0.9536743,0.9536743,0.9536743,0.0,2e+06,1.0,1e+06,40.0,0.0,0.0,0.0,0.0,0.0,0.0,60.0,60.0,60.0,0.0,60.0,60.0,0.0,1e-06,5e-07,0.0,0.0,0.0,74.0,67.0,60.0,7.0,49.0,6.0,1.0,1.0,74.0,1.0,60.0,1.0,1.0,1.0,74.0,60.0,0.0
0.0,1e-06,5e-07,0.0,0.0,60.0,0.0,0.0,28.0,0.0,0.0,0.0,0.0,0.0,0.0,0.0,60.0,60.0,60.0,0.0,0.0,60.0,0.0,0.0,0.0,63084.0,0.0,0.0,0.0,6e+07,1.0,0.0,0.0,0.0,0.0,1e+06,0.0,0.0,0.0,0.0,0.0,0.0,0.0,0.0,0.0,0.0,0.0,0.0,0.0,0.0,0.0,0.0,1e-06,5e-07,0.0,0.0,0.0,60.0,60.0,60.0,0.0,0.0,17.0,0.0,0.0,60.0,1.0,0.0,0.0,1.0,0.0,60.0,0.0,0.0
9.0,0.010113001,0.0050565004,0.0,0.0,168.9,6.0,98.882614,240.0,5084.991,2022.6002,51.021576,1820.5425,10113.001,65535.0,1.0,252.0,98.333336,66.0,68.78388,590.0,98.333336,0.0,0.0,0.5368517,43379.0,0.0,2.0,65535.0,167012.73,10113.0,3659.01,1123.6667,23.126602,1265.6924,988.8262,4.0,98.882614,160.0,4028.0818,3017.664,1402.855,1153.8113,9052.992,1.0,893.0,274.75,66.0,356.96173,1099.0,274.75,0.0,0.010113001,0.0050565004,0.0,0.0,2.0,893.0,168.9,66.0,247.54169,61276.89,6.0,0.0,2.0,590.0,6.0,1099.0,4.0,6.0,4.0,590.0,1099.0,0.0
0.0,0.596812,0.298406,0.0,0.0,342.0,0.0,0.0,112.0,287187.1,198937.34,110939.98,88123.83,596812.0,0.0,0.0,342.0,342.0,342.0,0.0,0.0,342.0,0.0,0.0,0.0,64204.0,0.0,0.0,0.0,2292.179,596812.0,287187.1,198937.34,110939.98,88123.83,6.702278,0.0,0.0,0.0,0.0,0.0,0.0,0.0,0.0,0.0,0.0,0.0,0.0,0.0,0.0,0.0,0.0,0.596812,0.298406,0.0,0.0,0.0,342.0,342.0,342.0,0.0,0.0,17.0,0.0,0.0,1368.0,4.0,0.0,0.0,4.0,0.0,1368.0,0.0,0.0
1.0,0.000672102,0.000336051,0.0,0.0,60.0,0.0,0.0,40.0,0.0,0.0,0.0,0.0,0.0,65535.0,0.0,60.0,60.0,60.0,0.0,0.0,60.0,0.0,0.0,1.0,10616.0,0.0,0.0,65535.0,178544.33,672.0,672.102,672.102,672.102,0.0,2975.739,0.0,0.0,40.0,0.0,0.0,0.0,0.0,0.0,0.0,60.0,60.0,60.0,0.0,0.0,60.0,0.0,0.000672102,0.000336051,0.0,0.0,0.0,60.0,60.0,60.0,0.0,0.0,6.0,1.0,1.0,60.0,1.0,60.0,1.0,1.0,1.0,60.0,60.0,0.0
0.0,1e-06,5e-07,0.0,0.0,60.0,0.0,0.0,28.0,0.0,0.0,0.0,0.0,0.0,0.0,0.0,60.0,60.0,60.0,0.0,0.0,60.0,0.0,0.0,0.0,38738.0,0.0,0.0,0.0,6e+07,1.0,0.0,0.0,0.0,0.0,1e+06,0.0,0.0,0.0,0.0,0.0,0.0,0.0,0.0,0.0,0.0,0.0,0.0,0.0,0.0,0.0,0.0,1e-06,5e-07,0.0,0.0,0.0,60.0,60.0,60.0,0.0,0.0,17.0,0.0,0.0,60.0,1.0,0.0,0.0,1.0,0.0,60.0,0.0,0.0
0.0,1e-06,5e-07,0.0,0.0,60.0,1.0,1e+06,28.0,0.0,0.0,0.0,0.0,0.0,0.0,0.0,60.0,60.0,60.0,0.0,60.0,60.0,0.0,0.0,0.0,41646.0,0.0,0.0,0.0,6e+07,1.0,0.0,0.0,0.0,0.0,1e+06,0.0,0.0,0.0,0.0,0.0,0.0,0.0,0.0,0.0,0.0,0.0,0.0,0.0,0.0,0.0,0.0,1e-06,5e-07,0.0,0.0,0.0,60.0,60.0,60.0,0.0,0.0,17.0,0.0,0.0,60.0,1.0,0.0,0.0,1.0,0.0,60.0,0.0,0.0
31.0,426.06647,213.03323,0.0,0.0,879.75757,8.5,0.0046941033,680.0,4.2603424e+08,2.6629154e+07,0.0,1.0312595e+08,4.2606646e+08,65535.0,4.0,2170.0,327.29413,66.0,652.50323,2782.0,327.29413,0.0,0.0,0.2370888,52978.0,0.0,4.0,65535.0,68.1396,4.2606646e+08,4.2603424e+08,1.3314577e+07,0.0,7.412664e+07,0.077452704,8.0,0.0046941033,640.0,4.2603478e+08,2.8404396e+07,30.994415,1.0627118e+08,4.2606595e+08,8.0,7306.0,1466.75,66.0,2058.967,11734.0,1466.75,0.0,426.06647,213.03323,0.0,0.0,12.0,7306.0,879.75757,66.0,1612.1611,2.5990632e+06,6.0,0.0,4.0,5564.0,17.0,23468.0,16.0,17.0,16.0,5564.0,23468.0,0.0
11.0,0.0021710396,0.0010855198,0.0,0.0,75.666664,7.0,460.60883,280.0,711.20264,361.83994,177.86026,183.5845,2171.0396,65535.0,3.0,123.0,80.85714,66.0,21.182396,566.0,80.85714,0.0,0.0,1.6549708,58512.0,0.0,2.0,65535.0,418232.8,2171.0,524.9977,197.36723,5.9604645,160.96635,5527.306,5.0,460.60883,200.0,929.1172,400.24518,76.05553,342.95425,1600.9807,1.0,74.0,68.4,66.0,3.2,342.0,68.4,0.0,0.0021710396,0.0010855198,0.0,0.0,4.0,123.0,75.666664,66.0,17.427628,303.72223,6.0,0.0,2.0,566.0,7.0,342.0,5.0,7.0,5.0,566.0,342.0,0.0
9.0,5.004365,2.5021825,0.0,0.0,233.1,1.3333334,0.59947664,160.0,3.998476e+06,1.6680086e+06,380.9929,1.6981771e+06,5.004026e+06,65535.0,0.0,74.0,68.0,66.0,3.4641016,90.666664,68.0,0.0,0.0,0.13210297,9092.0,0.0,2.0,65535.0,465.79337,5.004364e+06,3.997653e+06,556040.56,21.93451,1.2564431e+06,1.9982555,2.0,0.59947664,240.0,3.998211e+06,1.000873e+06,89.883804,1.5483348e+06,5.004365e+06,2.0,1501.0,343.16666,66.0,523.8894,686.3333,343.16666,0.0,5.004365,2.5021825,0.0,0.0,2.0,1501.0,233.1,66.0,427.613,182852.89,6.0,0.0,2.0,272.0,4.0,2059.0,6.0,4.0,6.0,272.0,2059.0,0.0
0.0,1e-06,5e-07,0.0,0.0,60.0,0.0,0.0,0.0,0.0,0.0,0.0,0.0,0.0,0.0,0.0,0.0,0.0,0.0,0.0,0.0,0.0,0.0,0.0,0.0,911.0,0.0,0.0,65535.0,6e+07,1.0,0.0,0.0,0.0,0.0,1e+06,0.0,0.0,40.0,0.0,0.0,0.0,0.0,0.0,0.0,60.0,60.0,60.0,0.0,0.0,60.0,0.0,1e-06,5e-07,0.0,0.0,0.0,60.0,60.0,60.0,0.0,0.0,6.0,0.0,1.0,0.0,0.0,60.0,1.0,0.0,1.0,0.0,60.0,0.0
11.0,0.014541864,0.007270932,0.0,0.0,222.91667,7.0,68.766975,280.0,7922.1724,2423.644,0.0,2922.6907,14541.864,65535.0,1.0,1859.0,323.2857,66.0,626.9588,2263.0,323.2857,0.0,0.0,5.492718,35009.0,0.0,2.0,65535.0,183951.66,14541.0,7922.1724,1321.9877,0.0,2291.3152,825.2037,5.0,68.766975,200.0,8556.843,3485.9775,147.10426,3149.2551,13943.91,2.0,106.0,82.4,66.0,17.17673,412.0,82.4,0.0,0.014541864,0.007270932,0.0,0.0,3.0,1859.0,222.91667,66.0,493.47906,243521.58,6.0,0.0,2.0,2263.0,7.0,412.0,5.0,7.0,5.0,2263.0,412.0,0.0
0.0,1e-06,5e-07,0.0,0.0,60.0,0.0,0.0,28.0,0.0,0.0,0.0,0.0,0.0,0.0,0.0,60.0,60.0,60.0,0.0,0.0,60.0,0.0,0.0,0.0,39191.0,0.0,0.0,0.0,6e+07,1.0,0.0,0.0,0.0,0.0,1e+06,0.0,0.0,0.0,0.0,0.0,0.0,0.0,0.0,0.0,0.0,0.0,0.0,0.0,0.0,0.0,0.0,1e-06,5e-07,0.0,0.0,0.0,60.0,60.0,60.0,0.0,0.0,17.0,0.0,0.0,60.0,1.0,0.0,0.0,1.0,0.0,60.0,0.0,0.0
0.0,12.954364,6.477182,0.0,0.0,60.0,0.0,0.0,0.0,0.0,0.0,0.0,0.0,0.0,0.0,0.0,0.0,0.0,0.0,0.0,0.0,0.0,0.0,0.0,0.0,80.0,0.0,0.0,65535.0,9.263288,1.2954364e+07,1.2954364e+07,1.2954364e+07,1.2954364e+07,0.0,0.15438813,0.0,0.0,80.0,1.2954364e+07,1.2954364e+07,1.2954364e+07,0.0,1.2954364e+07,0.0,60.0,60.0,60.0,0.0,0.0,60.0,0.0,12.954364,6.477182,0.0,0.0,0.0,60.0,60.0,60.0,0.0,0.0,6.0,0.0,2.0,0.0,0.0,120.0,2.0,0.0,2.0,0.0,120.0,0.0
1.0,4.196167e-05,2.0980835e-05,0.0,0.0,57.0,1.0,23831.273,40.0,0.0,0.0,0.0,0.0,0.0,65535.0,0.0,60.0,60.0,60.0,0.0,60.0,60.0,0.0,0.0,1.1111112,2467.0,0.0,0.0,65535.0,2.716765e+06,41.0,41.96167,41.96167,41.96167,0.0,47662.547,1.0,23831.273,40.0,0.0,0.0,0.0,0.0,0.0,0.0,54.0,54.0,54.0,0.0,54.0,54.0,0.0,4.196167e-05,2.0980835e-05,0.0,0.0,0.0,60.0,57.0,54.0,3.0,9.0,6.0,1.0,1.0,60.0,1.0,54.0,1.0,1.0,1.0,60.0,54.0,0.0
0.0,1e-06,5e-07,0.0,0.0,60.0,0.0,0.0,28.0,0.0,0.0,0.0,0.0,0.0,0.0,0.0,60.0,60.0,60.0,0.0,0.0,60.0,0.0,0.0,0.0,24500.0,0.0,0.0,0.0,6e+07,1.0,0.0,0.0,0.0,0.0,1e+06,0.0,0.0,0.0,0.0,0.0,0.0,0.0,0.0,0.0,0.0,0.0,0.0,0.0,0.0,0.0,0.0,1e-06,5e-07,0.0,0.0,0.0,60.0,60.0,60.0,0.0,0.0,17.0,0.0,0.0,60.0,1.0,0.0,0.0,1.0,0.0,60.0,0.0,0.0
53.0,5858.8926,2929.4463,0.0,0.0,201.5,5.6666665,0.0010240843,1360.0,4.509001e+09,1.775422e+08,540.97174,7.9946605e+08,5.858893e+09,65535.0,11.0,834.0,140.08824,60.0,185.82367,793.8333,140.08824,0.0,0.0,0.68789715,35166.0,0.0,4.0,65535.0,1.9947455,5.858893e+09,4.509001e+09,1.0278759e+08,0.0,6.145858e+08,0.009899481,4.0,0.0010240843,960.0,4.5090017e+09,2.5473445e+08,0.9536743,9.472974e+08,5.8588923e+09,13.0,1170.0,288.5,60.0,396.0384,1154.0,288.5,0.0,5858.8926,2929.4463,0.0,0.0,24.0,1170.0,201.5,60.0,300.81018,90486.766,6.0,2.0,6.0,4763.0,34.0,6924.0,24.0,34.0,24.0,4763.0,6924.0,0.0
12.0,0.4748559,0.23742795,0.0,0.0,357.0,7.0,2.105902,280.0,400169.84,79121.16,962.97266,144438.31,474726.9,65535.0,1.0,393.0,113.85714,66.0,113.99302,797.0,113.85714,0.0,0.0,0.20733611,50756.0,0.0,2.0,65535.0,9773.491,474855.0,400169.84,39571.324,30.994415,109522.516,27.376726,6.0,2.105902,240.0,402855.88,94964.984,49.114227,156274.88,474824.9,2.0,2962.0,640.6667,66.0,1056.8322,3844.0,640.6667,0.0,0.4748559,0.23742795,0.0,0.0,3.0,2962.0,357.0,66.0,769.0632,591458.1,6.0,0.0,2.0,797.0,7.0,3844.0,6.0,7.0,6.0,797.0,3844.0,0.0
1.0,0.00018692017,9.346008e-05,0.0,0.0,67.0,1.0,5349.8774,40.0,0.0,0.0,0.0,0.0,0.0,65535.0,0.0,74.0,74.0,74.0,0.0,74.0,74.0,0.0,0.0,1.2333333,43496.0,0.0,0.0,65535.0,716883.56,186.0,186.92017,186.92017,186.92017,0.0,10699.755,1.0,5349.8774,40.0,0.0,0.0,0.0,0.0,0.0,0.0,60.0,60.0,60.0,0.0,60.0,60.0,0.0,0.00018692017,9.346008e-05,0.0,0.0,0.0,74.0,67.0,60.0,7.0,49.0,6.0,1.0,1.0,74.0,1.0,60.0,1.0,1.0,1.0,74.0,60.0,0.0
1.0,0.00028800964,0.00014400482,0.0,0.0,67.0,1.0,3472.106,40.0,0.0,0.0,0.0,0.0,0.0,65535.0,0.0,60.0,60.0,60.0,0.0,60.0,60.0,0.0,0.0,0.8108108,5432.0,0.0,0.0,65535.0,465262.2,288.0,288.00964,288.00964,288.00964,0.0,6944.212,1.0,3472.106,40.0,0.0,0.0,0.0,0.0,0.0,0.0,74.0,74.0,74.0,0.0,74.0,74.0,0.0,0.00028800964,0.00014400482,0.0,0.0,0.0,74.0,67.0,60.0,7.0,49.0,6.0,1.0,1.0,60.0,1.0,74.0,1.0,1.0,1.0,60.0,74.0,0.0
0.0,1e-06,5e-07,0.0,0.0,60.0,0.0,0.0,0.0,0.0,0.0,0.0,0.0,0.0,0.0,0.0,0.0,0.0,0.0,0.0,0.0,0.0,0.0,0.0,0.0,80.0,0.0,0.0,65535.0,6e+07,1.0,0.0,0.0,0.0,0.0,1e+06,0.0,0.0,40.0,0.0,0.0,0.0,0.0,0.0,0.0,60.0,60.0,60.0,0.0,0.0,60.0,0.0,1e-06,5e-07,0.0,0.0,0.0,60.0,60.0,60.0,0.0,0.0,6.0,0.0,1.0,0.0,0.0,60.0,1.0,0.0,1.0,0.0,60.0,0.0
0.0,0.00067305565,0.00033652782,0.0,0.0,109.5,1.0,1485.7612,28.0,0.0,0.0,0.0,0.0,0.0,0.0,0.0,113.0,113.0,113.0,0.0,113.0,113.0,0.0,0.0,1.0660378,50389.0,0.0,0.0,0.0,325381.72,673.0,673.05566,673.05566,673.05566,0.0,2971.5225,1.0,1485.7612,28.0,0.0,0.0,0.0,0.0,0.0,0.0,106.0,106.0,106.0,0.0,106.0,106.0,0.0,0.00067305565,0.00033652782,0.0,0.0,0.0,113.0,109.5,106.0,3.5,12.25,17.0,0.0,0.0,113.0,1.0,106.0,1.0,1.0,1.0,113.0,106.0,0.0
8.0,1.0109179,0.50545895,0.0,0.0,71.44444,2.0,1.9784,160.0,1.003387e+06,336756.94,1006.8417,471382.8,1.0102708e+06,65535.0,1.0,99.0,76.25,66.0,13.5346775,152.5,76.25,0.0,0.0,0.9023669,22.0,0.0,2.0,65535.0,636.0556,1.010917e+06,1.002223e+06,126364.734,0.9536743,331048.28,8.902801,2.5,1.9784,200.0,1.002223e+06,252729.47,320.9114,432724.8,1.0109179e+06,0.0,74.0,67.6,66.0,3.2,169.0,67.6,0.0,1.0109179,0.50545895,0.0,0.0,1.0,99.0,71.44444,66.0,10.275225,105.580246,6.0,0.0,2.0,305.0,4.0,338.0,5.0,4.0,5.0,305.0,338.0,0.0
20.0,0.06593418,0.03296709,0.0,0.0,233.19048,11.0,15.16664,440.0,41967.867,6593.418,0.0,12042.891,65934.18,65535.0,6.0,1634.0,227.54546,66.0,445.2585,2503.0,227.54546,0.0,0.0,1.0455304,58408.0,0.0,2.0,65535.0,74271.04,65934.0,41738.035,3296.709,0.0,9012.622,318.49945,10.0,15.16664,400.0,43361.188,7222.9966,272.98926,13007.843,65006.973,5.0,1146.0,239.4,66.0,336.19287,2394.0,239.4,0.0,0.06593418,0.03296709,0.0,0.0,11.0,1634.0,233.19048,66.0,397.12054,157704.72,6.0,0.0,2.0,2503.0,11.0,2394.0,10.0,11.0,10.0,2503.0,2394.0,0.0
9.0,5.006297,2.5031486,0.0,0.0,495.0,1.3333334,0.5992453,160.0,4.003325e+06,1.6684498e+06,776.0525,1.7007779e+06,5.005349e+06,65535.0,0.0,74.0,68.0,66.0,3.4641016,90.666664,68.0,0.0,0.0,0.058144506,9092.0,0.0,2.0,65535.0,988.75476,5.006296e+06,4.0018928e+06,556255.2,23.841858,1.2574241e+06,1.9974844,2.0,0.5992453,240.0,4.0033078e+06,1.0012594e+06,346.18378,1.5501518e+06,5.006297e+06,2.0,4153.0,779.6667,66.0,1510.1149,1559.3334,779.6667,0.0,5.006297,2.5031486,0.0,0.0,2.0,4153.0,495.0,66.0,1220.5841,1.4898256e+06,6.0,0.0,2.0,272.0,4.0,4678.0,6.0,4.0,6.0,272.0,4678.0,0.0
0.0,1551.3596,775.6798,0.0,0.0,94.6,1.0,0.0032229794,140.0,9.276457e+08,3.878399e+08,3.9229276e+07,3.6019974e+08,1.5513596e+09,0.0,0.0,97.0,94.6,93.0,1.6248077,94.6,94.6,0.0,0.0,0.0,45633.0,0.0,0.0,0.0,0.30489385,1.5513596e+09,9.276457e+08,3.878399e+08,3.9229276e+07,3.6019974e+08,0.0032229794,0.0,0.0,0.0,0.0,0.0,0.0,0.0,0.0,0.0,0.0,0.0,0.0,0.0,0.0,0.0,0.0,1551.3596,775.6798,0.0,0.0,0.0,97.0,94.6,93.0,1.6248077,2.64,17.0,0.0,0.0,473.0,5.0,0.0,0.0,5.0,0.0,473.0,0.0,0.0
11.0,4.998273,2.4991367,0.0,0.0,252.58333,2.5,0.4001382,200.0,4.993013e+06,1.248785e+06,0.0,2.1617312e+06,4.99514e+06,65535.0,0.0,74.0,67.6,66.0,3.2,169.0,67.6,0.0,0.0,0.12551059,25.0,0.0,2.0,65535.0,606.4094,4.998273e+06,4.991761e+06,454388.47,0.0,1.4348435e+06,2.400829,3.5,0.4001382,280.0,4.991906e+06,833045.5,0.0,1.8598992e+06,4.998273e+06,2.0,1514.0,384.7143,66.0,513.012,1346.5,384.7143,0.0,4.998273,2.4991367,0.0,0.0,2.0,1514.0,252.58333,66.0,421.8634,177968.75,6.0,0.0,2.0,338.0,5.0,2693.0,7.0,5.0,7.0,338.0,2693.0,0.0
1.0,0.00032901764,0.00016450882,0.0,0.0,787.0,1.0,3039.3508,40.0,0.0,0.0,0.0,0.0,0.0,65535.0,0.0,60.0,60.0,60.0,0.0,60.0,60.0,0.0,0.0,0.03963012,24515.0,0.0,0.0,65535.0,4.783938e+06,329.0,329.01764,329.01764,329.01764,0.0,6078.7017,1.0,3039.3508,40.0,0.0,0.0,0.0,0.0,0.0,0.0,1514.0,1514.0,1514.0,0.0,1514.0,1514.0,0.0,0.00032901764,0.00016450882,0.0,0.0,0.0,1514.0,787.0,60.0,727.0,528529.0,6.0,1.0,1.0,60.0,1.0,1514.0,1.0,1.0,1.0,60.0,1514.0,0.0
1.0,0.0004529953,0.00022649765,0.0,0.0,60.0,1.0,2207.5283,40.0,0.0,0.0,0.0,0.0,0.0,65535.0,0.0,60.0,60.0,60.0,0.0,60.0,60.0,0.0,0.0,1.0,1976.0,0.0,0.0,65535.0,264903.4,452.0,452.9953,452.9953,452.9953,0.0,4415.0566,1.0,2207.5283,40.0,0.0,0.0,0.0,0.0,0.0,0.0,60.0,60.0,60.0,0.0,60.0,60.0,0.0,0.0004529953,0.00022649765,0.0,0.0,0.0,60.0,60.0,60.0,0.0,0.0,6.0,1.0,1.0,60.0,1.0,60.0,1.0,1.0,1.0,60.0,60.0,0.0
1.0,1e-06,5e-07,0.0,0.0,58.0,0.0,0.0,0.0,0.0,0.0,0.0,0.0,0.0,0.0,0.0,0.0,0.0,0.0,0.0,0.0,0.0,0.0,0.0,0.0,4506.0,0.0,0.0,65535.0,5.8e+07,1.0,0.0,0.0,0.0,0.0,1e+06,0.0,0.0,40.0,0.0,0.0,0.0,0.0,0.0,0.0,58.0,58.0,58.0,0.0,0.0,58.0,0.0,1e-06,5e-07,0.0,0.0,0.0,58.0,58.0,58.0,0.0,0.0,6.0,0.0,1.0,0.0,0.0,58.0,1.0,0.0,1.0,0.0,58.0,0.0
7.0,4.976808,2.488404,0.0,0.0,72.25,1.5,0.401864,120.0,4.971836e+06,2.487799e+06,3762.0068,2.484037e+06,4.975598e+06,65535.0,0.0,74.0,68.666664,66.0,3.7712362,103.0,68.666664,0.0,0.0,0.55376345,110.0,0.0,2.0,65535.0,116.138695,4.976808e+06,4.971339e+06,710972.56,0.0,1.7392878e+06,1.607456,2.5,0.401864,200.0,4.971339e+06,1.244202e+06,739.0976,2.1518638e+06,4.976808e+06,1.0,100.0,74.4,66.0,13.169662,186.0,74.4,0.0,4.976808,2.488404,0.0,0.0,1.0,100.0,72.25,66.0,11.019869,121.4375,6.0,0.0,2.0,206.0,3.0,372.0,5.0,3.0,5.0,206.0,372.0,0.0
29.0,0.265028,0.132514,0.0,0.0,219.41936,16.0,3.7731862,640.0,98295.93,17668.533,0.0,25786.152,265028.0,65535.0,9.0,810.0,152.375,60.0,182.56673,2438.0,152.375,0.0,0.0,0.55866176,49400.0,0.0,2.0,65535.0,25665.213,265027.0,97486.98,8834.267,0.0,19895.482,116.96877,15.0,3.7731862,600.0,97486.98,18871.562,549.078,26608.094,264201.88,8.0,1170.0,290.93332,66.0,378.57617,4364.0,290.93332,0.0,0.265028,0.132514,0.0,0.0,17.0,1170.0,219.41936,60.0,302.23477,91345.86,6.0,1.0,2.0,2438.0,16.0,4364.0,15.0,16.0,15.0,2438.0,4364.0,0.0
0.0,2623.3923,1311.6962,0.0,0.0,93.0,0.0,0.0,0.0,0.0,0.0,0.0,0.0,0.0,0.0,0.0,0.0,0.0,0.0,0.0,0.0,0.0,0.0,0.0,0.0,53.0,0.0,0.0,0.0,0.07090057,2.6233923e+09,2.6233923e+09,2.6233923e+09,2.6233923e+09,0.0,0.00076237164,1.0,0.00076237164,56.0,2.6233923e+09,2.6233923e+09,2.6233923e+09,0.0,2.6233923e+09,0.0,93.0,93.0,93.0,0.0,93.0,93.0,0.0,2623.3923,1311.6962,0.0,0.0,0.0,93.0,93.0,93.0,0.0,0.0,17.0,0.0,0.0,0.0,0.0,186.0,2.0,0.0,2.0,0.0,186.0,0.0
0.0,1e-06,5e-07,0.0,0.0,98.0,1.0,1e+06,28.0,0.0,0.0,0.0,0.0,0.0,0.0,0.0,98.0,98.0,98.0,0.0,98.0,98.0,0.0,0.0,0.0,53.0,0.0,0.0,0.0,9.8e+07,1.0,0.0,0.0,0.0,0.0,1e+06,0.0,0.0,0.0,0.0,0.0,0.0,0.0,0.0,0.0,0.0,0.0,0.0,0.0,0.0,0.0,0.0,1e-06,5e-07,0.0,0.0,0.0,98.0,98.0,98.0,0.0,0.0,17.0,0.0,0.0,98.0,1.0,0.0,0.0,1.0,0.0,98.0,0.0,0.0
0.0,1e-06,5e-07,0.0,0.0,60.0,0.0,0.0,28.0,0.0,0.0,0.0,0.0,0.0,0.0,0.0,60.0,60.0,60.0,0.0,0.0,60.0,0.0,0.0,0.0,56686.0,0.0,0.0,0.0,6e+07,1.0,0.0,0.0,0.0,0.0,1e+06,0.0,0.0,0.0,0.0,0.0,0.0,0.0,0.0,0.0,0.0,0.0,0.0,0.0,0.0,0.0,0.0,1e-06,5e-07,0.0,0.0,0.0,60.0,60.0,60.0,0.0,0.0,17.0,0.0,0.0,60.0,1.0,0.0,0.0,1.0,0.0,60.0,0.0,0.0
8.0,0.0036511421,0.0018255711,0.0,0.0,178.88889,5.0,273.8869,200.0,1453.8765,912.7855,147.10426,520.03876,3651.142,65535.0,1.0,583.0,171.0,66.0,206.0233,855.0,171.0,0.0,0.0,1.1324503,40190.0,0.0,1.0,65535.0,440957.9,3651.0,1322.9847,456.39276,20.02716,500.45035,2464.9822,4.0,273.8869,160.0,1953.125,1072.6451,47.922134,784.45483,3217.9355,1.0,549.0,188.75,66.0,208.01607,755.0,188.75,0.0,0.0036511421,0.0018255711,0.0,0.0,2.0,583.0,178.88889,66.0,207.09924,42890.098,6.0,1.0,2.0,855.0,5.0,755.0,4.0,5.0,4.0,855.0,755.0,0.0
7.0,0.055320024,0.027660012,0.0,0.0,72.111115,5.0,18.076637,200.0,46411.992,13787.21,684.97656,19020.24,55148.84,65535.0,1.0,89.0,72.2,66.0,8.953212,361.0,72.2,0.0,0.0,1.2534722,50014.0,0.0,1.0,65535.0,11731.737,55320.0,46411.992,6915.003,0.0,15101.232,162.68973,4.0,18.076637,160.0,54089.07,18333.037,0.0,25286.062,54999.113,1.0,88.0,72.0,60.0,10.488089,288.0,72.0,0.0,0.055320024,0.027660012,0.0,0.0,2.0,89.0,72.111115,60.0,9.666028,93.4321,6.0,1.0,2.0,361.0,5.0,288.0,4.0,5.0,4.0,361.0,288.0,0.0
1.0,0.0008690357,0.00043451786,0.0,0.0,60.0,1.0,1150.7007,40.0,0.0,0.0,0.0,0.0,0.0,65535.0,0.0,60.0,60.0,60.0,0.0,60.0,60.0,0.0,0.0,1.0,1519.0,0.0,0.0,65535.0,138084.08,869.0,869.0357,869.0357,869.0357,0.0,2301.4014,1.0,1150.7007,40.0,0.0,0.0,0.0,0.0,0.0,0.0,60.0,60.0,60.0,0.0,60.0,60.0,0.0,0.0008690357,0.00043451786,0.0,0.0,0.0,60.0,60.0,60.0,0.0,0.0,6.0,1.0,1.0,60.0,1.0,60.0,1.0,1.0,1.0,60.0,60.0,0.0
1.0,1e-06,5e-07,0.0,0.0,54.0,0.0,0.0,0.0,0.0,0.0,0.0,0.0,0.0,0.0,0.0,0.0,0.0,0.0,0.0,0.0,0.0,0.0,0.0,0.0,54853.0,0.0,0.0,65535.0,5.4e+07,1.0,0.0,0.0,0.0,0.0,1e+06,0.0,0.0,40.0,0.0,0.0,0.0,0.0,0.0,0.0,54.0,54.0,54.0,0.0,0.0,54.0,0.0,1e-06,5e-07,0.0,0.0,0.0,54.0,54.0,54.0,0.0,0.0,6.0,1.0,0.0,0.0,0.0,54.0,1.0,0.0,1.0,0.0,54.0,0.0
1.0,0.0006020069,0.00030100346,0.0,0.0,60.0,1.0,1661.1105,40.0,0.0,0.0,0.0,0.0,0.0,65535.0,0.0,60.0,60.0,60.0,0.0,60.0,60.0,0.0,0.0,1.0,2264.0,0.0,0.0,65535.0,199333.27,602.0,602.0069,602.0069,602.0069,0.0,3322.221,1.0,1661.1105,40.0,0.0,0.0,0.0,0.0,0.0,0.0,60.0,60.0,60.0,0.0,60.0,60.0,0.0,0.0006020069,0.00030100346,0.0,0.0,0.0,60.0,60.0,60.0,0.0,0.0,6.0,1.0,1.0,60.0,1.0,60.0,1.0,1.0,1.0,60.0,60.0,0.0
1.0,0.00017499924,8.749962e-05,0.0,0.0,60.0,1.0,5714.3105,40.0,0.0,0.0,0.0,0.0,0.0,65535.0,0.0,60.0,60.0,60.0,0.0,60.0,60.0,0.0,0.0,1.0,1260.0,0.0,0.0,65535.0,685717.25,174.0,174.99924,174.99924,174.99924,0.0,11428.621,1.0,5714.3105,40.0,0.0,0.0,0.0,0.0,0.0,0.0,60.0,60.0,60.0,0.0,60.0,60.0,0.0,0.00017499924,8.749962e-05,0.0,0.0,0.0,60.0,60.0,60.0,0.0,0.0,6.0,1.0,1.0,60.0,1.0,60.0,1.0,1.0,1.0,60.0,60.0,0.0
0.0,1e-06,5e-07,0.0,0.0,60.0,0.0,0.0,28.0,0.0,0.0,0.0,0.0,0.0,0.0,0.0,60.0,60.0,60.0,0.0,0.0,60.0,0.0,0.0,0.0,65532.0,0.0,0.0,0.0,6e+07,1.0,0.0,0.0,0.0,0.0,1e+06,0.0,0.0,0.0,0.0,0.0,0.0,0.0,0.0,0.0,0.0,0.0,0.0,0.0,0.0,0.0,0.0,1e-06,5e-07,0.0,0.0,0.0,60.0,60.0,60.0,0.0,0.0,17.0,0.0,0.0,60.0,1.0,0.0,0.0,1.0,0.0,60.0,0.0,0.0
0.0,1e-06,5e-07,0.0,0.0,60.0,0.0,0.0,0.0,0.0,0.0,0.0,0.0,0.0,0.0,0.0,0.0,0.0,0.0,0.0,0.0,0.0,0.0,0.0,0.0,674.0,0.0,0.0,65535.0,6e+07,1.0,0.0,0.0,0.0,0.0,1e+06,0.0,0.0,40.0,0.0,0.0,0.0,0.0,0.0,0.0,60.0,60.0,60.0,0.0,0.0,60.0,0.0,1e-06,5e-07,0.0,0.0,0.0,60.0,60.0,60.0,0.0,0.0,6.0,0.0,1.0,0.0,0.0,60.0,1.0,0.0,1.0,0.0,60.0,0.0
11.0,0.003911972,0.001955986,0.0,0.0,81.5,6.0,255.62555,240.0,1785.0399,715.20807,0.0,630.2543,3576.0403,65535.0,2.0,138.0,88.166664,66.0,29.179996,529.0,88.166664,0.0,0.0,1.1781737,47566.0,0.0,2.0,65535.0,250001.78,3911.0,1600.9807,355.63382,0.0,427.24954,3067.5066,6.0,255.62555,240.0,1600.9807,749.588,140.90538,475.10373,3747.94,2.0,107.0,74.833336,66.0,14.678972,449.0,74.833336,0.0,0.003911972,0.001955986,0.0,0.0,4.0,138.0,81.5,66.0,24.039898,577.9167,6.0,0.0,2.0,529.0,6.0,449.0,6.0,6.0,6.0,529.0,449.0,0.0
1.0,1e-06,5e-07,0.0,0.0,67.0,1.0,1e+06,40.0,0.0,0.0,0.0,0.0,0.0,65535.0,0.0,74.0,74.0,74.0,0.0,74.0,74.0,0.0,0.0,1.2333333,45872.0,0.0,0.0,65535.0,1.34e+08,1.0,0.0,0.0,0.0,0.0,2e+06,1.0,1e+06,40.0,0.0,0.0,0.0,0.0,0.0,0.0,60.0,60.0,60.0,0.0,60.0,60.0,0.0,1e-06,5e-07,0.0,0.0,0.0,74.0,67.0,60.0,7.0,49.0,6.0,1.0,1.0,74.0,1.0,60.0,1.0,1.0,1.0,74.0,60.0,0.0
20.0,149.42073,74.710365,0.0,0.0,604.9545,6.5,0.013385024,520.0,1.4939666e+08,1.2451727e+07,0.0,4.1290452e+07,1.4942072e+08,65535.0,2.0,193.0,83.76923,66.0,39.121418,544.5,83.76923,0.0,0.0,0.0891162,35782.0,0.0,4.0,65535.0,89.07064,1.4942072e+08,1.4939666e+08,7.1152725e+06,0.0,3.1815086e+07,0.14723526,4.5,0.013385024,360.0,1.493984e+08,1.867751e+07,53.8826,4.9407852e+07,1.4942008e+08,3.0,7306.0,1357.7778,66.0,2428.0532,6110.0,1357.7778,0.0,149.42073,74.710365,0.0,0.0,5.0,7306.0,604.9545,66.0,1674.8243,2.8050365e+06,6.0,0.0,4.0,1089.0,13.0,12220.0,9.0,13.0,9.0,1089.0,12220.0,0.0
11.0,0.003829956,0.001914978,0.0,0.0,1008.4167,7.0,261.0996,280.0,2133.131,638.326,0.0,711.67706,3829.956,65535.0,1.0,186.0,84.28571,66.0,41.61632,590.0,84.28571,0.0,0.0,0.05125532,12646.0,0.0,2.0,65535.0,3.1595662e+06,3829.0,1577.1389,348.17783,0.0,457.40457,3133.1953,5.0,261.0996,200.0,2434.969,885.24817,36.001205,917.8017,3540.9927,2.0,7306.0,2302.2,66.0,2928.59,11511.0,2302.2,0.0,0.003829956,0.001914978,0.0,0.0,3.0,7306.0,1008.4167,66.0,2184.087,4.7702355e+06,6.0,0.0,2.0,590.0,7.0,11511.0,5.0,7.0,5.0,590.0,11511.0,0.0
13.0,2.557719,1.2788595,0.0,0.0,74.14286,3.5,0.7819467,280.0,2.545484e+06,426286.5,512.8384,947738.75,2.557719e+06,65535.0,2.0,77.0,70.28571,66.0,5.0345745,246.0,70.28571,0.0,0.0,0.9010989,39136.0,0.0,2.0,65535.0,405.83035,2.557718e+06,2.4976092e+06,196747.61,9.059906,664311.94,5.473627,3.5,0.7819467,280.0,2.4976092e+06,426162.7,509.02368,926520.9,2.556976e+06,3.0,100.0,78.0,66.0,12.512851,273.0,78.0,0.0,2.557719,1.2788595,0.0,0.0,5.0,100.0,74.14286,66.0,10.287698,105.83673,6.0,0.0,2.0,492.0,7.0,546.0,7.0,7.0,7.0,492.0,546.0,0.0
11.0,0.0026819706,0.0013409853,0.0,0.0,1105.6666,7.0,372.86017,280.0,1599.0734,446.9951,0.0,607.9128,2681.9707,65535.0,1.0,1353.0,251.0,66.0,449.89807,1757.0,251.0,0.0,0.0,0.1526366,52094.0,0.0,2.0,65535.0,4.9471085e+06,2681.0,838.0413,243.8155,0.0,324.4618,4474.322,5.0,372.86017,200.0,818.01416,460.98233,0.0,318.0253,1843.9293,2.0,7306.0,2302.2,66.0,2928.59,11511.0,2302.2,0.0,0.0026819706,0.0013409853,0.0,0.0,3.0,7306.0,1105.6666,66.0,2171.2458,4.7143085e+06,6.0,0.0,2.0,1757.0,7.0,11511.0,5.0,7.0,5.0,1757.0,11511.0,0.0
0.0,0.0002439022,0.0001219511,0.0,0.0,141.0,1.0,4100.004,28.0,0.0,0.0,0.0,0.0,0.0,0.0,0.0,108.0,108.0,108.0,0.0,108.0,108.0,0.0,0.0,0.62068963,42938.0,0.0,0.0,0.0,1.1562011e+06,243.0,243.9022,243.9022,243.9022,0.0,8200.008,1.0,4100.004,28.0,0.0,0.0,0.0,0.0,0.0,0.0,174.0,174.0,174.0,0.0,174.0,174.0,0.0,0.0002439022,0.0001219511,0.0,0.0,0.0,174.0,141.0,108.0,33.0,1089.0,17.0,0.0,0.0,108.0,1.0,174.0,1.0,1.0,1.0,108.0,174.0,0.0
44.0,5781.955,2890.9775,0.0,0.0,80.195656,12.0,0.00034590377,960.0,5.7819284e+09,2.5138936e+08,0.0,1.1791149e+09,5.781955e+09,65535.0,16.0,117.0,85.333336,66.0,15.595583,1024.0,85.333336,0.0,0.0,1.2480195,21.0,0.0,4.0,65535.0,0.6380195,5.781955e+09,5.7819284e+09,1.2848789e+08,0.0,8.522882e+08,0.007955787,11.0,0.00034590377,880.0,5.7819284e+09,2.7533117e+08,0.0,1.2313126e+09,5.7819546e+09,12.0,95.0,74.59091,66.0,9.580564,820.5,74.59091,0.0,5781.955,2890.9775,0.0,0.0,28.0,117.0,80.195656,66.0,14.127708,199.59215,6.0,0.0,4.0,2048.0,24.0,1641.0,22.0,24.0,22.0,2048.0,1641.0,0.0
0.0,1e-06,5e-07,0.0,0.0,60.0,0.0,0.0,0.0,0.0,0.0,0.0,0.0,0.0,0.0,0.0,0.0,0.0,0.0,0.0,0.0,0.0,0.0,0.0,0.0,473.0,0.0,0.0,65535.0,6e+07,1.0,0.0,0.0,0.0,0.0,1e+06,0.0,0.0,40.0,0.0,0.0,0.0,0.0,0.0,0.0,60.0,60.0,60.0,0.0,0.0,60.0,0.0,1e-06,5e-07,0.0,0.0,0.0,60.0,60.0,60.0,0.0,0.0,6.0,0.0,1.0,0.0,0.0,60.0,1.0,0.0,1.0,0.0,60.0,0.0
1.0,0.0004849434,0.0002424717,0.0,0.0,67.0,0.0,0.0,40.0,0.0,0.0,0.0,0.0,0.0,65535.0,0.0,74.0,74.0,74.0,0.0,0.0,74.0,0.0,0.0,1.2333333,34843.0,0.0,0.0,65535.0,276320.9,484.0,484.9434,484.9434,484.9434,0.0,4124.193,0.0,0.0,40.0,0.0,0.0,0.0,0.0,0.0,0.0,60.0,60.0,60.0,0.0,0.0,60.0,0.0,0.0004849434,0.0002424717,0.0,0.0,0.0,74.0,67.0,60.0,9.899495,98.0,6.0,1.0,1.0,74.0,1.0,60.0,1.0,1.0,1.0,74.0,60.0,0.0
0.0,1e-06,5e-07,0.0,0.0,60.0,0.0,0.0,28.0,0.0,0.0,0.0,0.0,0.0,0.0,0.0,60.0,60.0,60.0,0.0,0.0,60.0,0.0,0.0,0.0,44697.0,0.0,0.0,0.0,6e+07,1.0,0.0,0.0,0.0,0.0,1e+06,0.0,0.0,0.0,0.0,0.0,0.0,0.0,0.0,0.0,0.0,0.0,0.0,0.0,0.0,0.0,0.0,1e-06,5e-07,0.0,0.0,0.0,60.0,60.0,60.0,0.0,0.0,17.0,0.0,0.0,60.0,1.0,0.0,0.0,1.0,0.0,60.0,0.0,0.0
0.0,1e-06,5e-07,0.0,0.0,60.0,1.0,1e+06,40.0,0.0,0.0,0.0,0.0,0.0,65535.0,0.0,60.0,60.0,60.0,0.0,60.0,60.0,0.0,0.0,0.0,27751.0,0.0,0.0,0.0,6e+07,1.0,0.0,0.0,0.0,0.0,1e+06,0.0,0.0,0.0,0.0,0.0,0.0,0.0,0.0,0.0,0.0,0.0,0.0,0.0,0.0,0.0,0.0,1e-06,5e-07,0.0,0.0,0.0,60.0,60.0,60.0,0.0,0.0,6.0,0.0,1.0,60.0,1.0,0.0,0.0,1.0,0.0,60.0,0.0,0.0
1.0,1e-06,5e-07,0.0,0.0,54.0,0.0,0.0,0.0,0.0,0.0,0.0,0.0,0.0,0.0,0.0,0.0,0.0,0.0,0.0,0.0,0.0,0.0,0.0,0.0,63449.0,0.0,0.0,65535.0,5.4e+07,1.0,0.0,0.0,0.0,0.0,1e+06,0.0,0.0,40.0,0.0,0.0,0.0,0.0,0.0,0.0,54.0,54.0,54.0,0.0,0.0,54.0,0.0,1e-06,5e-07,0.0,0.0,0.0,54.0,54.0,54.0,0.0,0.0,6.0,1.0,0.0,0.0,0.0,54.0,1.0,0.0,1.0,0.0,54.0,0.0
0.0,1.169002,0.584501,0.0,0.0,60.0,0.0,0.0,56.0,1.169002e+06,1.169002e+06,1.169002e+06,0.0,1.169002e+06,0.0,0.0,60.0,60.0,60.0,0.0,0.0,60.0,0.0,0.0,0.0,62636.0,0.0,0.0,0.0,102.65166,1.169002e+06,1.169002e+06,1.169002e+06,1.169002e+06,0.0,1.710861,0.0,0.0,0.0,0.0,0.0,0.0,0.0,0.0,0.0,0.0,0.0,0.0,0.0,0.0,0.0,0.0,1.169002,0.584501,0.0,0.0,0.0,60.0,60.0,60.0,0.0,0.0,17.0,0.0,0.0,120.0,2.0,0.0,0.0,2.0,0.0,120.0,0.0,0.0
0.0,13.246632,6.623316,0.0,0.0,99.18889,1665.0,0.075490884,46620.0,468896.88,7960.021,0.0,26835.525,1.3245475e+07,0.0,0.0,135.0,97.87027,82.0,10.383343,162954.0,97.87027,0.0,0.0,0.9737608,51454.0,0.0,0.0,0.0,24934.564,1.3246631e+07,468072.9,3979.1624,0.0,19258.77,251.38466,1665.0,0.075490884,46620.0,468449.84,7960.3877,0.0,26847.637,1.3246085e+07,0.0,176.0,100.50751,86.0,11.16618,167345.0,100.50751,0.0,13.246632,6.623316,0.0,0.0,0.0,176.0,99.18889,82.0,10.862203,117.98744,17.0,0.0,0.0,162954.0,1665.0,167345.0,1665.0,1665.0,1665.0,162954.0,167345.0,0.0
20.0,0.06973696,0.03486848,0.0,0.0,233.19048,11.0,14.339599,440.0,46387.195,6973.696,403.88107,13370.314,69736.96,65535.0,6.0,1634.0,227.54546,66.0,445.2585,2503.0,227.54546,0.0,0.0,1.0455304,59714.0,0.0,2.0,65535.0,70221.016,69736.0,46029.09,3486.848,10.967255,9924.225,301.1316,10.0,14.339599,400.0,48862.934,7699.0127,64.1346,14740.546,69291.12,5.0,1146.0,239.4,66.0,336.19287,2394.0,239.4,0.0,0.06973696,0.03486848,0.0,0.0,11.0,1634.0,233.19048,66.0,397.12054,157704.72,6.0,0.0,2.0,2503.0,11.0,2394.0,10.0,11.0,10.0,2503.0,2394.0,0.0
22.0,0.015484095,0.0077420473,0.0,0.0,80.17391,11.0,64.5824,440.0,4204.9883,1547.0981,0.0,1554.8043,15470.981,65535.0,6.0,94.0,74.545456,66.0,9.461535,820.0,74.545456,0.0,0.0,0.80078125,47746.0,0.0,2.0,65535.0,119089.945,15484.0,3077.0303,703.8225,0.0,879.92456,1485.3953,12.0,64.5824,480.0,3491.8784,1404.0037,36.001205,1206.093,15444.04,8.0,117.0,85.333336,66.0,15.595583,1024.0,85.333336,0.0,0.015484095,0.0077420473,0.0,0.0,14.0,117.0,80.17391,66.0,14.097956,198.75237,6.0,0.0,2.0,820.0,11.0,1024.0,12.0,11.0,12.0,820.0,1024.0,0.0
1.0,3.4093857e-05,1.7046928e-05,0.0,0.0,64.0,1.0,29330.797,40.0,0.0,0.0,0.0,0.0,0.0,65535.0,0.0,74.0,74.0,74.0,0.0,74.0,74.0,0.0,0.0,1.3703704,44320.0,0.0,0.0,65535.0,3.754342e+06,34.0,34.093857,34.093857,34.093857,0.0,58661.594,1.0,29330.797,40.0,0.0,0.0,0.0,0.0,0.0,0.0,54.0,54.0,54.0,0.0,54.0,54.0,0.0,3.4093857e-05,1.7046928e-05,0.0,0.0,0.0,74.0,64.0,54.0,10.0,100.0,6.0,1.0,1.0,74.0,1.0,54.0,1.0,1.0,1.0,74.0,54.0,0.0
7.0,4.989366,2.494683,0.0,0.0,72.125,1.5,0.40085253,120.0,4.987258e+06,2.494539e+06,1820.0874,2.492719e+06,4.989078e+06,65535.0,0.0,74.0,68.666664,66.0,3.7712362,103.0,68.666664,0.0,0.0,0.55525607,143.0,0.0,2.0,65535.0,115.64596,4.989366e+06,4.987074e+06,712766.56,144.00482,1.7449786e+06,1.6034101,2.5,0.40085253,200.0,4.987596e+06,1.2473415e+06,233.88863,2.159437e+06,4.989366e+06,1.0,99.0,74.2,66.0,12.781237,185.5,74.2,0.0,4.989366,2.494683,0.0,0.0,1.0,99.0,72.125,66.0,10.705577,114.609375,6.0,0.0,2.0,206.0,3.0,371.0,5.0,3.0,5.0,206.0,371.0,0.0
1.0,1e-06,5e-07,0.0,0.0,67.0,1.0,1e+06,40.0,0.0,0.0,0.0,0.0,0.0,65535.0,0.0,74.0,74.0,74.0,0.0,74.0,74.0,0.0,0.0,1.2333333,50742.0,0.0,0.0,65535.0,1.34e+08,1.0,0.0,0.0,0.0,0.0,2e+06,1.0,1e+06,40.0,0.0,0.0,0.0,0.0,0.0,0.0,60.0,60.0,60.0,0.0,60.0,60.0,0.0,1e-06,5e-07,0.0,0.0,0.0,74.0,67.0,60.0,7.0,49.0,6.0,1.0,1.0,74.0,1.0,60.0,1.0,1.0,1.0,74.0,60.0,0.0
1.0,0.00058817863,0.00029408932,0.0,0.0,60.0,1.0,1700.1638,40.0,0.0,0.0,0.0,0.0,0.0,65535.0,0.0,60.0,60.0,60.0,0.0,60.0,60.0,0.0,0.0,1.0,1274.0,0.0,0.0,65535.0,204019.66,588.0,588.17865,588.17865,588.17865,0.0,3400.3276,1.0,1700.1638,40.0,0.0,0.0,0.0,0.0,0.0,0.0,60.0,60.0,60.0,0.0,60.0,60.0,0.0,0.00058817863,0.00029408932,0.0,0.0,0.0,60.0,60.0,60.0,0.0,0.0,6.0,1.0,1.0,60.0,1.0,60.0,1.0,1.0,1.0,60.0,60.0,0.0
54.0,4340.344,2170.172,0.0,0.0,444.93332,5.0,0.0013823789,1200.0,2.4571333e+09,1.4966704e+08,0.0,4.890696e+08,4.3403443e+09,65535.0,6.0,419.0,134.26666,66.0,132.73883,671.3333,134.26666,0.0,0.0,0.17769542,54804.0,0.0,12.0,65535.0,6.1506643,4.3403443e+09,2.457133e+09,7.356515e+07,0.0,3.5095008e+08,0.013823789,5.0,0.0013823789,1200.0,2.4571333e+09,1.4966704e+08,59.127808,4.890696e+08,4.3403443e+09,6.0,3506.0,755.6,66.0,1375.2035,3778.0,755.6,0.0,4340.344,2170.172,0.0,0.0,12.0,3506.0,444.93332,66.0,1025.1418,1.0509159e+06,6.0,0.0,12.0,4028.0,30.0,22668.0,30.0,30.0,30.0,4028.0,22668.0,0.0
6.0,0.0060420036,0.0030210018,0.0,0.0,72.125,4.0,165.50801,160.0,4422.903,1963.695,457.0484,1753.5737,5891.0845,65535.0,1.0,89.0,73.75,66.0,9.39082,295.0,73.75,0.0,0.0,1.0460993,44086.0,0.0,1.0,65535.0,95498.125,6042.0,4422.903,863.1434,87.976456,1464.4609,1324.0641,4.0,165.50801,160.0,4835.844,1974.98,87.976456,2056.9985,5924.94,1.0,88.0,70.5,54.0,12.359207,282.0,70.5,0.0,0.0060420036,0.0030210018,0.0,0.0,2.0,89.0,72.125,54.0,11.095467,123.109375,6.0,1.0,2.0,295.0,4.0,282.0,4.0,4.0,4.0,295.0,282.0,0.0
1.0,0.000102996826,5.1498413e-05,0.0,0.0,57.0,0.0,0.0,40.0,0.0,0.0,0.0,0.0,0.0,65535.0,0.0,60.0,60.0,60.0,0.0,0.0,60.0,0.0,0.0,1.1111112,61490.0,0.0,0.0,65535.0,1.1068302e+06,102.0,102.996826,102.996826,102.996826,0.0,19418.074,0.0,0.0,40.0,0.0,0.0,0.0,0.0,0.0,0.0,54.0,54.0,54.0,0.0,0.0,54.0,0.0,0.000102996826,5.1498413e-05,0.0,0.0,0.0,60.0,57.0,54.0,4.2426405,18.0,6.0,1.0,1.0,60.0,1.0,54.0,1.0,1.0,1.0,60.0,54.0,0.0
0.0,0.0014050007,0.00070250034,0.0,0.0,109.0,1.0,711.7434,28.0,0.0,0.0,0.0,0.0,0.0,0.0,0.0,125.0,125.0,125.0,0.0,125.0,125.0,0.0,0.0,1.344086,53.0,0.0,0.0,0.0,155160.06,1405.0,1405.0007,1405.0007,1405.0007,0.0,1423.4868,1.0,711.7434,28.0,0.0,0.0,0.0,0.0,0.0,0.0,93.0,93.0,93.0,0.0,93.0,93.0,0.0,0.0014050007,0.00070250034,0.0,0.0,0.0,125.0,109.0,93.0,16.0,256.0,17.0,0.0,0.0,125.0,1.0,93.0,1.0,1.0,1.0,125.0,93.0,0.0
0.0,1e-06,5e-07,0.0,0.0,60.0,0.0,0.0,28.0,0.0,0.0,0.0,0.0,0.0,0.0,0.0,60.0,60.0,60.0,0.0,0.0,60.0,0.0,0.0,0.0,49435.0,0.0,0.0,0.0,6e+07,1.0,0.0,0.0,0.0,0.0,1e+06,0.0,0.0,0.0,0.0,0.0,0.0,0.0,0.0,0.0,0.0,0.0,0.0,0.0,0.0,0.0,0.0,1e-06,5e-07,0.0,0.0,0.0,60.0,60.0,60.0,0.0,0.0,17.0,0.0,0.0,60.0,1.0,0.0,0.0,1.0,0.0,60.0,0.0,0.0
27.0,1688.0968,844.0484,0.0,0.0,127.26667,4.0,0.0017771493,480.0,1.2938929e+09,1.534633e+08,0.0,3.778511e+08,1.6880963e+09,65535.0,3.0,503.0,177.25,66.0,188.1002,709.0,177.25,0.0,0.0,1.2578356,80.0,0.0,6.0,65535.0,2.2617188,1.6880968e+09,1.2938924e+09,5.821023e+07,0.0,2.4433445e+08,0.017771494,6.0,0.0017771493,720.0,1.2938924e+09,9.929981e+07,12.159348,3.126657e+08,1.6880968e+09,3.0,317.0,93.94444,66.0,65.18391,563.6667,93.94444,0.0,1688.0968,844.0484,0.0,0.0,6.0,503.0,127.26667,66.0,135.5271,18367.596,6.0,0.0,6.0,2127.0,12.0,1691.0,18.0,12.0,18.0,2127.0,1691.0,0.0
0.0,1e-06,5e-07,0.0,0.0,60.0,1.0,1e+06,40.0,0.0,0.0,0.0,0.0,0.0,65535.0,0.0,60.0,60.0,60.0,0.0,60.0,60.0,0.0,0.0,0.0,22072.0,0.0,0.0,0.0,6e+07,1.0,0.0,0.0,0.0,0.0,1e+06,0.0,0.0,0.0,0.0,0.0,0.0,0.0,0.0,0.0,0.0,0.0,0.0,0.0,0.0,0.0,0.0,1e-06,5e-07,0.0,0.0,0.0,60.0,60.0,60.0,0.0,0.0,6.0,0.0,1.0,60.0,1.0,0.0,0.0,1.0,0.0,60.0,0.0,0.0
18.0,455.70352,227.85176,0.0,0.0,442.2,5.0,0.0043888185,400.0,4.5569635e+08,5.063371e+07,141.85905,1.4321126e+08,4.5570342e+08,65535.0,2.0,405.0,128.8,66.0,122.53146,644.0,128.8,0.0,0.0,0.17046057,33190.0,0.0,4.0,65535.0,19.407356,4.5570352e+08,4.5569632e+08,2.3984396e+07,12.159348,1.0175547e+08,0.043888185,5.0,0.0043888185,400.0,4.5569635e+08,5.063372e+07,80.10864,1.4321126e+08,4.557035e+08,2.0,3506.0,755.6,66.0,1375.2035,3778.0,755.6,0.0,455.70352,227.85176,0.0,0.0,4.0,3506.0,442.2,66.0,1025.3384,1.0513189e+06,6.0,0.0,4.0,1288.0,10.0,7556.0,10.0,10.0,10.0,1288.0,7556.0,0.0
9.0,0.0024180412,0.0012090206,0.0,0.0,109.8,5.0,413.5579,200.0,1163.0059,572.741,0.0,411.65515,2290.964,65535.0,1.0,269.0,108.2,66.0,80.45968,541.0,108.2,0.0,0.0,0.9712747,48596.0,0.0,2.0,65535.0,454086.56,2418.0,638.9618,268.67123,0.0,217.10072,4135.5786,5.0,413.5579,200.0,691.1755,511.52707,161.88622,207.70955,2046.1083,2.0,249.0,111.4,66.0,70.06168,557.0,111.4,0.0,0.0024180412,0.0012090206,0.0,0.0,3.0,269.0,109.8,66.0,75.45701,5693.76,6.0,0.0,2.0,541.0,5.0,557.0,5.0,5.0,5.0,541.0,557.0,0.0
1.0,1e-06,5e-07,0.0,0.0,54.0,0.0,0.0,0.0,0.0,0.0,0.0,0.0,0.0,0.0,0.0,0.0,0.0,0.0,0.0,0.0,0.0,0.0,0.0,0.0,33334.0,0.0,0.0,65535.0,5.4e+07,1.0,0.0,0.0,0.0,0.0,1e+06,0.0,0.0,40.0,0.0,0.0,0.0,0.0,0.0,0.0,54.0,54.0,54.0,0.0,0.0,54.0,0.0,1e-06,5e-07,0.0,0.0,0.0,54.0,54.0,54.0,0.0,0.0,6.0,1.0,0.0,0.0,0.0,54.0,1.0,0.0,1.0,0.0,54.0,0.0
0.0,1e-06,5e-07,0.0,0.0,94.0,0.0,0.0,28.0,0.0,0.0,0.0,0.0,0.0,0.0,0.0,94.0,94.0,94.0,0.0,0.0,94.0,0.0,0.0,0.0,48208.0,0.0,0.0,0.0,9.4e+07,1.0,0.0,0.0,0.0,0.0,1e+06,0.0,0.0,0.0,0.0,0.0,0.0,0.0,0.0,0.0,0.0,0.0,0.0,0.0,0.0,0.0,0.0,1e-06,5e-07,0.0,0.0,0.0,94.0,94.0,94.0,0.0,0.0,17.0,0.0,0.0,94.0,1.0,0.0,0.0,1.0,0.0,94.0,0.0,0.0
1.0,6.7949295e-05,3.3974648e-05,0.0,0.0,57.0,0.0,0.0,40.0,0.0,0.0,0.0,0.0,0.0,65535.0,0.0,60.0,60.0,60.0,0.0,0.0,60.0,0.0,0.0,1.1111112,41453.0,0.0,0.0,65535.0,1.6777216e+06,67.0,67.949295,67.949295,67.949295,0.0,29433.713,0.0,0.0,40.0,0.0,0.0,0.0,0.0,0.0,0.0,54.0,54.0,54.0,0.0,0.0,54.0,0.0,6.7949295e-05,3.3974648e-05,0.0,0.0,0.0,60.0,57.0,54.0,4.2426405,18.0,6.0,1.0,1.0,60.0,1.0,54.0,1.0,1.0,1.0,60.0,54.0,0.0
24.0,4.120364,2.060182,0.0,0.0,222.2,7.5,0.485394,600.0,3.58477e+06,294311.72,368.83356,913756.94,4.120364e+06,65535.0,5.0,834.0,149.13333,66.0,196.01866,1118.5,149.13333,0.0,0.0,0.6742013,47686.0,0.0,2.0,65535.0,1348.1819,4.120363e+06,3.5385502e+06,171681.83,10.967255,703184.9,6.0674253,5.0,0.485394,400.0,3.5385502e+06,457720.88,1718.9979,1.0904008e+06,4.119488e+06,6.0,1170.0,331.8,66.0,420.64755,1659.0,331.8,0.0,4.120364,2.060182,0.0,0.0,11.0,1170.0,222.2,66.0,319.12354,101839.84,6.0,0.0,2.0,2237.0,15.0,3318.0,10.0,15.0,10.0,2237.0,3318.0,0.0
16.0,1707.6896,853.8448,0.0,0.0,107.611115,4.0,0.0011711731,320.0,1.7074808e+09,2.4395544e+08,0.0,5.974817e+08,1.7076881e+09,65535.0,1.0,689.0,145.875,66.0,205.30978,583.5,145.875,0.0,0.0,1.5155845,443.0,0.0,4.0,65535.0,1.134281,1.7076896e+09,1.7074807e+09,1.0045233e+08,0.0,4.017571e+08,0.010540557,5.0,0.0011711731,400.0,1.7074833e+09,1.897433e+08,131.84547,5.366021e+08,1.7076896e+09,2.0,159.0,77.0,66.0,27.509998,385.0,77.0,0.0,1707.6896,853.8448,0.0,0.0,3.0,689.0,107.611115,66.0,142.56934,20326.016,6.0,0.0,4.0,1167.0,8.0,770.0,10.0,8.0,10.0,1167.0,770.0,0.0
18.0,420.08188,210.04094,0.0,0.0,122.55,6.0,0.0047609764,480.0,4.200773e+08,3.8189264e+07,0.0,1.2076361e+08,4.200819e+08,65535.0,2.0,203.0,86.083336,66.0,42.62327,516.5,86.083336,0.0,0.0,0.7284908,53586.0,0.0,4.0,65535.0,5.8345766,4.200819e+08,4.200773e+08,2.2109574e+07,0.0,9.3801896e+07,0.047609765,4.0,0.0047609764,320.0,4.200779e+08,6.0011576e+07,181.91338,1.4699646e+08,4.2008102e+08,2.0,503.0,177.25,66.0,188.1002,709.0,177.25,0.0,420.08188,210.04094,0.0,0.0,4.0,503.0,122.55,66.0,131.29146,17237.447,6.0,0.0,4.0,1033.0,12.0,1418.0,8.0,12.0,8.0,1033.0,1418.0,0.0
1.0,9.536743e-07,4.7683716e-07,0.0,0.0,67.0,0.0,0.0,40.0,0.0,0.0,0.0,0.0,0.0,65535.0,0.0,74.0,74.0,74.0,0.0,0.0,74.0,0.0,0.0,1.2333333,35357.0,0.0,0.0,65535.0,1.4050918e+08,0.0,0.9536743,0.9536743,0.9536743,0.0,2.097152e+06,0.0,0.0,40.0,0.0,0.0,0.0,0.0,0.0,0.0,60.0,60.0,60.0,0.0,0.0,60.0,0.0,9.536743e-07,4.7683716e-07,0.0,0.0,0.0,74.0,67.0,60.0,9.899495,98.0,6.0,1.0,1.0,74.0,1.0,60.0,1.0,1.0,1.0,74.0,60.0,0.0
0.0,1e-06,5e-07,0.0,0.0,60.0,0.0,0.0,28.0,0.0,0.0,0.0,0.0,0.0,0.0,0.0,60.0,60.0,60.0,0.0,0.0,60.0,0.0,0.0,0.0,62820.0,0.0,0.0,0.0,6e+07,1.0,0.0,0.0,0.0,0.0,1e+06,0.0,0.0,0.0,0.0,0.0,0.0,0.0,0.0,0.0,0.0,0.0,0.0,0.0,0.0,0.0,0.0,1e-06,5e-07,0.0,0.0,0.0,60.0,60.0,60.0,0.0,0.0,17.0,0.0,0.0,60.0,1.0,0.0,0.0,1.0,0.0,60.0,0.0,0.0
7.0,0.08394694,0.04197347,0.0,0.0,68.125,3.0,11.912286,120.0,66493.984,41622.996,16752.004,24870.992,83245.99,65535.0,0.0,74.0,68.666664,66.0,3.7712362,206.0,68.666664,0.0,0.0,0.6076696,443.0,0.0,2.0,65535.0,6492.196,83946.0,64400.91,11992.421,20.980835,22061.26,95.29829,5.0,11.912286,200.0,64400.91,20986.736,616.0736,26070.885,83946.945,1.0,74.0,67.8,66.0,3.1241,339.0,67.8,0.0,0.08394694,0.04197347,0.0,0.0,1.0,74.0,68.125,66.0,3.4072533,11.609375,6.0,0.0,2.0,206.0,3.0,339.0,5.0,3.0,5.0,206.0,339.0,0.0
0.0,1e-06,5e-07,0.0,0.0,60.0,0.0,0.0,28.0,0.0,0.0,0.0,0.0,0.0,0.0,0.0,60.0,60.0,60.0,0.0,0.0,60.0,0.0,0.0,0.0,25705.0,0.0,0.0,0.0,6e+07,1.0,0.0,0.0,0.0,0.0,1e+06,0.0,0.0,0.0,0.0,0.0,0.0,0.0,0.0,0.0,0.0,0.0,0.0,0.0,0.0,0.0,0.0,1e-06,5e-07,0.0,0.0,0.0,60.0,60.0,60.0,0.0,0.0,17.0,0.0,0.0,60.0,1.0,0.0,0.0,1.0,0.0,60.0,0.0,0.0
0.0,1e-06,5e-07,0.0,0.0,60.0,1.0,1e+06,40.0,0.0,0.0,0.0,0.0,0.0,65535.0,0.0,60.0,60.0,60.0,0.0,60.0,60.0,0.0,0.0,0.0,34905.0,0.0,0.0,0.0,6e+07,1.0,0.0,0.0,0.0,0.0,1e+06,0.0,0.0,0.0,0.0,0.0,0.0,0.0,0.0,0.0,0.0,0.0,0.0,0.0,0.0,0.0,0.0,1e-06,5e-07,0.0,0.0,0.0,60.0,60.0,60.0,0.0,0.0,6.0,0.0,1.0,60.0,1.0,0.0,0.0,1.0,0.0,60.0,0.0,0.0
9.0,0.051312923,0.025656462,0.0,0.0,139.2,5.0,19.488268,200.0,44281.008,12716.233,1518.0111,18237.502,50864.934,65535.0,1.0,162.0,86.8,66.0,37.727444,434.0,86.8,0.0,0.0,0.45302713,60812.0,0.0,2.0,65535.0,27127.67,51312.0,44281.008,5701.436,0.0,13672.419,194.88268,5.0,19.488268,200.0,45510.055,12542.248,0.0,19085.482,50168.992,1.0,686.0,191.6,66.0,247.21942,958.0,191.6,0.0,0.051312923,0.025656462,0.0,0.0,2.0,686.0,139.2,66.0,184.43471,34016.16,6.0,0.0,2.0,434.0,5.0,958.0,5.0,5.0,5.0,434.0,958.0,0.0
0.0,1e-06,5e-07,0.0,0.0,96.0,1.0,1e+06,28.0,0.0,0.0,0.0,0.0,0.0,0.0,0.0,96.0,96.0,96.0,0.0,96.0,96.0,0.0,0.0,0.0,53.0,0.0,0.0,0.0,9.6e+07,1.0,0.0,0.0,0.0,0.0,1e+06,0.0,0.0,0.0,0.0,0.0,0.0,0.0,0.0,0.0,0.0,0.0,0.0,0.0,0.0,0.0,0.0,1e-06,5e-07,0.0,0.0,0.0,96.0,96.0,96.0,0.0,0.0,17.0,0.0,0.0,96.0,1.0,0.0,0.0,1.0,0.0,96.0,0.0,0.0
45.0,1821.3408,910.6704,0.0,0.0,119.26,5.8,0.0027452302,1160.0,1.3017027e+09,6.504789e+07,0.0,2.4392664e+08,1.8213408e+09,65535.0,5.0,334.0,101.44827,66.0,76.855705,588.4,101.44827,0.0,0.0,0.9738497,38918.0,0.0,10.0,65535.0,3.2739615,1.8213408e+09,1.3017027e+09,3.717022e+07,0.0,1.8717997e+08,0.027452303,4.2,0.0027452302,840.0,1.301703e+09,9.106704e+07,72.00241,2.8448352e+08,1.8213408e+09,5.0,453.0,143.85715,66.0,150.2868,604.2,143.85715,0.0,1821.3408,910.6704,0.0,0.0,10.0,453.0,119.26,66.0,115.543205,13350.232,6.0,0.0,10.0,2942.0,29.0,3021.0,21.0,29.0,21.0,2942.0,3021.0,0.0
73.0,10112.092,5056.046,0.0,0.0,155.53488,5.625,0.00079113204,1800.0,5.0400456e+09,2.2982027e+08,0.0,8.592839e+08,1.0112092e+10,65535.0,16.0,1106.0,147.77777,60.0,236.58006,831.25,147.77777,0.0,0.0,0.98870057,22.0,0.0,7.0,65535.0,1.3227727,1.0112092e+10,5.0400456e+09,1.18965784e+08,0.0,6.288102e+08,0.008504669,5.125,0.00079113204,1640.0,5.0400456e+09,2.5280229e+08,0.0,8.979954e+08,1.0112092e+10,18.0,1602.0,164.04878,66.0,327.498,840.75,164.04878,0.0,10112.092,5056.046,0.0,0.0,34.0,1602.0,155.53488,60.0,283.70038,80485.9,6.0,9.0,12.0,6650.0,45.0,6726.0,41.0,45.0,41.0,6650.0,6726.0,0.0
0.0,6402.6987,3201.3494,0.0,0.0,124.5,1.0,0.00031236827,56.0,6.402698e+09,6.402698e+09,6.402698e+09,0.0,6.402698e+09,0.0,0.0,157.0,152.5,148.0,4.5,152.5,152.5,0.0,0.0,1.5803108,53.0,0.0,0.0,0.0,0.0777797,6.402699e+09,6.402698e+09,2.134233e+09,52.928925,3.0182607e+09,0.00062473654,1.0,0.00031236827,56.0,6.402699e+09,6.402699e+09,6.402699e+09,0.0,6.402699e+09,0.0,100.0,96.5,93.0,3.5,96.5,96.5,0.0,6402.6987,3201.3494,0.0,0.0,0.0,157.0,124.5,93.0,28.28869,800.25,17.0,0.0,0.0,305.0,2.0,193.0,2.0,2.0,2.0,305.0,193.0,0.0
9.0,0.004481077,0.0022405386,0.0,0.0,250.7,6.0,223.16063,240.0,3031.969,896.21545,210.04677,1071.5779,4481.077,65535.0,1.0,282.0,103.333336,66.0,79.95554,620.0,103.333336,0.0,0.0,0.32856387,45423.0,0.0,2.0,65535.0,559463.7,4481.0,2743.0059,497.89746,10.01358,806.18317,2231.6062,4.0,223.16063,160.0,2743.0059,1379.6488,540.01807,972.6272,4138.9463,1.0,1681.0,471.75,66.0,698.16846,1887.0,471.75,0.0,0.004481077,0.0022405386,0.0,0.0,2.0,1681.0,250.7,66.0,481.02682,231386.81,6.0,0.0,2.0,620.0,6.0,1887.0,4.0,6.0,4.0,620.0,1887.0,0.0
0.0,0.0011780262,0.0005890131,0.0,0.0,109.0,1.0,848.87756,28.0,0.0,0.0,0.0,0.0,0.0,0.0,0.0,101.0,101.0,101.0,0.0,101.0,101.0,0.0,0.0,0.8632479,51412.0,0.0,0.0,0.0,185055.31,1178.0,1178.0262,1178.0262,1178.0262,0.0,1697.7551,1.0,848.87756,28.0,0.0,0.0,0.0,0.0,0.0,0.0,117.0,117.0,117.0,0.0,117.0,117.0,0.0,0.0011780262,0.0005890131,0.0,0.0,0.0,117.0,109.0,101.0,8.0,64.0,17.0,0.0,0.0,101.0,1.0,117.0,1.0,1.0,1.0,101.0,117.0,0.0
31.0,1685.6465,842.82324,0.0,0.0,397.7647,5.6666665,0.0017797326,680.0,1.1984184e+09,1.053529e+08,0.0,3.0572634e+08,1.6856463e+09,65535.0,3.0,411.0,121.05882,66.0,117.583244,686.0,121.05882,0.0,0.0,0.17948718,45468.0,0.0,6.0,65535.0,8.023035,1.6856465e+09,1.1984183e+09,5.1080196e+07,0.0,2.1929514e+08,0.020170303,5.6666665,0.0017797326,680.0,1.1984184e+09,1.05352904e+08,50.0679,3.057263e+08,1.6856465e+09,5.0,3506.0,674.4706,66.0,1160.7623,3822.0,674.4706,0.0,1685.6465,842.82324,0.0,0.0,8.0,3506.0,397.7647,66.0,870.1515,757163.6,6.0,0.0,6.0,2058.0,17.0,11466.0,17.0,17.0,17.0,2058.0,11466.0,0.0
0.0,51.061836,25.530918,0.0,0.0,60.0,0.0,0.0,0.0,0.0,0.0,0.0,0.0,0.0,0.0,0.0,0.0,0.0,0.0,0.0,0.0,0.0,0.0,0.0,0.0,80.0,0.0,0.0,65535.0,3.5251377,5.1061836e+07,3.395156e+07,2.5530918e+07,1.7110276e+07,1.1908586e+07,0.058752295,0.0,0.0,120.0,3.395156e+07,2.5530918e+07,1.7110276e+07,1.1908586e+07,5.1061836e+07,0.0,60.0,60.0,60.0,0.0,0.0,60.0,0.0,51.061836,25.530918,0.0,0.0,0.0,60.0,60.0,60.0,0.0,0.0,6.0,0.0,3.0,0.0,0.0,180.0,3.0,0.0,3.0,0.0,180.0,0.0
103.0,6801.778,3400.889,0.0,0.0,307.50876,6.181818,0.0016172242,2720.0,1.6079168e+09,1.0151907e+08,0.0,3.0940554e+08,6.8017777e+09,65535.0,11.0,323.0,85.80882,66.0,46.44233,530.4545,85.80882,0.0,0.0,0.19968516,50586.0,0.0,22.0,65535.0,5.1539464,6.8017777e+09,1.6079168e+09,6.0192724e+07,0.0,2.4341091e+08,0.016760323,4.181818,0.0016172242,1840.0,1.6079172e+09,1.5115061e+08,293.9701,3.674675e+08,6.8017777e+09,13.0,7306.0,635.23914,66.0,1631.6178,2656.4546,635.23914,0.0,6801.778,3400.889,0.0,0.0,24.0,7306.0,307.50876,66.0,1071.5204,1.148156e+06,6.0,0.0,22.0,5835.0,68.0,29221.0,46.0,68.0,46.0,5835.0,29221.0,0.0
9.0,4.9949293,2.4974647,0.0,0.0,324.3,2.0,0.4004061,160.0,4.986232e+06,1.6645356e+06,1304.8649,2.3487948e+06,4.993607e+06,65535.0,0.0,74.0,68.0,66.0,3.4641016,136.0,68.0,0.0,0.0,0.09155167,25.0,0.0,2.0,65535.0,649.2585,4.994929e+06,4.986232e+06,554992.1,0.0,1.5666808e+06,2.0020304,3.0,0.4004061,240.0,4.986504e+06,998985.8,598.9075,1.9937601e+06,4.994929e+06,2.0,2626.0,495.16666,66.0,952.9436,1485.5,495.16666,0.0,4.9949293,2.4974647,0.0,0.0,2.0,2626.0,324.3,66.0,767.241,588658.8,6.0,0.0,2.0,272.0,4.0,2971.0,6.0,4.0,6.0,272.0,2971.0,0.0
0.0,2.768016,1.384008,0.0,0.0,60.0,0.0,0.0,0.0,0.0,0.0,0.0,0.0,0.0,0.0,0.0,0.0,0.0,0.0,0.0,0.0,0.0,0.0,0.0,0.0,80.0,0.0,0.0,65535.0,43.35235,2.768016e+06,2.768016e+06,2.768016e+06,2.768016e+06,0.0,0.7225391,0.0,0.0,80.0,2.768016e+06,2.768016e+06,2.768016e+06,0.0,2.768016e+06,0.0,60.0,60.0,60.0,0.0,0.0,60.0,0.0,2.768016,1.384008,0.0,0.0,0.0,60.0,60.0,60.0,0.0,0.0,6.0,0.0,2.0,0.0,0.0,120.0,2.0,0.0,2.0,0.0,120.0,0.0
1.0,0.00020694733,0.00010347366,0.0,0.0,67.0,0.0,40.0,0.0,0.0,0.0,0.0,0.0,0.0,65535.0,0.0,74.0,74.0,74.0,0.0,0.0,74.0,0.0,0.0,1.2333333,37028.0,0.0,0.0,65535.0,647507.75,206.0,206.94733,206.94733,206.94733,0.0,9664.295,0.0,40.0,0.0,0.0,0.0,0.0,0.0,0.0,0.0,60.0,60.0,60.0,0.0,0.0,60.0,0.0,0.00020694733,0.00010347366,0.0,0.0,0.0,74.0,67.0,60.0,9.899495,98.0,6.0,1.0,1.0,74.0,1.0,60.0,1.0,1.0,1.0,74.0,60.0,0.0
1.0,1e-06,5e-07,0.0,0.0,60.0,0.0,0.0,0.0,0.0,0.0,0.0,0.0,0.0,0.0,0.0,0.0,0.0,0.0,0.0,0.0,0.0,0.0,0.0,0.0,55413.0,0.0,0.0,65535.0,6e+07,1.0,0.0,0.0,0.0,0.0,1e+06,0.0,0.0,40.0,0.0,0.0,0.0,0.0,0.0,0.0,60.0,60.0,60.0,0.0,0.0,60.0,0.0,1e-06,5e-07,0.0,0.0,0.0,60.0,60.0,60.0,0.0,0.0,6.0,1.0,0.0,0.0,0.0,60.0,1.0,0.0,1.0,0.0,60.0,0.0
0.0,10.002565,5.0012827,0.0,0.0,111.0,1.0,0.09997436,28.0,0.0,0.0,0.0,0.0,0.0,0.0,0.0,103.0,103.0,103.0,0.0,103.0,103.0,0.0,0.0,0.8655462,60513.0,0.0,0.0,0.0,22.194307,1.0002564e+07,1.0002565e+07,1.0002565e+07,1.0002565e+07,0.0,0.19994871,1.0,0.09997436,28.0,0.0,0.0,0.0,0.0,0.0,0.0,119.0,119.0,119.0,0.0,119.0,119.0,0.0,10.002565,5.0012827,0.0,0.0,0.0,119.0,111.0,103.0,8.0,64.0,17.0,0.0,0.0,103.0,1.0,119.0,1.0,1.0,1.0,103.0,119.0,0.0
26.0,5.558158,2.779079,0.0,0.0,184.66667,4.3333335,0.5397472,520.0,2.748189e+06,463179.8,383.13864,1.0211966e+06,5.558158e+06,65535.0,8.0,1042.0,170.46153,66.0,253.47815,738.6667,170.46153,0.0,0.0,0.8,45224.0,0.0,2.0,65535.0,897.0598,5.558157e+06,2.746729e+06,213775.3,10.01358,724744.56,4.8577247,4.6666665,0.5397472,560.0,2.746729e+06,427377.0,129.93813,979420.94,5.555901e+06,7.0,1146.0,197.85715,66.0,292.00046,923.3333,197.85715,0.0,5.558158,2.779079,0.0,0.0,15.0,1146.0,184.66667,66.0,274.4708,75334.22,6.0,0.0,2.0,2216.0,13.0,2770.0,14.0,13.0,14.0,2216.0,2770.0,0.0
9.0,5.006629,2.5033145,0.0,0.0,309.5,1.3333334,0.59920555,160.0,4.0032518e+06,1.6685532e+06,1138.9255,1.700623e+06,5.00566e+06,65535.0,0.0,74.0,68.0,66.0,3.4641016,90.666664,68.0,0.0,0.0,0.0963514,9092.0,0.0,2.0,65535.0,618.1804,5.006628e+06,4.0024128e+06,556292.1,138.99803,1.2576976e+06,1.9973519,2.0,0.59920555,240.0,4.002648e+06,1.0013258e+06,591.99335,1.5498875e+06,5.006629e+06,2.0,2236.0,470.5,66.0,794.69525,941.0,470.5,0.0,5.006629,2.5033145,0.0,0.0,2.0,2236.0,309.5,66.0,646.38275,417810.66,6.0,0.0,2.0,272.0,4.0,2823.0,6.0,4.0,6.0,272.0,2823.0,0.0
13.0,0.0061810017,0.0030905008,0.0,0.0,98.92857,7.0,161.78607,280.0,3711.939,1030.167,282.0492,1216.6233,6181.0015,65535.0,2.0,156.0,92.71429,66.0,39.802063,649.0,92.71429,0.0,0.0,0.8817935,60498.0,0.0,2.0,65535.0,224073.72,6181.0,3139.9727,475.46167,8.106232,797.4013,2265.0051,7.0,161.78607,280.0,3265.1423,914.1366,27.894974,1087.204,5484.8193,3.0,204.0,105.14286,66.0,54.76294,736.0,105.14286,0.0,0.0061810017,0.0030905008,0.0,0.0,5.0,204.0,98.92857,66.0,48.27224,2330.2092,6.0,0.0,2.0,649.0,7.0,736.0,7.0,7.0,7.0,649.0,736.0,0.0
0.0,147.08414,73.54207,0.0,0.0,109.0,0.0,0.0,56.0,1.47084e+08,1.47084e+08,1.47084e+08,0.0,1.47084e+08,0.0,0.0,93.0,93.0,93.0,0.0,0.0,93.0,0.0,0.0,0.744,53652.0,0.0,0.0,0.0,2.96429,1.4708413e+08,1.4708358e+08,4.9028044e+07,129.93813,8.4918584e+07,0.02719532,0.0,0.0,56.0,1.4708371e+08,1.4708371e+08,1.4708371e+08,0.0,1.4708371e+08,0.0,125.0,125.0,125.0,0.0,0.0,125.0,0.0,147.08414,73.54207,0.0,0.0,0.0,125.0,109.0,93.0,18.475208,341.33334,17.0,0.0,0.0,186.0,2.0,250.0,2.0,2.0,2.0,186.0,250.0,0.0
0.0,1e-06,5e-07,0.0,0.0,60.0,1.0,1e+06,40.0,0.0,0.0,0.0,0.0,0.0,65535.0,0.0,60.0,60.0,60.0,0.0,60.0,60.0,0.0,0.0,0.0,39578.0,0.0,0.0,0.0,6e+07,1.0,0.0,0.0,0.0,0.0,1e+06,0.0,0.0,0.0,0.0,0.0,0.0,0.0,0.0,0.0,0.0,0.0,0.0,0.0,0.0,0.0,0.0,1e-06,5e-07,0.0,0.0,0.0,60.0,60.0,60.0,0.0,0.0,6.0,1.0,0.0,60.0,1.0,0.0,0.0,1.0,0.0,60.0,0.0,0.0
0.0,1e-06,5e-07,0.0,0.0,60.0,0.0,0.0,28.0,0.0,0.0,0.0,0.0,0.0,0.0,0.0,60.0,60.0,60.0,0.0,0.0,60.0,0.0,0.0,0.0,28384.0,0.0,0.0,0.0,6e+07,1.0,0.0,0.0,0.0,0.0,1e+06,0.0,0.0,0.0,0.0,0.0,0.0,0.0,0.0,0.0,0.0,0.0,0.0,0.0,0.0,0.0,0.0,1e-06,5e-07,0.0,0.0,0.0,60.0,60.0,60.0,0.0,0.0,17.0,0.0,0.0,60.0,1.0,0.0,0.0,1.0,0.0,60.0,0.0,0.0
13.0,0.926589,0.4632945,0.0,0.0,257.35715,8.0,1.0792271,320.0,908520.25,132369.86,0.0,316883.75,926589.0,65535.0,2.0,149.0,82.625,66.0,28.517265,661.0,82.625,0.0,0.0,0.22467709,59984.0,0.0,2.0,65535.0,3888.4553,926589.0,908097.0,71276.08,0.0,241586.06,15.1091795,6.0,1.0792271,240.0,908913.9,185234.22,49.114227,361856.56,926171.06,2.0,2341.0,490.33334,66.0,833.1172,2942.0,490.33334,0.0,0.926589,0.4632945,0.0,0.0,4.0,2341.0,257.35715,66.0,581.92596,338637.8,6.0,0.0,2.0,661.0,8.0,2942.0,6.0,8.0,6.0,661.0,2942.0,0.0
0.0,1e-06,5e-07,0.0,0.0,60.0,0.0,0.0,28.0,0.0,0.0,0.0,0.0,0.0,0.0,0.0,60.0,60.0,60.0,0.0,0.0,60.0,0.0,0.0,0.0,55343.0,0.0,0.0,0.0,6e+07,1.0,0.0,0.0,0.0,0.0,1e+06,0.0,0.0,0.0,0.0,0.0,0.0,0.0,0.0,0.0,0.0,0.0,0.0,0.0,0.0,0.0,0.0,1e-06,5e-07,0.0,0.0,0.0,60.0,60.0,60.0,0.0,0.0,17.0,0.0,0.0,60.0,1.0,0.0,0.0,1.0,0.0,60.0,0.0,0.0
1.0,0.00041103363,0.00020551682,0.0,0.0,67.0,0.0,0.0,40.0,0.0,0.0,0.0,0.0,0.0,65535.0,0.0,74.0,74.0,74.0,0.0,0.0,74.0,0.0,0.0,1.2333333,32961.0,0.0,0.0,65535.0,326007.38,411.0,411.03363,411.03363,411.03363,0.0,4865.7817,0.0,0.0,40.0,0.0,0.0,0.0,0.0,0.0,0.0,60.0,60.0,60.0,0.0,0.0,60.0,0.0,0.00041103363,0.00020551682,0.0,0.0,0.0,74.0,67.0,60.0,9.899495,98.0,6.0,1.0,1.0,74.0,1.0,60.0,1.0,1.0,1.0,74.0,60.0,0.0
0.0,1e-06,5e-07,0.0,0.0,60.0,0.0,0.0,28.0,0.0,0.0,0.0,0.0,0.0,0.0,0.0,60.0,60.0,60.0,0.0,0.0,60.0,0.0,0.0,0.0,39927.0,0.0,0.0,0.0,6e+07,1.0,0.0,0.0,0.0,0.0,1e+06,0.0,0.0,0.0,0.0,0.0,0.0,0.0,0.0,0.0,0.0,0.0,0.0,0.0,0.0,0.0,0.0,1e-06,5e-07,0.0,0.0,0.0,60.0,60.0,60.0,0.0,0.0,17.0,0.0,0.0,60.0,1.0,0.0,0.0,1.0,0.0,60.0,0.0,0.0
1.0,0.0008330345,0.00041651726,0.0,0.0,60.0,1.0,1200.4304,40.0,0.0,0.0,0.0,0.0,0.0,65535.0,0.0,60.0,60.0,60.0,0.0,60.0,60.0,0.0,0.0,1.0,1901.0,0.0,0.0,65535.0,144051.66,833.0,833.03455,833.03455,833.03455,0.0,2400.8608,1.0,1200.4304,40.0,0.0,0.0,0.0,0.0,0.0,0.0,60.0,60.0,60.0,0.0,60.0,60.0,0.0,0.0008330345,0.00041651726,0.0,0.0,0.0,60.0,60.0,60.0,0.0,0.0,6.0,1.0,1.0,60.0,1.0,60.0,1.0,1.0,1.0,60.0,60.0,0.0
0.0,1e-06,5e-07,0.0,0.0,60.0,0.0,0.0,28.0,0.0,0.0,0.0,0.0,0.0,0.0,0.0,60.0,60.0,60.0,0.0,0.0,60.0,0.0,0.0,0.0,4229.0,0.0,0.0,0.0,6e+07,1.0,0.0,0.0,0.0,0.0,1e+06,0.0,0.0,0.0,0.0,0.0,0.0,0.0,0.0,0.0,0.0,0.0,0.0,0.0,0.0,0.0,0.0,1e-06,5e-07,0.0,0.0,0.0,60.0,60.0,60.0,0.0,0.0,17.0,0.0,0.0,60.0,1.0,0.0,0.0,1.0,0.0,60.0,0.0,0.0
7.0,1.015461,0.5077305,0.0,0.0,72.125,1.5,1.9695488,120.0,1.005914e+06,507194.53,8475.065,498719.47,1.01438906e+06,65535.0,1.0,99.0,79.666664,66.0,14.055446,119.5,79.666664,0.0,0.0,0.7071006,22.0,0.0,2.0,65535.0,568.21484,1.01546e+06,1.004333e+06,145065.86,53.8826,350805.16,7.8781953,2.5,1.9695488,200.0,1.004333e+06,253865.23,1070.9763,433292.53,1.01546094e+06,0.0,74.0,67.6,66.0,3.2,169.0,67.6,0.0,1.015461,0.5077305,0.0,0.0,1.0,99.0,72.125,66.0,10.705577,114.609375,6.0,0.0,2.0,239.0,3.0,338.0,5.0,3.0,5.0,239.0,338.0,0.0
33.0,300.69403,150.34702,0.0,0.0,385.3889,6.0,0.00997692,720.0,1.689385e+08,1.768786e+07,0.0,4.8831524e+07,3.0069363e+08,65535.0,3.0,654.0,130.11111,66.0,152.60184,780.6667,130.11111,0.0,0.0,0.20308706,60446.0,0.0,6.0,65535.0,46.139927,3.00694e+08,1.689385e+08,8.591258e+06,0.0,3.516163e+07,0.11972304,6.0,0.00997692,720.0,1.6893888e+08,1.7687862e+07,0.0,4.8831564e+07,3.0069363e+08,6.0,2962.0,640.6667,66.0,1056.8322,3844.0,640.6667,0.0,300.69403,150.34702,0.0,0.0,9.0,2962.0,385.3889,66.0,797.03046,635257.5,6.0,0.0,6.0,2342.0,18.0,11532.0,18.0,18.0,18.0,2342.0,11532.0,0.0
9.0,0.0034110546,0.0017055273,0.0,0.0,168.3,6.0,293.16446,240.0,2242.0884,682.21094,0.0,803.55365,3411.0547,65535.0,1.0,246.0,97.333336,66.0,66.5499,584.0,97.333336,0.0,0.0,0.53139216,44195.0,0.0,2.0,65535.0,493395.78,3411.0,2242.0884,379.00607,0.0,670.1151,2931.6445,4.0,293.16446,160.0,2242.0884,1083.6919,361.9194,827.34076,3251.0757,1.0,893.0,274.75,66.0,356.96173,1099.0,274.75,0.0,0.0034110546,0.0017055273,0.0,0.0,2.0,893.0,168.3,66.0,247.34674,61180.41,6.0,0.0,2.0,584.0,6.0,1099.0,4.0,6.0,4.0,584.0,1099.0,0.0
1.0,0.0008940697,0.00044703484,0.0,0.0,60.0,1.0,1118.4811,40.0,0.0,0.0,0.0,0.0,0.0,65535.0,0.0,60.0,60.0,60.0,0.0,60.0,60.0,0.0,0.0,1.0,1453.0,0.0,0.0,65535.0,134217.73,894.0,894.0697,894.0697,894.0697,0.0,2236.9622,1.0,1118.4811,40.0,0.0,0.0,0.0,0.0,0.0,0.0,60.0,60.0,60.0,0.0,60.0,60.0,0.0,0.0008940697,0.00044703484,0.0,0.0,0.0,60.0,60.0,60.0,0.0,0.0,6.0,1.0,1.0,60.0,1.0,60.0,1.0,1.0,1.0,60.0,60.0,0.0
83.0,8712.664,4356.332,0.0,0.0,435.51086,5.111111,0.0010329791,1840.0,2.504327e+09,1.9361475e+08,0.0,5.8187366e+08,8.712664e+09,65535.0,9.0,411.0,130.41304,66.0,127.59201,666.55554,130.41304,0.0,0.0,0.176089,38706.0,0.0,18.0,65535.0,4.5987086,8.712664e+09,2.504327e+09,9.574356e+07,0.0,4.2047437e+08,0.010559343,5.111111,0.0010329791,1840.0,2.504327e+09,1.9361475e+08,57.935715,5.8187366e+08,8.712664e+09,10.0,3506.0,740.6087,66.0,1338.5397,3785.3333,740.6087,0.0,8712.664,4356.332,0.0,0.0,19.0,3506.0,435.51086,66.0,998.5333,997068.8,6.0,0.0,18.0,5999.0,46.0,34068.0,46.0,46.0,46.0,5999.0,34068.0,0.0
8.0,0.006864071,0.0034320354,0.0,0.0,70.25,7.0,145.68614,280.0,4245.9966,1144.0118,0.0,1581.8555,6864.071,65535.0,1.0,74.0,64.71429,60.0,4.8022103,453.0,64.71429,0.0,0.0,1.1615385,48510.0,0.0,2.0,65535.0,122813.414,6864.0,4245.9966,624.0065,0.0,1232.2881,1748.2336,5.0,145.68614,200.0,4714.012,1563.4894,0.0,1924.3447,6253.9575,2.0,95.0,78.0,66.0,11.949896,390.0,78.0,0.0,0.006864071,0.0034320354,0.0,0.0,3.0,95.0,70.25,60.0,10.763557,115.854164,6.0,3.0,2.0,453.0,7.0,390.0,5.0,7.0,5.0,453.0,390.0,0.0
1.0,1e-06,5e-07,0.0,0.0,58.0,0.0,0.0,0.0,0.0,0.0,0.0,0.0,0.0,0.0,0.0,0.0,0.0,0.0,0.0,0.0,0.0,0.0,0.0,0.0,17078.0,0.0,0.0,65535.0,5.8e+07,1.0,0.0,0.0,0.0,0.0,1e+06,0.0,0.0,40.0,0.0,0.0,0.0,0.0,0.0,0.0,58.0,58.0,58.0,0.0,0.0,58.0,0.0,1e-06,5e-07,0.0,0.0,0.0,58.0,58.0,58.0,0.0,0.0,6.0,0.0,1.0,0.0,0.0,58.0,1.0,0.0,1.0,0.0,58.0,0.0
19.0,151.12895,75.564476,0.0,0.0,84.95238,5.5,0.013233732,440.0,1.5101949e+08,1.5112892e+07,355.00525,4.5302204e+07,1.5112893e+08,65535.0,2.0,242.0,99.454544,66.0,67.26388,547.0,99.454544,0.0,0.0,1.5855073,35265.0,0.0,4.0,65535.0,11.804489,1.5112894e+08,1.5101947e+08,7.5564475e+06,1.1920929,3.2912678e+07,0.13895419,5.0,0.013233732,400.0,1.5101957e+08,1.6792102e+07,1.1920929,4.7456584e+07,1.5112893e+08,2.0,74.0,69.0,66.0,3.6878178,345.0,69.0,0.0,151.12895,75.564476,0.0,0.0,4.0,242.0,84.95238,66.0,51.066227,2607.7595,6.0,0.0,4.0,1094.0,11.0,690.0,10.0,11.0,10.0,1094.0,690.0,0.0
2.0,251.24551,125.62276,0.0,0.0,64.0,1.0,0.007960341,80.0,2.5124549e+08,2.5124549e+08,2.5124549e+08,0.0,2.5124549e+08,65535.0,0.0,74.0,74.0,74.0,0.0,74.0,74.0,0.0,0.0,1.3703704,43182.0,0.0,0.0,65535.0,1.0189236,2.512455e+08,2.5124544e+08,8.3748504e+07,25.03395,1.1843822e+08,0.015920682,1.0,0.007960341,80.0,2.5124547e+08,2.5124547e+08,2.5124547e+08,0.0,2.5124547e+08,0.0,54.0,54.0,54.0,0.0,54.0,54.0,0.0,251.24551,125.62276,0.0,0.0,0.0,74.0,64.0,54.0,10.0,100.0,6.0,2.0,2.0,148.0,2.0,108.0,2.0,2.0,2.0,148.0,108.0,0.0
31.0,10.5441475,5.2720737,0.0,0.0,74.333336,4.25,0.37935737,680.0,3.317231e+06,659008.44,597.0001,1.1952364e+06,1.0544135e+07,65535.0,7.0,81.0,71.35294,66.0,5.8202605,303.25,71.35294,0.0,0.0,0.9782258,45372.0,0.0,1.0,65535.0,232.64091,1.0544147e+07,3.275237e+06,329504.6,1.9073486,891870.4,3.1296985,4.0,0.37935737,640.0,3.275237e+06,702942.0,1.9073486,1.199062e+06,1.054413e+07,7.0,100.0,77.5,54.0,14.603082,310.0,77.5,0.0,10.5441475,5.2720737,0.0,0.0,14.0,100.0,74.333336,54.0,11.41415,130.28282,6.0,1.0,2.0,1213.0,17.0,1240.0,16.0,17.0,16.0,1213.0,1240.0,0.0
0.0,1e-06,5e-07,0.0,0.0,60.0,0.0,0.0,0.0,0.0,0.0,0.0,0.0,0.0,0.0,0.0,0.0,0.0,0.0,0.0,0.0,0.0,0.0,0.0,0.0,4662.0,0.0,0.0,65535.0,6e+07,1.0,0.0,0.0,0.0,0.0,1e+06,0.0,0.0,40.0,0.0,0.0,0.0,0.0,0.0,0.0,60.0,60.0,60.0,0.0,0.0,60.0,0.0,1e-06,5e-07,0.0,0.0,0.0,60.0,60.0,60.0,0.0,0.0,6.0,0.0,1.0,0.0,0.0,60.0,1.0,0.0,1.0,0.0,60.0,0.0
7.0,0.020328045,0.010164022,0.0,0.0,69.77778,3.0,49.193123,120.0,11790.037,9179.95,6569.8623,2610.0874,18359.9,65535.0,1.0,95.0,78.333336,66.0,12.229291,235.0,78.333336,0.0,0.0,0.5979644,110.0,0.0,0.0,65535.0,30893.281,20328.0,11665.105,2541.0056,23.126602,3939.559,442.7381,6.0,49.193123,240.0,11697.054,4065.609,108.95729,4345.5967,20328.045,1.0,74.0,65.5,54.0,5.8807597,393.0,65.5,0.0,0.020328045,0.010164022,0.0,0.0,2.0,95.0,69.77778,54.0,10.4645195,109.50617,6.0,2.0,2.0,235.0,3.0,393.0,6.0,3.0,6.0,235.0,393.0,0.0
9.0,0.0018298626,0.0009149313,0.0,0.0,124.6,4.0,546.48914,160.0,527.85876,396.01324,308.0368,94.95187,1188.0398,65535.0,1.0,503.0,177.25,66.0,188.1002,709.0,177.25,0.0,0.0,1.320298,80.0,0.0,2.0,65535.0,680925.44,1829.0,635.86237,203.31807,5.9604645,210.33119,5464.891,6.0,546.48914,240.0,687.8376,365.9725,12.159348,267.73584,1829.8625,1.0,199.0,89.5,66.0,49.05694,537.0,89.5,0.0,0.0018298626,0.0009149313,0.0,0.0,2.0,503.0,124.6,66.0,132.07816,17444.64,6.0,0.0,2.0,709.0,4.0,537.0,6.0,4.0,6.0,709.0,537.0,0.0
0.0,1e-06,5e-07,0.0,0.0,60.0,1.0,1e+06,40.0,0.0,0.0,0.0,0.0,0.0,65535.0,0.0,60.0,60.0,60.0,0.0,60.0,60.0,0.0,0.0,0.0,7217.0,0.0,0.0,0.0,6e+07,1.0,0.0,0.0,0.0,0.0,1e+06,0.0,0.0,0.0,0.0,0.0,0.0,0.0,0.0,0.0,0.0,0.0,0.0,0.0,0.0,0.0,0.0,1e-06,5e-07,0.0,0.0,0.0,60.0,60.0,60.0,0.0,0.0,6.0,1.0,0.0,60.0,1.0,0.0,0.0,1.0,0.0,60.0,0.0,0.0
18.0,1777.6681,888.83405,0.0,0.0,446.75,5.0,0.0011250695,400.0,1.7776637e+09,1.9751867e+08,0.0,5.5866566e+08,1.7776681e+09,65535.0,2.0,431.0,137.9,66.0,139.9646,689.5,137.9,0.0,0.0,0.18250397,55462.0,0.0,4.0,65535.0,5.0262475,1.7776681e+09,1.7776637e+09,9.356148e+07,0.0,3.969467e+08,0.011250694,5.0,0.0011250695,400.0,1.7776637e+09,1.9751867e+08,67.949295,5.5866566e+08,1.7776681e+09,2.0,3506.0,755.6,66.0,1375.2035,3778.0,755.6,0.0,1777.6681,888.83405,0.0,0.0,4.0,3506.0,446.75,66.0,1025.0735,1.0507758e+06,6.0,0.0,4.0,1379.0,10.0,7556.0,10.0,10.0,10.0,1379.0,7556.0,0.0
2.0,633.64996,316.82498,0.0,0.0,67.0,0.0,0.0,80.0,6.3364896e+08,6.3364896e+08,6.3364896e+08,0.0,6.3364896e+08,65535.0,0.0,74.0,74.0,74.0,0.0,0.0,74.0,0.0,0.0,1.2333333,41377.0,0.0,0.0,65535.0,0.42294645,6.336499e+08,6.3364896e+08,2.1121664e+08,0.0,3.6583712e+08,0.006312634,0.0,0.0,80.0,6.336499e+08,6.336499e+08,6.336499e+08,0.0,6.336499e+08,0.0,60.0,60.0,60.0,0.0,0.0,60.0,0.0,633.64996,316.82498,0.0,0.0,0.0,74.0,67.0,60.0,8.082904,65.333336,6.0,2.0,2.0,148.0,2.0,120.0,2.0,2.0,2.0,148.0,120.0,0.0
0.0,1e-06,5e-07,0.0,0.0,60.0,0.0,0.0,28.0,0.0,0.0,0.0,0.0,0.0,0.0,0.0,60.0,60.0,60.0,0.0,0.0,60.0,0.0,0.0,0.0,12856.0,0.0,0.0,0.0,6e+07,1.0,0.0,0.0,0.0,0.0,1e+06,0.0,0.0,0.0,0.0,0.0,0.0,0.0,0.0,0.0,0.0,0.0,0.0,0.0,0.0,0.0,0.0,1e-06,5e-07,0.0,0.0,0.0,60.0,60.0,60.0,0.0,0.0,17.0,0.0,0.0,60.0,1.0,0.0,0.0,1.0,0.0,60.0,0.0,0.0
1.0,0.0003581047,0.00017905235,0.0,0.0,60.0,0.0,0.0,40.0,0.0,0.0,0.0,0.0,0.0,65535.0,0.0,60.0,60.0,60.0,0.0,0.0,60.0,0.0,0.0,1.0,9917.0,0.0,0.0,65535.0,335097.53,358.0,358.1047,358.1047,358.1047,0.0,5584.9585,0.0,0.0,40.0,0.0,0.0,0.0,0.0,0.0,0.0,60.0,60.0,60.0,0.0,0.0,60.0,0.0,0.0003581047,0.00017905235,0.0,0.0,0.0,60.0,60.0,60.0,0.0,0.0,6.0,1.0,1.0,60.0,1.0,60.0,1.0,1.0,1.0,60.0,60.0,0.0
18.0,551.39154,275.69577,0.0,0.0,228.4,6.0,0.0036271866,480.0,5.5136416e+08,5.0126504e+07,41.96167,1.5850528e+08,5.5139155e+08,65535.0,2.0,288.0,103.666664,66.0,80.71693,622.0,103.666664,0.0,0.0,0.3742479,38865.0,0.0,4.0,65535.0,8.284494,5.5139155e+08,5.5136416e+08,2.9020606e+07,0.0,1.2311756e+08,0.036271866,4.0,0.0036271866,320.0,5.5136576e+08,7.8770104e+07,643.0149,1.9293637e+08,5.513907e+08,2.0,1681.0,415.5,66.0,611.18494,1662.0,415.5,0.0,551.39154,275.69577,0.0,0.0,4.0,1681.0,228.4,66.0,420.316,176665.55,6.0,0.0,4.0,1244.0,12.0,3324.0,8.0,12.0,8.0,1244.0,3324.0,0.0
9.0,0.008064985,0.0040324926,0.0,0.0,250.5,6.0,123.99279,240.0,4697.0845,1612.9971,149.96529,1596.2134,8064.9854,65535.0,1.0,280.0,103.0,66.0,79.210686,618.0,103.0,0.0,0.0,0.32750398,36665.0,0.0,2.0,65535.0,310601.94,8064.0,4019.022,896.1095,0.0,1139.1738,1239.9279,4.0,123.99279,160.0,4019.022,2359.3108,1295.0897,1189.0916,7077.932,1.0,1681.0,471.75,66.0,698.16846,1887.0,471.75,0.0,0.008064985,0.0040324926,0.0,0.0,2.0,1681.0,250.5,66.0,481.0142,231374.66,6.0,0.0,2.0,618.0,6.0,1887.0,4.0,6.0,4.0,618.0,1887.0,0.0
0.0,1e-06,5e-07,0.0,0.0,60.0,0.0,0.0,28.0,0.0,0.0,0.0,0.0,0.0,0.0,0.0,60.0,60.0,60.0,0.0,0.0,60.0,0.0,0.0,0.0,53278.0,0.0,0.0,0.0,6e+07,1.0,0.0,0.0,0.0,0.0,1e+06,0.0,0.0,0.0,0.0,0.0,0.0,0.0,0.0,0.0,0.0,0.0,0.0,0.0,0.0,0.0,0.0,1e-06,5e-07,0.0,0.0,0.0,60.0,60.0,60.0,0.0,0.0,17.0,0.0,0.0,60.0,1.0,0.0,0.0,1.0,0.0,60.0,0.0,0.0
0.0,1e-06,5e-07,0.0,0.0,60.0,0.0,0.0,28.0,0.0,0.0,0.0,0.0,0.0,0.0,0.0,60.0,60.0,60.0,0.0,0.0,60.0,0.0,0.0,0.0,33958.0,0.0,0.0,0.0,6e+07,1.0,0.0,0.0,0.0,0.0,1e+06,0.0,0.0,0.0,0.0,0.0,0.0,0.0,0.0,0.0,0.0,0.0,0.0,0.0,0.0,0.0,0.0,1e-06,5e-07,0.0,0.0,0.0,60.0,60.0,60.0,0.0,0.0,17.0,0.0,0.0,60.0,1.0,0.0,0.0,1.0,0.0,60.0,0.0,0.0
45.0,2238.8318,1119.4159,0.0,0.0,125.38,6.0,0.0022333076,1200.0,7.8060864e+08,7.7201096e+07,0.0,2.0044642e+08,2.2388319e+09,65535.0,5.0,322.0,99.13333,66.0,72.98892,594.8,99.13333,0.0,0.0,0.90257967,50100.0,0.0,10.0,65535.0,2.8001208,2.2388319e+09,7.8060864e+08,4.569045e+07,0.0,1.5880493e+08,0.022333074,4.0,0.0022333076,800.0,7.80609e+08,1.1783324e+08,271.0819,2.3777669e+08,2.2388316e+09,5.0,453.0,164.75,66.0,166.45326,659.0,164.75,0.0,2238.8318,1119.4159,0.0,0.0,10.0,453.0,125.38,66.0,123.74342,15312.436,6.0,0.0,10.0,2974.0,30.0,3295.0,20.0,30.0,20.0,2974.0,3295.0,0.0
1.0,1e-06,5e-07,0.0,0.0,54.0,0.0,0.0,0.0,0.0,0.0,0.0,0.0,0.0,0.0,0.0,0.0,0.0,0.0,0.0,0.0,0.0,0.0,0.0,0.0,43355.0,0.0,0.0,65535.0,5.4e+07,1.0,0.0,0.0,0.0,0.0,1e+06,0.0,0.0,40.0,0.0,0.0,0.0,0.0,0.0,0.0,54.0,54.0,54.0,0.0,0.0,54.0,0.0,1e-06,5e-07,0.0,0.0,0.0,54.0,54.0,54.0,0.0,0.0,6.0,1.0,0.0,0.0,0.0,54.0,1.0,0.0,1.0,0.0,54.0,0.0
11.0,0.002918005,0.0014590025,0.0,0.0,1007.25,7.0,342.6999,280.0,1295.0897,486.33417,0.0,414.81863,2918.005,65535.0,1.0,172.0,82.28571,66.0,36.72957,576.0,82.28571,0.0,0.0,0.050039094,13403.0,0.0,2.0,65535.0,4.1422135e+06,2918.0,1295.0897,265.2732,0.0,361.64603,4112.399,5.0,342.6999,200.0,1856.0886,645.2203,41.96167,713.1772,2580.881,2.0,7306.0,2302.2,66.0,2928.59,11511.0,2302.2,0.0,0.002918005,0.0014590025,0.0,0.0,3.0,7306.0,1007.25,66.0,2184.5295,4.7721695e+06,6.0,0.0,2.0,576.0,7.0,11511.0,5.0,7.0,5.0,576.0,11511.0,0.0
1.0,0.0005400181,0.00027000904,0.0,0.0,60.0,1.0,1851.7898,40.0,0.0,0.0,0.0,0.0,0.0,65535.0,0.0,60.0,60.0,60.0,0.0,60.0,60.0,0.0,0.0,1.0,34978.0,0.0,0.0,65535.0,222214.78,540.0,540.01807,540.01807,540.01807,0.0,3703.5796,1.0,1851.7898,40.0,0.0,0.0,0.0,0.0,0.0,0.0,60.0,60.0,60.0,0.0,60.0,60.0,0.0,0.0005400181,0.00027000904,0.0,0.0,0.0,60.0,60.0,60.0,0.0,0.0,6.0,1.0,1.0,60.0,1.0,60.0,1.0,1.0,1.0,60.0,60.0,0.0
0.0,35.72805,17.864025,0.0,0.0,60.0,0.0,0.0,0.0,0.0,0.0,0.0,0.0,0.0,0.0,0.0,0.0,0.0,0.0,0.0,0.0,0.0,0.0,0.0,0.0,80.0,0.0,0.0,65535.0,3.3587055,3.572805e+07,3.572805e+07,3.572805e+07,3.572805e+07,0.0,0.055978425,0.0,0.0,80.0,3.572805e+07,3.572805e+07,3.572805e+07,0.0,3.572805e+07,0.0,60.0,60.0,60.0,0.0,0.0,60.0,0.0,35.72805,17.864025,0.0,0.0,0.0,60.0,60.0,60.0,0.0,0.0,6.0,0.0,2.0,0.0,0.0,120.0,2.0,0.0,2.0,0.0,120.0,0.0
15.0,0.5931611,0.29658055,0.0,0.0,962.625,9.0,1.6858826,360.0,586617.0,74145.14,0.0,193698.27,593161.1,65535.0,1.0,3223.0,417.66666,66.0,991.83826,3759.0,417.66666,0.0,0.0,0.32285494,54624.0,0.0,2.0,65535.0,25965.965,593161.0,586617.0,39544.074,0.0,146213.2,26.974121,7.0,1.6858826,280.0,587814.06,98805.19,0.0,218695.11,592831.1,4.0,2962.0,1663.2858,66.0,1387.5201,11643.0,1663.2858,0.0,0.5931611,0.29658055,0.0,0.0,5.0,3223.0,962.625,66.0,1333.2167,1.7774668e+06,6.0,0.0,2.0,3759.0,9.0,11643.0,7.0,9.0,7.0,3759.0,11643.0,0.0
26.0,5.556244,2.778122,0.0,0.0,184.66667,4.3333335,0.5399331,520.0,2.74844e+06,463020.3,194.07272,1.0212784e+06,5.556244e+06,65535.0,8.0,1042.0,170.46153,66.0,253.47815,738.6667,170.46153,0.0,0.0,0.8,45602.0,0.0,2.0,65535.0,897.36884,5.556243e+06,2.747036e+06,213701.69,5.00679,724586.25,4.859398,4.6666665,0.5399331,560.0,2.747036e+06,427357.38,182.1518,979163.94,5.555646e+06,7.0,1146.0,197.85715,66.0,292.00046,923.3333,197.85715,0.0,5.556244,2.778122,0.0,0.0,15.0,1146.0,184.66667,66.0,274.4708,75334.22,6.0,0.0,2.0,2216.0,13.0,2770.0,14.0,13.0,14.0,2216.0,2770.0,0.0
1.0,0.00076007843,0.00038003922,0.0,0.0,67.0,1.0,1315.6537,40.0,0.0,0.0,0.0,0.0,0.0,65535.0,0.0,74.0,74.0,74.0,0.0,74.0,74.0,0.0,0.0,1.2333333,37217.0,0.0,0.0,65535.0,176297.6,760.0,760.0784,760.0784,760.0784,0.0,2631.3074,1.0,1315.6537,40.0,0.0,0.0,0.0,0.0,0.0,0.0,60.0,60.0,60.0,0.0,60.0,60.0,0.0,0.00076007843,0.00038003922,0.0,0.0,0.0,74.0,67.0,60.0,7.0,49.0,6.0,1.0,1.0,74.0,1.0,60.0,1.0,1.0,1.0,74.0,60.0,0.0
5.0,52.721,26.3605,0.0,0.0,58.0,0.0,0.0,0.0,0.0,0.0,0.0,0.0,0.0,0.0,0.0,0.0,0.0,0.0,0.0,0.0,0.0,0.0,0.0,0.0,46262.0,0.0,0.0,65535.0,5.500654,5.2721e+07,2.5118288e+07,1.318025e+07,2.088352e+06,9.466575e+06,0.094838865,0.0,0.0,200.0,2.5118288e+07,1.318025e+07,2.088352e+06,9.466575e+06,5.2721e+07,0.0,58.0,58.0,58.0,0.0,0.0,58.0,0.0,52.721,26.3605,0.0,0.0,0.0,58.0,58.0,58.0,0.0,0.0,6.0,0.0,5.0,0.0,0.0,290.0,5.0,0.0,5.0,0.0,290.0,0.0
11.0,0.0070819855,0.0035409927,0.0,0.0,1217.1666,7.0,141.20334,280.0,3164.053,1180.3309,0.0,1061.1061,7081.9854,65535.0,1.0,2691.0,442.14285,66.0,918.09625,3095.0,442.14285,0.0,0.0,0.26887324,34598.0,0.0,2.0,65535.0,2.062416e+06,7081.0,1868.0095,643.81683,0.0,523.04266,1694.4401,5.0,141.20334,200.0,3497.8389,1550.734,0.0,1300.7065,6202.936,2.0,7306.0,2302.2,66.0,2928.59,11511.0,2302.2,0.0,0.0070819855,0.0035409927,0.0,0.0,3.0,7306.0,1217.1666,66.0,2214.9985,4.906219e+06,6.0,0.0,2.0,3095.0,7.0,11511.0,5.0,7.0,5.0,3095.0,11511.0,0.0
1.0,1e-06,5e-07,0.0,0.0,54.0,0.0,0.0,0.0,0.0,0.0,0.0,0.0,0.0,0.0,0.0,0.0,0.0,0.0,0.0,0.0,0.0,0.0,0.0,0.0,64639.0,0.0,0.0,65535.0,5.4e+07,1.0,0.0,0.0,0.0,0.0,1e+06,0.0,0.0,40.0,0.0,0.0,0.0,0.0,0.0,0.0,54.0,54.0,54.0,0.0,0.0,54.0,0.0,1e-06,5e-07,0.0,0.0,0.0,54.0,54.0,54.0,0.0,0.0,6.0,1.0,0.0,0.0,0.0,54.0,1.0,0.0,1.0,0.0,54.0,0.0
9.0,0.0019860268,0.0009930134,0.0,0.0,120.8,6.0,503.51788,240.0,869.0357,397.20535,0.0,315.10196,1986.0267,65535.0,1.0,211.0,91.5,66.0,53.5218,549.0,91.5,0.0,0.0,0.8330804,56978.0,0.0,2.0,65535.0,608249.6,1986.0,527.85876,220.66965,0.0,170.91496,5035.1787,4.0,503.51788,160.0,921.96466,602.6427,358.1047,236.19058,1807.9281,1.0,453.0,164.75,66.0,166.45326,659.0,164.75,0.0,0.0019860268,0.0009930134,0.0,0.0,2.0,453.0,120.8,66.0,118.69777,14089.16,6.0,0.0,2.0,549.0,6.0,659.0,4.0,6.0,4.0,549.0,659.0,0.0
1.0,0.00015306473,7.6532364e-05,0.0,0.0,67.0,1.0,6533.1836,40.0,0.0,0.0,0.0,0.0,0.0,65535.0,0.0,74.0,74.0,74.0,0.0,74.0,74.0,0.0,0.0,1.2333333,38493.0,0.0,0.0,65535.0,875446.6,153.0,153.06473,153.06473,153.06473,0.0,13066.367,1.0,6533.1836,40.0,0.0,0.0,0.0,0.0,0.0,0.0,60.0,60.0,60.0,0.0,60.0,60.0,0.0,0.00015306473,7.6532364e-05,0.0,0.0,0.0,74.0,67.0,60.0,7.0,49.0,6.0,1.0,1.0,74.0,1.0,60.0,1.0,1.0,1.0,74.0,60.0,0.0
1.0,0.0005631447,0.00028157234,0.0,0.0,60.0,1.0,1775.7426,40.0,0.0,0.0,0.0,0.0,0.0,65535.0,0.0,60.0,60.0,60.0,0.0,60.0,60.0,0.0,0.0,1.0,1767.0,0.0,0.0,65535.0,213089.11,563.0,563.14465,563.14465,563.14465,0.0,3551.485,1.0,1775.7426,40.0,0.0,0.0,0.0,0.0,0.0,0.0,60.0,60.0,60.0,0.0,60.0,60.0,0.0,0.0005631447,0.00028157234,0.0,0.0,0.0,60.0,60.0,60.0,0.0,0.0,6.0,1.0,1.0,60.0,1.0,60.0,1.0,1.0,1.0,60.0,60.0,0.0
44.0,3218.2288,1609.1144,0.0,0.0,80.17391,12.0,0.00062145985,960.0,3.218184e+09,1.3992298e+08,0.0,6.562875e+08,3.2182285e+09,65535.0,16.0,117.0,85.333336,66.0,15.595583,1024.0,85.333336,0.0,0.0,1.2487805,21.0,0.0,4.0,65535.0,1.145972,3.2182287e+09,3.2181834e+09,7.151619e+07,0.0,4.7437792e+08,0.014293577,11.0,0.00062145985,880.0,3.218184e+09,1.5324894e+08,72.00241,6.853403e+08,3.218228e+09,12.0,94.0,74.545456,66.0,9.461535,820.0,74.545456,0.0,3218.2288,1609.1144,0.0,0.0,28.0,117.0,80.17391,66.0,14.097956,198.75237,6.0,0.0,4.0,2048.0,24.0,1640.0,22.0,24.0,22.0,2048.0,1640.0,0.0
0.0,1e-06,5e-07,0.0,0.0,60.0,0.0,0.0,28.0,0.0,0.0,0.0,0.0,0.0,0.0,0.0,60.0,60.0,60.0,0.0,0.0,60.0,0.0,0.0,0.0,1028.0,0.0,0.0,0.0,6e+07,1.0,0.0,0.0,0.0,0.0,1e+06,0.0,0.0,0.0,0.0,0.0,0.0,0.0,0.0,0.0,0.0,0.0,0.0,0.0,0.0,0.0,0.0,1e-06,5e-07,0.0,0.0,0.0,60.0,60.0,60.0,0.0,0.0,17.0,0.0,0.0,60.0,1.0,0.0,0.0,1.0,0.0,60.0,0.0,0.0
54.0,7895.6357,3947.8179,0.0,0.0,201.60345,5.8333335,0.00075991347,1400.0,4.5404846e+09,2.3222458e+08,0.0,9.390377e+08,7.8956355e+09,65535.0,11.0,834.0,138.14285,66.0,183.49513,805.8333,138.14285,0.0,0.0,0.705016,43042.0,0.0,5.0,65535.0,1.4809448,7.8956355e+09,4.5404846e+09,1.3851992e+08,0.0,7.3413965e+08,0.0073458306,3.8333333,0.00075991347,920.0,4.5404846e+09,3.588925e+08,0.0,1.1477409e+09,7.895635e+09,13.0,1170.0,298.17392,60.0,401.7708,1143.0,298.17392,0.0,7895.6357,3947.8179,0.0,0.0,24.0,1170.0,201.60345,60.0,300.76254,90458.1,6.0,1.0,6.0,4835.0,35.0,6858.0,23.0,35.0,23.0,4835.0,6858.0,0.0
33.0,1963.936,981.968,0.0,0.0,409.08334,7.0,0.0015275447,840.0,1.2725221e+09,9.81968e+07,0.0,3.0858163e+08,1.963936e+09,65535.0,3.0,154.0,79.333336,66.0,29.53341,555.3333,79.333336,0.0,0.0,0.12755531,48486.0,0.0,6.0,65535.0,7.498717,1.963936e+09,1.2725221e+09,5.6112456e+07,0.0,2.3827376e+08,0.018330537,5.0,0.0015275447,600.0,1.2725228e+09,1.402811e+08,139.9517,3.607338e+08,1.9639355e+09,6.0,2962.0,870.73334,66.0,1211.1666,4353.6665,870.73334,0.0,1963.936,981.968,0.0,0.0,9.0,2962.0,409.08334,66.0,874.046,763956.44,6.0,0.0,6.0,1666.0,21.0,13061.0,15.0,21.0,15.0,1666.0,13061.0,0.0
0.0,12.153944,6.076972,0.0,0.0,60.0,0.0,0.0,0.0,0.0,0.0,0.0,0.0,0.0,0.0,0.0,0.0,0.0,0.0,0.0,0.0,0.0,0.0,0.0,0.0,80.0,0.0,0.0,65535.0,19.746675,1.2153944e+07,9.326918e+06,4.0513148e+06,1.1920929,4.782469e+06,0.32911128,0.0,0.0,160.0,9.326918e+06,4.0513148e+06,1.1920929,4.782469e+06,1.2153944e+07,0.0,60.0,60.0,60.0,0.0,0.0,60.0,0.0,12.153944,6.076972,0.0,0.0,0.0,60.0,60.0,60.0,0.0,0.0,6.0,0.0,4.0,0.0,0.0,240.0,4.0,0.0,4.0,0.0,240.0,0.0
0.0,1e-06,5e-07,0.0,0.0,60.0,0.0,0.0,28.0,0.0,0.0,0.0,0.0,0.0,0.0,0.0,60.0,60.0,60.0,0.0,0.0,60.0,0.0,0.0,0.0,53352.0,0.0,0.0,0.0,6e+07,1.0,0.0,0.0,0.0,0.0,1e+06,0.0,0.0,0.0,0.0,0.0,0.0,0.0,0.0,0.0,0.0,0.0,0.0,0.0,0.0,0.0,0.0,1e-06,5e-07,0.0,0.0,0.0,60.0,60.0,60.0,0.0,0.0,17.0,0.0,0.0,60.0,1.0,0.0,0.0,1.0,0.0,60.0,0.0,0.0
0.0,0.00051903725,0.00025951862,0.0,0.0,117.0,1.0,1926.644,28.0,0.0,0.0,0.0,0.0,0.0,0.0,0.0,101.0,101.0,101.0,0.0,101.0,101.0,0.0,0.0,0.7593985,49780.0,0.0,0.0,0.0,450834.7,519.0,519.03723,519.03723,519.03723,0.0,3853.288,1.0,1926.644,28.0,0.0,0.0,0.0,0.0,0.0,0.0,133.0,133.0,133.0,0.0,133.0,133.0,0.0,0.00051903725,0.00025951862,0.0,0.0,0.0,133.0,117.0,101.0,16.0,256.0,17.0,0.0,0.0,101.0,1.0,133.0,1.0,1.0,1.0,101.0,133.0,0.0
0.0,1e-06,5e-07,0.0,0.0,60.0,0.0,0.0,28.0,0.0,0.0,0.0,0.0,0.0,0.0,0.0,60.0,60.0,60.0,0.0,0.0,60.0,0.0,0.0,0.0,59679.0,0.0,0.0,0.0,6e+07,1.0,0.0,0.0,0.0,0.0,1e+06,0.0,0.0,0.0,0.0,0.0,0.0,0.0,0.0,0.0,0.0,0.0,0.0,0.0,0.0,0.0,0.0,1e-06,5e-07,0.0,0.0,0.0,60.0,60.0,60.0,0.0,0.0,17.0,0.0,0.0,60.0,1.0,0.0,0.0,1.0,0.0,60.0,0.0,0.0
0.0,1e-06,5e-07,0.0,0.0,60.0,0.0,0.0,28.0,0.0,0.0,0.0,0.0,0.0,0.0,0.0,60.0,60.0,60.0,0.0,0.0,60.0,0.0,0.0,0.0,16193.0,0.0,0.0,0.0,6e+07,1.0,0.0,0.0,0.0,0.0,1e+06,0.0,0.0,0.0,0.0,0.0,0.0,0.0,0.0,0.0,0.0,0.0,0.0,0.0,0.0,0.0,0.0,1e-06,5e-07,0.0,0.0,0.0,60.0,60.0,60.0,0.0,0.0,17.0,0.0,0.0,60.0,1.0,0.0,0.0,1.0,0.0,60.0,0.0,0.0
18.0,288.5838,144.2919,0.0,0.0,112.6,0.0,400.0,0.0,2.885761e+08,3.2064862e+07,0.0,9.6191704e+07,2.8858374e+08,65535.0,2.0,341.0,115.3,66.0,101.24344,0.0,115.3,0.0,0.0,1.0491356,42932.0,0.0,4.0,65535.0,7.803626,2.8858378e+08,2.8857603e+08,1.5188621e+07,0.0,6.6203784e+07,0.06930396,0.0,400.0,0.0,2.8857606e+08,3.2064864e+07,52.928925,9.61917e+07,2.8858378e+08,2.0,300.0,109.9,66.0,89.0274,0.0,109.9,0.0,288.5838,144.2919,0.0,0.0,4.0,341.0,112.6,66.0,92.83001,8617.41,6.0,0.0,4.0,1153.0,10.0,1099.0,10.0,10.0,10.0,1153.0,1099.0,0.0
209.0,1.2990899,0.64954495,0.0,0.0,335.81906,0.0,4200.0,0.0,19029.14,12490.837,267.98248,2878.6794,1.299047e+06,65535.0,101.0,200.0,185.02856,66.0,23.652311,0.0,185.02856,0.0,0.0,0.38024035,34206.0,0.0,2.0,65535.0,54285.695,1.299089e+06,18757.105,6215.741,11.920929,6169.43,161.65163,0.0,4200.0,0.0,18836.021,12491.02,58.88939,2929.5034,1.2990661e+06,101.0,522.0,486.60953,66.0,83.72925,0.0,486.60953,0.0,1.2990899,0.64954495,0.0,0.0,202.0,522.0,335.81906,66.0,163.13632,26613.459,6.0,0.0,2.0,19428.0,105.0,51094.0,105.0,105.0,105.0,19428.0,51094.0,0.0
45.0,9765.361,4882.6807,0.0,0.0,143.92308,4.8333335,0.0006144166,1160.0,6.3397847e+09,3.487629e+08,155.92575,1.27082e+09,9.765362e+09,65535.0,8.0,834.0,112.206894,66.0,146.20236,542.3333,112.206894,0.0,0.0,0.76926714,39742.0,0.0,4.0,65535.0,0.7663823,9.765362e+09,6.3397847e+09,1.9147768e+08,5.9604645,9.5748326e+08,0.005324944,3.8333333,0.0006144166,920.0,6.3397847e+09,4.4388006e+08,35.04753,1.4188773e+09,9.765362e+09,9.0,1170.0,183.91304,54.0,306.32718,705.0,183.91304,0.0,9765.361,4882.6807,0.0,0.0,17.0,1170.0,143.92308,54.0,233.86665,54693.61,6.0,4.0,8.0,3254.0,29.0,4230.0,23.0,29.0,23.0,3254.0,4230.0,0.0
11.0,0.014491081,0.0072455406,0.0,0.0,186.91667,7.0,69.007965,280.0,10362.148,2415.1802,0.0,3644.6328,14491.081,65535.0,1.0,1427.0,261.57144,66.0,475.79224,1831.0,261.57144,0.0,0.0,4.444175,40807.0,0.0,2.0,65535.0,154784.86,14491.0,8890.152,1317.371,0.0,2499.3208,828.0956,5.0,69.007965,200.0,8890.152,3502.7266,154.97208,3284.9028,14010.906,2.0,106.0,82.4,66.0,17.17673,412.0,82.4,0.0,0.014491081,0.0072455406,0.0,0.0,3.0,1427.0,186.91667,66.0,374.13846,139979.58,6.0,0.0,2.0,1831.0,7.0,412.0,5.0,7.0,5.0,1831.0,412.0,0.0
9.0,0.01030612,0.00515306,0.0,0.0,249.9,6.0,97.029724,240.0,6112.0986,2061.2239,161.88622,2309.1084,10306.12,65535.0,1.0,274.0,102.0,66.0,76.97619,612.0,102.0,0.0,0.0,0.3243243,40439.0,0.0,2.0,65535.0,242477.28,10306.0,5332.947,1145.1244,12.159348,1588.2053,970.29724,4.0,97.029724,160.0,5332.947,2829.7107,528.09717,1966.7458,8489.132,1.0,1681.0,471.75,66.0,698.16846,1887.0,471.75,0.0,0.01030612,0.00515306,0.0,0.0,2.0,1681.0,249.9,66.0,480.98074,231342.48,6.0,0.0,2.0,612.0,6.0,1887.0,4.0,6.0,4.0,612.0,1887.0,0.0
1.0,4.3153763e-05,2.1576881e-05,0.0,0.0,57.0,0.0,0.0,40.0,0.0,0.0,0.0,0.0,0.0,65535.0,0.0,60.0,60.0,60.0,0.0,0.0,60.0,0.0,0.0,1.1111112,42062.0,0.0,0.0,65535.0,2.6417162e+06,43.0,43.153763,43.153763,43.153763,0.0,46345.902,0.0,0.0,40.0,0.0,0.0,0.0,0.0,0.0,0.0,54.0,54.0,54.0,0.0,0.0,54.0,0.0,4.3153763e-05,2.1576881e-05,0.0,0.0,0.0,60.0,57.0,54.0,4.2426405,18.0,6.0,1.0,1.0,60.0,1.0,54.0,1.0,1.0,1.0,60.0,54.0,0.0
7.0,1.014452,0.507226,0.0,0.0,72.125,1.5,1.9715078,120.0,1.00614594e+06,506994.0,7842.064,499151.94,1.013988e+06,65535.0,1.0,99.0,79.666664,66.0,14.055446,119.5,79.666664,0.0,0.0,0.7071006,22.0,0.0,2.0,65535.0,568.78,1.014451e+06,1.0042498e+06,144921.72,0.0,350828.2,7.886031,2.5,1.9715078,200.0,1.0042498e+06,253613.0,726.93823,433388.12,1.014452e+06,0.0,74.0,67.6,66.0,3.2,169.0,67.6,0.0,1.014452,0.507226,0.0,0.0,1.0,99.0,72.125,66.0,10.705577,114.609375,6.0,0.0,2.0,239.0,3.0,338.0,5.0,3.0,5.0,239.0,338.0,0.0
1.0,1e-06,5e-07,0.0,0.0,113.0,1.0,1e+06,40.0,0.0,0.0,0.0,0.0,0.0,65535.0,1.0,113.0,113.0,113.0,0.0,113.0,113.0,0.0,0.0,0.0,8080.0,0.0,0.0,0.0,1.13e+08,1.0,0.0,0.0,0.0,0.0,1e+06,0.0,0.0,0.0,0.0,0.0,0.0,0.0,0.0,0.0,0.0,0.0,0.0,0.0,0.0,0.0,0.0,1e-06,5e-07,0.0,0.0,1.0,113.0,113.0,113.0,0.0,0.0,6.0,0.0,0.0,113.0,1.0,0.0,0.0,1.0,0.0,113.0,0.0,0.0
0.0,1e-06,5e-07,0.0,0.0,60.0,0.0,0.0,28.0,0.0,0.0,0.0,0.0,0.0,0.0,0.0,60.0,60.0,60.0,0.0,0.0,60.0,0.0,0.0,0.0,7706.0,0.0,0.0,0.0,6e+07,1.0,0.0,0.0,0.0,0.0,1e+06,0.0,0.0,0.0,0.0,0.0,0.0,0.0,0.0,0.0,0.0,0.0,0.0,0.0,0.0,0.0,0.0,1e-06,5e-07,0.0,0.0,0.0,60.0,60.0,60.0,0.0,0.0,17.0,0.0,0.0,60.0,1.0,0.0,0.0,1.0,0.0,60.0,0.0,0.0
90.0,2310.9785,1155.4893,0.0,0.0,119.8,5.8,0.0043271715,2320.0,4.706108e+08,4.054348e+07,0.0,1.13943096e+08,2.3109783e+09,65535.0,10.0,315.0,102.37931,66.0,77.19899,593.8,102.37931,0.0,0.0,0.98278713,39348.0,0.0,20.0,65535.0,5.1839514,2.3109783e+09,4.706108e+08,2.3343216e+07,0.0,8.8750136e+07,0.043271717,4.2,0.0043271715,1680.0,4.7061117e+08,5.636532e+07,133.03757,1.3098786e+08,2.310978e+09,10.0,453.0,143.85715,66.0,150.2868,604.2,143.85715,0.0,2310.9785,1155.4893,0.0,0.0,20.0,453.0,119.8,66.0,115.5936,13361.88,6.0,0.0,20.0,5938.0,58.0,6042.0,42.0,58.0,42.0,5938.0,6042.0,0.0
0.0,22.775034,11.387517,0.0,0.0,60.0,0.0,0.0,0.0,0.0,0.0,0.0,0.0,0.0,0.0,0.0,0.0,0.0,0.0,0.0,0.0,0.0,0.0,0.0,0.0,80.0,0.0,0.0,65535.0,7.903391,2.2775032e+07,1.4486994e+07,1.1387517e+07,8.28804e+06,4.3833225e+06,0.13172318,0.0,0.0,120.0,1.4486994e+07,1.1387517e+07,8.28804e+06,4.3833225e+06,2.2775034e+07,0.0,60.0,60.0,60.0,0.0,0.0,60.0,0.0,22.775034,11.387517,0.0,0.0,0.0,60.0,60.0,60.0,0.0,0.0,6.0,0.0,3.0,0.0,0.0,180.0,3.0,0.0,3.0,0.0,180.0,0.0
0.0,0.00062799454,0.00031399727,0.0,0.0,141.0,1.0,1592.3705,28.0,0.0,0.0,0.0,0.0,0.0,0.0,0.0,108.0,108.0,108.0,0.0,108.0,108.0,0.0,0.0,0.62068963,48835.0,0.0,0.0,0.0,449048.5,627.0,627.9945,627.9945,627.9945,0.0,3184.741,1.0,1592.3705,28.0,0.0,0.0,0.0,0.0,0.0,0.0,174.0,174.0,174.0,0.0,174.0,174.0,0.0,0.00062799454,0.00031399727,0.0,0.0,0.0,174.0,141.0,108.0,33.0,1089.0,17.0,0.0,0.0,108.0,1.0,174.0,1.0,1.0,1.0,108.0,174.0,0.0
0.0,1e-06,5e-07,0.0,0.0,60.0,0.0,0.0,28.0,0.0,0.0,0.0,0.0,0.0,0.0,0.0,60.0,60.0,60.0,0.0,0.0,60.0,0.0,0.0,0.0,4427.0,0.0,0.0,0.0,6e+07,1.0,0.0,0.0,0.0,0.0,1e+06,0.0,0.0,0.0,0.0,0.0,0.0,0.0,0.0,0.0,0.0,0.0,0.0,0.0,0.0,0.0,0.0,1e-06,5e-07,0.0,0.0,0.0,60.0,60.0,60.0,0.0,0.0,17.0,0.0,0.0,60.0,1.0,0.0,0.0,1.0,0.0,60.0,0.0,0.0
63.0,2092.45,1046.225,0.0,0.0,126.08572,6.0,0.003345361,1680.0,8.7027206e+08,5.1035364e+07,0.0,1.7217451e+08,2.0924499e+09,65535.0,7.0,318.0,100.309525,66.0,75.81164,601.8571,100.309525,0.0,0.0,0.91328853,36958.0,0.0,14.0,65535.0,4.2180223,2.0924499e+09,8.7027206e+08,3.032536e+07,0.0,1.3506526e+08,0.03345361,4.0,0.003345361,1120.0,8.7027245e+08,7.7498136e+07,1.1920929,2.0727834e+08,2.0924497e+09,7.0,453.0,164.75,66.0,166.45326,659.0,164.75,0.0,2092.45,1046.225,0.0,0.0,14.0,453.0,126.08572,66.0,124.61034,15527.735,6.0,0.0,14.0,4213.0,42.0,4613.0,28.0,42.0,28.0,4213.0,4613.0,0.0
27.0,1169.1359,584.56793,0.0,0.0,132.8,4.0,0.0025659977,480.0,1.0837974e+09,1.06284984e+08,406.98053,3.1007853e+08,1.1691348e+09,65535.0,3.0,503.0,177.25,66.0,188.1002,709.0,177.25,0.0,0.0,1.1453958,80.0,0.0,6.0,65535.0,3.407645,1.1691359e+09,1.0837953e+09,4.0315028e+07,7.1525574,1.9781208e+08,0.025659978,6.0,0.0025659977,720.0,1.0837953e+09,6.8772696e+07,72.00241,2.545455e+08,1.1691359e+09,3.0,307.0,103.166664,66.0,79.93626,619.0,103.166664,0.0,1169.1359,584.56793,0.0,0.0,6.0,503.0,132.8,66.0,138.93797,19303.76,6.0,0.0,6.0,2127.0,12.0,1857.0,18.0,12.0,18.0,2127.0,1857.0,0.0
0.0,1e-06,5e-07,0.0,0.0,94.0,0.0,0.0,28.0,0.0,0.0,0.0,0.0,0.0,0.0,0.0,94.0,94.0,94.0,0.0,0.0,94.0,0.0,0.0,0.0,33919.0,0.0,0.0,0.0,9.4e+07,1.0,0.0,0.0,0.0,0.0,1e+06,0.0,0.0,0.0,0.0,0.0,0.0,0.0,0.0,0.0,0.0,0.0,0.0,0.0,0.0,0.0,0.0,1e-06,5e-07,0.0,0.0,0.0,94.0,94.0,94.0,0.0,0.0,17.0,0.0,0.0,94.0,1.0,0.0,0.0,1.0,0.0,94.0,0.0,0.0
36.0,1314.1278,657.0639,0.0,0.0,124.2,6.0,0.003043844,960.0,7.944167e+08,5.713599e+07,0.0,1.8291968e+08,1.3141279e+09,65535.0,4.0,268.0,97.166664,66.0,66.75869,583.0,97.166664,0.0,0.0,0.8846738,41482.0,0.0,8.0,65535.0,3.7804542,1.3141279e+09,7.944167e+08,3.3695584e+07,0.0,1.4325651e+08,0.03043844,4.0,0.003043844,640.0,7.9441805e+08,8.760849e+07,370.02563,2.2053402e+08,1.3141274e+09,4.0,453.0,164.75,66.0,166.45326,659.0,164.75,0.0,1314.1278,657.0639,0.0,0.0,8.0,453.0,124.2,66.0,121.87251,14852.91,6.0,0.0,8.0,2332.0,24.0,2636.0,16.0,24.0,16.0,2332.0,2636.0,0.0
72.0,2189.061,1094.5305,0.0,0.0,124.5375,6.0,0.003654535,1920.0,1.0679815e+09,4.657577e+07,0.0,1.657527e+08,2.189061e+09,65535.0,8.0,301.0,97.729164,66.0,68.97334,586.375,97.729164,0.0,0.0,0.8897951,40380.0,0.0,16.0,65535.0,4.551266,2.189061e+09,1.0679815e+09,2.7709634e+07,0.0,1.29877016e+08,0.036545347,4.0,0.003654535,1280.0,1.06798195e+09,7.0614856e+07,219.10667,1.9989154e+08,2.1890606e+09,8.0,453.0,164.75,66.0,166.45326,659.0,164.75,0.0,2189.061,1094.5305,0.0,0.0,16.0,453.0,124.5375,66.0,122.53611,15015.099,6.0,0.0,16.0,4691.0,48.0,5272.0,32.0,48.0,32.0,4691.0,5272.0,0.0
0.0,1e-06,5e-07,0.0,0.0,60.0,1.0,1e+06,40.0,0.0,0.0,0.0,0.0,0.0,65535.0,0.0,60.0,60.0,60.0,0.0,60.0,60.0,0.0,0.0,0.0,16148.0,0.0,0.0,0.0,6e+07,1.0,0.0,0.0,0.0,0.0,1e+06,0.0,0.0,0.0,0.0,0.0,0.0,0.0,0.0,0.0,0.0,0.0,0.0,0.0,0.0,0.0,0.0,1e-06,5e-07,0.0,0.0,0.0,60.0,60.0,60.0,0.0,0.0,6.0,1.0,0.0,60.0,1.0,0.0,0.0,1.0,0.0,60.0,0.0,0.0
1.0,4.386902e-05,2.193451e-05,0.0,0.0,64.0,1.0,22795.13,40.0,0.0,0.0,0.0,0.0,0.0,65535.0,0.0,74.0,74.0,74.0,0.0,74.0,74.0,0.0,0.0,1.3703704,36893.0,0.0,0.0,65535.0,2.9177768e+06,43.0,43.86902,43.86902,43.86902,0.0,45590.26,1.0,22795.13,40.0,0.0,0.0,0.0,0.0,0.0,0.0,54.0,54.0,54.0,0.0,54.0,54.0,0.0,4.386902e-05,2.193451e-05,0.0,0.0,0.0,74.0,64.0,54.0,10.0,100.0,6.0,1.0,1.0,74.0,1.0,54.0,1.0,1.0,1.0,74.0,54.0,0.0
13.0,1.010417,0.5052085,0.0,0.0,319.42856,4.0,1.9793808,320.0,1.007565e+06,144345.28,0.0,352408.34,1.010417e+06,65535.0,1.0,3508.0,497.25,66.0,1137.9596,1989.0,497.25,0.0,0.0,8.052631,48297.0,0.0,2.0,65535.0,4425.8955,1.010416e+06,1.0070782e+06,77724.38,0.0,268281.6,13.855666,3.0,1.9793808,240.0,1.007509e+06,201996.8,64.84985,402756.56,1.009984e+06,4.0,100.0,82.333336,66.0,10.79609,247.0,82.333336,0.0,1.010417,0.5052085,0.0,0.0,5.0,3508.0,319.42856,66.0,884.41113,782183.1,6.0,0.0,2.0,3978.0,8.0,494.0,6.0,8.0,6.0,3978.0,494.0,0.0
1.0,7.200241e-05,3.6001205e-05,0.0,0.0,60.0,1.0,13888.424,40.0,0.0,0.0,0.0,0.0,0.0,65535.0,0.0,60.0,60.0,60.0,0.0,60.0,60.0,0.0,0.0,1.0,1364.0,0.0,0.0,65535.0,1.6666109e+06,72.0,72.00241,72.00241,72.00241,0.0,27776.848,1.0,13888.424,40.0,0.0,0.0,0.0,0.0,0.0,0.0,60.0,60.0,60.0,0.0,60.0,60.0,0.0,7.200241e-05,3.6001205e-05,0.0,0.0,0.0,60.0,60.0,60.0,0.0,0.0,6.0,1.0,1.0,60.0,1.0,60.0,1.0,1.0,1.0,60.0,60.0,0.0
36.0,394.55072,197.27536,0.0,0.0,445.5,5.0,0.010138114,800.0,2.9925466e+08,2.0765826e+07,0.0,6.763752e+07,3.945507e+08,65535.0,4.0,424.0,135.4,66.0,134.92938,677.0,135.4,0.0,0.0,0.17919534,44740.0,0.0,8.0,65535.0,45.1653,3.9455072e+08,2.9925462e+08,1.0116685e+07,0.0,4.833734e+07,0.10138114,5.0,0.010138114,800.0,2.9925462e+08,2.0765826e+07,62.942505,6.763751e+07,3.945507e+08,4.0,3506.0,755.6,66.0,1375.2035,3778.0,755.6,0.0,394.55072,197.27536,0.0,0.0,8.0,3506.0,445.5,66.0,1025.1133,1.0508572e+06,6.0,0.0,8.0,2708.0,20.0,15112.0,20.0,20.0,20.0,2708.0,15112.0,0.0
0.0,1e-06,5e-07,0.0,0.0,60.0,1.0,1e+06,40.0,0.0,0.0,0.0,0.0,0.0,65535.0,0.0,60.0,60.0,60.0,0.0,60.0,60.0,0.0,0.0,0.0,41013.0,0.0,0.0,0.0,6e+07,1.0,0.0,0.0,0.0,0.0,1e+06,0.0,0.0,0.0,0.0,0.0,0.0,0.0,0.0,0.0,0.0,0.0,0.0,0.0,0.0,0.0,0.0,1e-06,5e-07,0.0,0.0,0.0,60.0,60.0,60.0,0.0,0.0,6.0,1.0,0.0,60.0,1.0,0.0,0.0,1.0,0.0,60.0,0.0,0.0
1.0,0.0,0.0,0.0,0.0,67.0,0.0,40.0,0.0,0.0,0.0,0.0,0.0,0.0,65535.0,0.0,74.0,74.0,74.0,0.0,0.0,74.0,0.0,0.0,1.2333333,45518.0,0.0,0.0,65535.0,0.0,0.0,0.0,0.0,0.0,0.0,0.0,0.0,40.0,0.0,0.0,0.0,0.0,0.0,0.0,0.0,60.0,60.0,60.0,0.0,0.0,60.0,0.0,0.0,0.0,0.0,0.0,0.0,74.0,67.0,60.0,9.899495,98.0,6.0,1.0,1.0,74.0,1.0,60.0,1.0,1.0,1.0,74.0,60.0,0.0
0.0,1e-06,5e-07,0.0,0.0,96.0,1.0,1e+06,28.0,0.0,0.0,0.0,0.0,0.0,0.0,0.0,96.0,96.0,96.0,0.0,96.0,96.0,0.0,0.0,0.0,53.0,0.0,0.0,0.0,9.6e+07,1.0,0.0,0.0,0.0,0.0,1e+06,0.0,0.0,0.0,0.0,0.0,0.0,0.0,0.0,0.0,0.0,0.0,0.0,0.0,0.0,0.0,0.0,1e-06,5e-07,0.0,0.0,0.0,96.0,96.0,96.0,0.0,0.0,17.0,0.0,0.0,96.0,1.0,0.0,0.0,1.0,0.0,96.0,0.0,0.0
1.0,3.504753e-05,1.7523766e-05,0.0,0.0,64.0,1.0,28532.68,40.0,0.0,0.0,0.0,0.0,0.0,65535.0,0.0,74.0,74.0,74.0,0.0,74.0,74.0,0.0,0.0,1.3703704,60736.0,0.0,0.0,65535.0,3.652183e+06,35.0,35.04753,35.04753,35.04753,0.0,57065.36,1.0,28532.68,40.0,0.0,0.0,0.0,0.0,0.0,0.0,54.0,54.0,54.0,0.0,54.0,54.0,0.0,3.504753e-05,1.7523766e-05,0.0,0.0,0.0,74.0,64.0,54.0,10.0,100.0,6.0,1.0,1.0,74.0,1.0,54.0,1.0,1.0,1.0,74.0,54.0,0.0
0.0,1e-06,5e-07,0.0,0.0,60.0,0.0,0.0,28.0,0.0,0.0,0.0,0.0,0.0,0.0,0.0,60.0,60.0,60.0,0.0,0.0,60.0,0.0,0.0,0.0,8541.0,0.0,0.0,0.0,6e+07,1.0,0.0,0.0,0.0,0.0,1e+06,0.0,0.0,0.0,0.0,0.0,0.0,0.0,0.0,0.0,0.0,0.0,0.0,0.0,0.0,0.0,0.0,1e-06,5e-07,0.0,0.0,0.0,60.0,60.0,60.0,0.0,0.0,17.0,0.0,0.0,60.0,1.0,0.0,0.0,1.0,0.0,60.0,0.0,0.0
7.0,0.050955057,0.025477529,0.0,0.0,72.111115,5.0,19.625137,200.0,43319.94,12696.803,375.0324,17865.492,50787.21,65535.0,1.0,89.0,72.2,66.0,8.953212,361.0,72.2,0.0,0.0,1.2534722,51446.0,0.0,1.0,65535.0,12736.714,50955.0,43319.94,6369.3823,0.0,14128.592,176.62624,4.0,19.625137,160.0,50310.85,16860.008,0.0,23653.572,50580.023,1.0,88.0,72.0,60.0,10.488089,288.0,72.0,0.0,0.050955057,0.025477529,0.0,0.0,2.0,89.0,72.111115,60.0,9.666028,93.4321,6.0,1.0,2.0,361.0,5.0,288.0,4.0,5.0,4.0,361.0,288.0,0.0
0.0,1e-06,5e-07,0.0,0.0,91.0,1.0,1e+06,28.0,0.0,0.0,0.0,0.0,0.0,0.0,0.0,91.0,91.0,91.0,0.0,91.0,91.0,0.0,0.0,0.0,34696.0,0.0,0.0,0.0,9.1e+07,1.0,0.0,0.0,0.0,0.0,1e+06,0.0,0.0,0.0,0.0,0.0,0.0,0.0,0.0,0.0,0.0,0.0,0.0,0.0,0.0,0.0,0.0,1e-06,5e-07,0.0,0.0,0.0,91.0,91.0,91.0,0.0,0.0,17.0,0.0,0.0,91.0,1.0,0.0,0.0,1.0,0.0,91.0,0.0,0.0
0.0,0.00032901764,0.00016450882,0.0,0.0,112.0,0.0,0.0,28.0,0.0,0.0,0.0,0.0,0.0,0.0,0.0,96.0,96.0,96.0,0.0,0.0,96.0,0.0,0.0,0.75,41923.0,0.0,0.0,0.0,680814.56,329.0,329.01764,329.01764,329.01764,0.0,6078.7017,0.0,0.0,28.0,0.0,0.0,0.0,0.0,0.0,0.0,128.0,128.0,128.0,0.0,0.0,128.0,0.0,0.00032901764,0.00016450882,0.0,0.0,0.0,128.0,112.0,96.0,22.627417,512.0,17.0,0.0,0.0,96.0,1.0,128.0,1.0,1.0,1.0,96.0,128.0,0.0
1.0,1.1920929e-06,5.9604645e-07,0.0,0.0,67.0,1.0,838860.8,40.0,0.0,0.0,0.0,0.0,0.0,65535.0,0.0,74.0,74.0,74.0,0.0,74.0,74.0,0.0,0.0,1.2333333,54091.0,0.0,0.0,65535.0,1.1240734e+08,1.0,1.1920929,1.1920929,1.1920929,0.0,1.6777216e+06,1.0,838860.8,40.0,0.0,0.0,0.0,0.0,0.0,0.0,60.0,60.0,60.0,0.0,60.0,60.0,0.0,1.1920929e-06,5.9604645e-07,0.0,0.0,0.0,74.0,67.0,60.0,7.0,49.0,6.0,1.0,1.0,74.0,1.0,60.0,1.0,1.0,1.0,74.0,60.0,0.0
0.0,1e-06,5e-07,0.0,0.0,60.0,0.0,0.0,28.0,0.0,0.0,0.0,0.0,0.0,0.0,0.0,60.0,60.0,60.0,0.0,0.0,60.0,0.0,0.0,0.0,6286.0,0.0,0.0,0.0,6e+07,1.0,0.0,0.0,0.0,0.0,1e+06,0.0,0.0,0.0,0.0,0.0,0.0,0.0,0.0,0.0,0.0,0.0,0.0,0.0,0.0,0.0,0.0,1e-06,5e-07,0.0,0.0,0.0,60.0,60.0,60.0,0.0,0.0,17.0,0.0,0.0,60.0,1.0,0.0,0.0,1.0,0.0,60.0,0.0,0.0
1.0,0.000300169,0.0001500845,0.0,0.0,60.0,1.0,3331.4568,40.0,0.0,0.0,0.0,0.0,0.0,65535.0,0.0,60.0,60.0,60.0,0.0,60.0,60.0,0.0,0.0,1.0,1153.0,0.0,0.0,65535.0,399774.8,300.0,300.169,300.169,300.169,0.0,6662.9136,1.0,3331.4568,40.0,0.0,0.0,0.0,0.0,0.0,0.0,60.0,60.0,60.0,0.0,60.0,60.0,0.0,0.000300169,0.0001500845,0.0,0.0,0.0,60.0,60.0,60.0,0.0,0.0,6.0,1.0,1.0,60.0,1.0,60.0,1.0,1.0,1.0,60.0,60.0,0.0
45.0,2172.6655,1086.3328,0.0,0.0,126.2,4.0,0.0023013204,800.0,1.0804716e+09,1.1435079e+08,251.05476,2.801555e+08,2.172665e+09,65535.0,5.0,503.0,168.15,66.0,176.1432,672.6,168.15,0.0,0.0,1.1411605,80.0,0.0,10.0,65535.0,2.9042666,2.1726656e+09,1.080471e+09,4.4340116e+07,5.9604645,1.8313382e+08,0.023013204,6.0,0.0023013204,1200.0,1.080471e+09,7.49195e+07,29.087067,2.3318803e+08,2.1726656e+09,5.0,323.0,98.23333,66.0,74.00211,589.4,98.23333,0.0,2172.6655,1086.3328,0.0,0.0,10.0,503.0,126.2,66.0,129.88287,16869.56,6.0,0.0,10.0,3363.0,20.0,2947.0,30.0,20.0,30.0,3363.0,2947.0,0.0
1.0,1.7166138e-05,8.583069e-06,0.0,0.0,64.0,1.0,58254.223,40.0,0.0,0.0,0.0,0.0,0.0,65535.0,0.0,74.0,74.0,74.0,0.0,74.0,74.0,0.0,0.0,1.3703704,41168.0,0.0,0.0,65535.0,7.4565405e+06,17.0,17.166138,17.166138,17.166138,0.0,116508.445,1.0,58254.223,40.0,0.0,0.0,0.0,0.0,0.0,0.0,54.0,54.0,54.0,0.0,54.0,54.0,0.0,1.7166138e-05,8.583069e-06,0.0,0.0,0.0,74.0,64.0,54.0,10.0,100.0,6.0,1.0,1.0,74.0,1.0,54.0,1.0,1.0,1.0,74.0,54.0,0.0
0.0,10.0053425,5.0026712,0.0,0.0,111.0,1.0,0.099946596,28.0,0.0,0.0,0.0,0.0,0.0,0.0,0.0,103.0,103.0,103.0,0.0,103.0,103.0,0.0,0.0,0.8655462,48312.0,0.0,0.0,0.0,22.188145,1.0005342e+07,1.0005343e+07,1.0005343e+07,1.0005343e+07,0.0,0.19989319,1.0,0.099946596,28.0,0.0,0.0,0.0,0.0,0.0,0.0,119.0,119.0,119.0,0.0,119.0,119.0,0.0,10.0053425,5.0026712,0.0,0.0,0.0,119.0,111.0,103.0,8.0,64.0,17.0,0.0,0.0,103.0,1.0,119.0,1.0,1.0,1.0,103.0,119.0,0.0
0.0,1e-06,5e-07,0.0,0.0,60.0,0.0,0.0,28.0,0.0,0.0,0.0,0.0,0.0,0.0,0.0,60.0,60.0,60.0,0.0,0.0,60.0,0.0,0.0,0.0,33453.0,0.0,0.0,0.0,6e+07,1.0,0.0,0.0,0.0,0.0,1e+06,0.0,0.0,0.0,0.0,0.0,0.0,0.0,0.0,0.0,0.0,0.0,0.0,0.0,0.0,0.0,0.0,1e-06,5e-07,0.0,0.0,0.0,60.0,60.0,60.0,0.0,0.0,17.0,0.0,0.0,60.0,1.0,0.0,0.0,1.0,0.0,60.0,0.0,0.0
0.0,291.51587,145.75793,0.0,0.0,127.75,1.0,0.00686069,56.0,2.915154e+08,2.915154e+08,2.915154e+08,0.0,2.915154e+08,0.0,0.0,103.0,103.0,103.0,0.0,103.0,103.0,0.0,0.0,0.67540985,49587.0,0.0,0.0,0.0,1.7529063,2.9151587e+08,2.9151366e+08,9.717195e+07,453.94897,1.3742034e+08,0.01372138,1.0,0.00686069,56.0,2.915141e+08,2.915141e+08,2.915141e+08,0.0,2.915141e+08,0.0,186.0,152.5,119.0,33.5,152.5,152.5,0.0,291.51587,145.75793,0.0,0.0,0.0,186.0,127.75,103.0,34.259125,1173.6875,17.0,0.0,0.0,206.0,2.0,305.0,2.0,2.0,2.0,206.0,305.0,0.0
0.0,1e-06,5e-07,0.0,0.0,60.0,0.0,0.0,28.0,0.0,0.0,0.0,0.0,0.0,0.0,0.0,60.0,60.0,60.0,0.0,0.0,60.0,0.0,0.0,0.0,35138.0,0.0,0.0,0.0,6e+07,1.0,0.0,0.0,0.0,0.0,1e+06,0.0,0.0,0.0,0.0,0.0,0.0,0.0,0.0,0.0,0.0,0.0,0.0,0.0,0.0,0.0,0.0,1e-06,5e-07,0.0,0.0,0.0,60.0,60.0,60.0,0.0,0.0,17.0,0.0,0.0,60.0,1.0,0.0,0.0,1.0,0.0,60.0,0.0,0.0
9.0,0.008327007,0.0041635036,0.0,0.0,269.6,6.0,120.09116,240.0,4896.164,1665.4015,181.91338,1682.247,8327.007,65535.0,1.0,921.0,209.83333,66.0,318.05682,1259.0,209.83333,0.0,0.0,0.8761308,34971.0,0.0,2.0,65535.0,323765.78,8327.0,4896.164,925.223,10.01358,1437.4865,1200.9116,4.0,120.09116,160.0,5622.1484,2617.0413,1088.8577,2125.0347,7851.124,1.0,1231.0,359.25,66.0,503.3157,1437.0,359.25,0.0,0.008327007,0.0041635036,0.0,0.0,2.0,1231.0,269.6,66.0,409.12692,167384.84,6.0,0.0,2.0,1259.0,6.0,1437.0,4.0,6.0,4.0,1259.0,1437.0,0.0
74.0,8620.57,4310.285,0.0,0.0,435.15854,5.125,0.0009280129,1640.0,3.2623613e+09,2.1551426e+08,0.0,6.049542e+08,8.620571e+09,65535.0,8.0,443.0,131.53659,66.0,130.11441,674.125,131.53659,0.0,0.0,0.17804556,56492.0,0.0,16.0,65535.0,4.1392856,8.620571e+09,3.2623613e+09,1.0642679e+08,0.0,4.3856074e+08,0.009512132,5.125,0.0009280129,1640.0,3.2623616e+09,2.1551426e+08,53.167343,6.049542e+08,8.620571e+09,9.0,3506.0,738.7805,66.0,1333.988,3786.25,738.7805,0.0,8620.57,4310.285,0.0,0.0,17.0,3506.0,435.15854,66.0,995.19507,990413.2,6.0,0.0,16.0,5393.0,41.0,30290.0,41.0,41.0,41.0,5393.0,30290.0,0.0
0.0,0.30112386,0.15056193,0.0,0.0,60.0,0.0,0.0,56.0,301123.84,301123.84,301123.84,0.0,301123.84,0.0,0.0,60.0,60.0,60.0,0.0,0.0,60.0,0.0,0.0,0.0,34689.0,0.0,0.0,0.0,398.5071,301123.0,301123.84,301123.84,301123.84,0.0,6.641785,0.0,0.0,0.0,0.0,0.0,0.0,0.0,0.0,0.0,0.0,0.0,0.0,0.0,0.0,0.0,0.0,0.30112386,0.15056193,0.0,0.0,0.0,60.0,60.0,60.0,0.0,0.0,17.0,0.0,0.0,120.0,2.0,0.0,0.0,2.0,0.0,120.0,0.0,0.0
7.0,1.016763,0.5083815,0.0,0.0,72.125,1.5,1.9670268,120.0,1.0103772e+06,508159.03,5940.914,502218.12,1.01631806e+06,65535.0,1.0,99.0,79.666664,66.0,14.055446,119.5,79.666664,0.0,0.0,0.7071006,22.0,0.0,2.0,65535.0,567.48724,1.016762e+06,1.0080261e+06,145251.86,24.795532,352231.34,7.8681073,2.5,1.9670268,200.0,1.0080261e+06,254190.75,467.062,435232.75,1.016763e+06,0.0,74.0,67.6,66.0,3.2,169.0,67.6,0.0,1.016763,0.5083815,0.0,0.0,1.0,99.0,72.125,66.0,10.705577,114.609375,6.0,0.0,2.0,239.0,3.0,338.0,5.0,3.0,5.0,239.0,338.0,0.0
1.0,1e-06,5e-07,0.0,0.0,54.0,0.0,0.0,0.0,0.0,0.0,0.0,0.0,0.0,0.0,0.0,0.0,0.0,0.0,0.0,0.0,0.0,0.0,0.0,0.0,54853.0,0.0,0.0,65535.0,5.4e+07,1.0,0.0,0.0,0.0,0.0,1e+06,0.0,0.0,40.0,0.0,0.0,0.0,0.0,0.0,0.0,54.0,54.0,54.0,0.0,0.0,54.0,0.0,1e-06,5e-07,0.0,0.0,0.0,54.0,54.0,54.0,0.0,0.0,6.0,1.0,0.0,0.0,0.0,54.0,1.0,0.0,1.0,0.0,54.0,0.0
18.0,0.07807112,0.03903556,0.0,0.0,86.85714,11.0,12.808834,440.0,16724.824,7807.112,0.0,5312.2026,78071.12,65535.0,6.0,104.0,76.545456,60.0,13.9568405,842.0,76.545456,0.0,0.0,0.8574338,36259.0,0.0,1.0,65535.0,23363.314,78071.0,16724.824,3903.556,0.0,5145.195,268.9855,10.0,12.808834,400.0,21082.162,7960.452,0.0,7461.3486,71644.07,7.0,222.0,98.2,66.0,44.388737,982.0,98.2,0.0,0.07807112,0.03903556,0.0,0.0,13.0,222.0,86.85714,60.0,34.0186,1157.2653,6.0,2.0,2.0,842.0,11.0,982.0,10.0,11.0,10.0,842.0,982.0,0.0
0.0,1e-06,5e-07,0.0,0.0,60.0,1.0,1e+06,40.0,0.0,0.0,0.0,0.0,0.0,65535.0,0.0,60.0,60.0,60.0,0.0,60.0,60.0,0.0,0.0,0.0,22053.0,0.0,0.0,0.0,6e+07,1.0,0.0,0.0,0.0,0.0,1e+06,0.0,0.0,0.0,0.0,0.0,0.0,0.0,0.0,0.0,0.0,0.0,0.0,0.0,0.0,0.0,0.0,1e-06,5e-07,0.0,0.0,0.0,60.0,60.0,60.0,0.0,0.0,6.0,1.0,0.0,60.0,1.0,0.0,0.0,1.0,0.0,60.0,0.0,0.0
18.0,64.69917,32.349586,0.0,0.0,200.85,5.5,0.030912297,440.0,6.468365e+07,6.469917e+06,195.0264,1.9404576e+07,6.469917e+07,65535.0,2.0,889.0,162.27272,66.0,238.15659,892.5,162.27272,0.0,0.0,0.7997312,42195.0,0.0,4.0,65535.0,62.08735,6.469917e+07,6.468359e+07,3.4052195e+06,0.0,1.4443451e+07,0.30912298,4.5,0.030912297,360.0,6.468378e+07,8.087396e+06,0.0,2.1391424e+07,6.469917e+07,2.0,1681.0,248.0,66.0,506.65417,1116.0,248.0,0.0,64.69917,32.349586,0.0,0.0,4.0,1681.0,200.85,66.0,385.39386,148528.42,6.0,0.0,4.0,1785.0,11.0,2232.0,9.0,11.0,9.0,1785.0,2232.0,0.0
27.0,2085.6084,1042.8042,0.0,0.0,444.7,5.0,0.0014384292,600.0,1.0710126e+09,1.4897202e+08,0.0,3.6505917e+08,2.0856083e+09,65535.0,3.0,446.0,133.8,66.0,132.69926,669.0,133.8,0.0,0.0,0.17707781,54288.0,0.0,6.0,65535.0,6.3966947,2.0856084e+09,1.0710126e+09,7.191753e+07,0.0,2.6434435e+08,0.014384292,5.0,0.0014384292,600.0,1.0710126e+09,1.4897203e+08,80.8239,3.6505917e+08,2.0856083e+09,3.0,3506.0,755.6,66.0,1375.2035,3778.0,755.6,0.0,2085.6084,1042.8042,0.0,0.0,6.0,3506.0,444.7,66.0,1025.2101,1.0510556e+06,6.0,0.0,6.0,2007.0,15.0,11334.0,15.0,15.0,15.0,2007.0,11334.0,0.0
0.0,1e-06,5e-07,0.0,0.0,73.0,1.0,1e+06,28.0,0.0,0.0,0.0,0.0,0.0,0.0,0.0,73.0,73.0,73.0,0.0,73.0,73.0,0.0,0.0,0.0,44364.0,0.0,0.0,0.0,7.3e+07,1.0,0.0,0.0,0.0,0.0,1e+06,0.0,0.0,0.0,0.0,0.0,0.0,0.0,0.0,0.0,0.0,0.0,0.0,0.0,0.0,0.0,0.0,1e-06,5e-07,0.0,0.0,0.0,73.0,73.0,73.0,0.0,0.0,17.0,0.0,0.0,73.0,1.0,0.0,0.0,1.0,0.0,73.0,0.0,0.0
0.0,1e-06,5e-07,0.0,0.0,60.0,0.0,0.0,28.0,0.0,0.0,0.0,0.0,0.0,0.0,0.0,60.0,60.0,60.0,0.0,0.0,60.0,0.0,0.0,0.0,43542.0,0.0,0.0,0.0,6e+07,1.0,0.0,0.0,0.0,0.0,1e+06,0.0,0.0,0.0,0.0,0.0,0.0,0.0,0.0,0.0,0.0,0.0,0.0,0.0,0.0,0.0,0.0,1e-06,5e-07,0.0,0.0,0.0,60.0,60.0,60.0,0.0,0.0,17.0,0.0,0.0,60.0,1.0,0.0,0.0,1.0,0.0,60.0,0.0,0.0
1.0,0.00045108795,0.00022554398,0.0,0.0,787.0,1.0,2216.8625,40.0,0.0,0.0,0.0,0.0,0.0,65535.0,0.0,60.0,60.0,60.0,0.0,60.0,60.0,0.0,0.0,0.03963012,22372.0,0.0,0.0,65535.0,3.4893418e+06,451.0,451.08795,451.08795,451.08795,0.0,4433.725,1.0,2216.8625,40.0,0.0,0.0,0.0,0.0,0.0,0.0,1514.0,1514.0,1514.0,0.0,1514.0,1514.0,0.0,0.00045108795,0.00022554398,0.0,0.0,0.0,1514.0,787.0,60.0,727.0,528529.0,6.0,1.0,1.0,60.0,1.0,1514.0,1.0,1.0,1.0,60.0,1514.0,0.0
1.0,1e-06,5e-07,0.0,0.0,58.0,0.0,0.0,0.0,0.0,0.0,0.0,0.0,0.0,0.0,0.0,0.0,0.0,0.0,0.0,0.0,0.0,0.0,0.0,0.0,29386.0,0.0,0.0,65535.0,5.8e+07,1.0,0.0,0.0,0.0,0.0,1e+06,0.0,0.0,40.0,0.0,0.0,0.0,0.0,0.0,0.0,58.0,58.0,58.0,0.0,0.0,58.0,0.0,1e-06,5e-07,0.0,0.0,0.0,58.0,58.0,58.0,0.0,0.0,6.0,0.0,1.0,0.0,0.0,58.0,1.0,0.0,1.0,0.0,58.0,0.0
1.0,0.0003068447,0.00015342236,0.0,0.0,67.0,0.0,40.0,0.0,0.0,0.0,0.0,0.0,0.0,65535.0,0.0,74.0,74.0,74.0,0.0,0.0,74.0,0.0,0.0,1.2333333,45350.0,0.0,0.0,65535.0,436702.97,306.0,306.84473,306.84473,306.84473,0.0,6517.955,0.0,40.0,0.0,0.0,0.0,0.0,0.0,0.0,0.0,60.0,60.0,60.0,0.0,0.0,60.0,0.0,0.0003068447,0.00015342236,0.0,0.0,0.0,74.0,67.0,60.0,9.899495,98.0,6.0,1.0,1.0,74.0,1.0,60.0,1.0,1.0,1.0,74.0,60.0,0.0
3.0,36.673794,18.336897,0.0,0.0,58.0,0.0,0.0,0.0,0.0,0.0,0.0,0.0,0.0,0.0,0.0,0.0,0.0,0.0,0.0,0.0,0.0,0.0,0.0,0.0,34030.0,0.0,0.0,65535.0,4.7445326,3.667379e+07,2.8131306e+07,1.8336896e+07,8.542487e+06,1.3851387e+07,0.081802286,0.0,0.0,120.0,2.8131306e+07,1.8336896e+07,8.542487e+06,1.3851387e+07,3.667379e+07,0.0,58.0,58.0,58.0,0.0,0.0,58.0,0.0,36.673794,18.336897,0.0,0.0,0.0,58.0,58.0,58.0,0.0,0.0,6.0,0.0,3.0,0.0,0.0,174.0,3.0,0.0,3.0,0.0,174.0,0.0
1.0,0.0002539158,0.0001269579,0.0,0.0,60.0,1.0,3938.3137,40.0,0.0,0.0,0.0,0.0,0.0,65535.0,0.0,60.0,60.0,60.0,0.0,60.0,60.0,0.0,0.0,1.0,2259.0,0.0,0.0,65535.0,472597.62,253.0,253.91579,253.91579,253.91579,0.0,7876.6274,1.0,3938.3137,40.0,0.0,0.0,0.0,0.0,0.0,0.0,60.0,60.0,60.0,0.0,60.0,60.0,0.0,0.0002539158,0.0001269579,0.0,0.0,0.0,60.0,60.0,60.0,0.0,0.0,6.0,1.0,1.0,60.0,1.0,60.0,1.0,1.0,1.0,60.0,60.0,0.0
22.0,0.01890707,0.009453535,0.0,0.0,80.21739,11.0,52.890266,440.0,5170.107,1890.0156,0.0,1721.2661,18900.156,65535.0,6.0,95.0,74.63636,66.0,9.650932,821.0,74.63636,0.0,0.0,0.8017578,50334.0,0.0,2.0,65535.0,97582.55,18907.0,4227.1616,859.4123,0.0,1119.5587,1216.4762,12.0,52.890266,480.0,4956.007,1715.0099,30.040741,1679.1124,18865.11,8.0,117.0,85.333336,66.0,15.595583,1024.0,85.333336,0.0,0.01890707,0.009453535,0.0,0.0,14.0,117.0,80.21739,66.0,14.142002,199.99622,6.0,0.0,2.0,821.0,11.0,1024.0,12.0,11.0,12.0,821.0,1024.0,0.0
9.0,0.028630972,0.014315486,0.0,0.0,76.8,5.0,34.92721,200.0,19773.006,7102.4893,938.8924,7442.2646,28409.957,65535.0,1.0,117.0,77.8,66.0,19.843388,389.0,77.8,0.0,0.0,1.0263852,54116.0,0.0,2.0,65535.0,26824.098,28630.0,19773.006,3181.219,0.0,6053.499,349.27213,5.0,34.92721,200.0,19994.02,7050.7524,53.8826,8022.9194,28203.01,1.0,107.0,75.8,66.0,15.9047165,379.0,75.8,0.0,0.028630972,0.014315486,0.0,0.0,2.0,117.0,76.8,66.0,18.009996,324.36,6.0,0.0,2.0,389.0,5.0,379.0,5.0,5.0,5.0,389.0,379.0,0.0
0.0,0.0008318424,0.0004159212,0.0,0.0,141.0,1.0,1202.1508,28.0,0.0,0.0,0.0,0.0,0.0,0.0,0.0,108.0,108.0,108.0,0.0,108.0,108.0,0.0,0.0,0.62068963,40859.0,0.0,0.0,0.0,339006.5,831.0,831.8424,831.8424,831.8424,0.0,2404.3015,1.0,1202.1508,28.0,0.0,0.0,0.0,0.0,0.0,0.0,174.0,174.0,174.0,0.0,174.0,174.0,0.0,0.0008318424,0.0004159212,0.0,0.0,0.0,174.0,141.0,108.0,33.0,1089.0,17.0,0.0,0.0,108.0,1.0,174.0,1.0,1.0,1.0,108.0,174.0,0.0
37.0,0.34340405,0.17170203,0.0,0.0,81.76316,23.0,2.9120216,920.0,83606.01,15609.275,0.0,25138.383,343404.06,65535.0,11.0,143.0,78.478264,66.0,16.908628,1805.0,78.478264,0.0,0.0,1.3863287,39577.0,0.0,2.0,65535.0,9047.651,343404.0,83606.01,9281.19,0.0,20754.486,110.656815,15.0,2.9120216,600.0,130902.055,24499.654,0.0,37485.3,342995.16,12.0,116.0,86.8,66.0,11.634432,1302.0,86.8,0.0,0.34340405,0.17170203,0.0,0.0,23.0,143.0,81.76316,66.0,15.5891905,243.02286,6.0,0.0,2.0,1805.0,23.0,1302.0,15.0,23.0,15.0,1805.0,1302.0,0.0
24.0,4.575016,2.287508,0.0,0.0,213.84,6.0,0.43715695,480.0,4.507497e+06,415910.56,288.96332,1.293923e+06,4.575016e+06,65535.0,7.0,1602.0,225.16667,66.0,417.14703,1351.0,225.16667,0.0,0.0,1.0219364,56052.0,0.0,2.0,65535.0,1168.5205,4.575016e+06,4.459473e+06,190625.67,8.106232,890190.75,5.464462,6.5,0.43715695,520.0,4.459473e+06,381178.6,216.00723,1.229748e+06,4.574143e+06,6.0,1146.0,203.38461,66.0,302.33286,1322.0,203.38461,0.0,4.575016,2.287508,0.0,0.0,13.0,1602.0,213.84,66.0,362.18048,131174.69,6.0,0.0,2.0,2702.0,12.0,2644.0,13.0,12.0,13.0,2702.0,2644.0,0.0
0.0,1e-06,5e-07,0.0,0.0,60.0,0.0,0.0,0.0,0.0,0.0,0.0,0.0,0.0,0.0,0.0,0.0,0.0,0.0,0.0,0.0,0.0,0.0,0.0,0.0,1023.0,0.0,0.0,65535.0,6e+07,1.0,0.0,0.0,0.0,0.0,1e+06,0.0,0.0,40.0,0.0,0.0,0.0,0.0,0.0,0.0,60.0,60.0,60.0,0.0,0.0,60.0,0.0,1e-06,5e-07,0.0,0.0,0.0,60.0,60.0,60.0,0.0,0.0,6.0,0.0,1.0,0.0,0.0,60.0,1.0,0.0,1.0,0.0,60.0,0.0
0.0,5.802809,2.9014044,0.0,0.0,60.0,0.0,0.0,0.0,0.0,0.0,0.0,0.0,0.0,0.0,0.0,0.0,0.0,0.0,0.0,0.0,0.0,0.0,0.0,0.0,80.0,0.0,0.0,65535.0,20.67964,5.802809e+06,5.802809e+06,5.802809e+06,5.802809e+06,0.0,0.34466067,0.0,0.0,80.0,5.802809e+06,5.802809e+06,5.802809e+06,0.0,5.802809e+06,0.0,60.0,60.0,60.0,0.0,0.0,60.0,0.0,5.802809,2.9014044,0.0,0.0,0.0,60.0,60.0,60.0,0.0,0.0,6.0,0.0,2.0,0.0,0.0,120.0,2.0,0.0,2.0,0.0,120.0,0.0
1.0,0.000538826,0.000269413,0.0,0.0,60.0,1.0,1855.8867,40.0,0.0,0.0,0.0,0.0,0.0,65535.0,0.0,60.0,60.0,60.0,0.0,60.0,60.0,0.0,0.0,1.0,1100.0,0.0,0.0,65535.0,222706.4,538.0,538.826,538.826,538.826,0.0,3711.7734,1.0,1855.8867,40.0,0.0,0.0,0.0,0.0,0.0,0.0,60.0,60.0,60.0,0.0,60.0,60.0,0.0,0.000538826,0.000269413,0.0,0.0,0.0,60.0,60.0,60.0,0.0,0.0,6.0,1.0,1.0,60.0,1.0,60.0,1.0,1.0,1.0,60.0,60.0,0.0
0.0,1e-06,5e-07,0.0,0.0,60.0,0.0,0.0,28.0,0.0,0.0,0.0,0.0,0.0,0.0,0.0,60.0,60.0,60.0,0.0,0.0,60.0,0.0,0.0,0.0,29235.0,0.0,0.0,0.0,6e+07,1.0,0.0,0.0,0.0,0.0,1e+06,0.0,0.0,0.0,0.0,0.0,0.0,0.0,0.0,0.0,0.0,0.0,0.0,0.0,0.0,0.0,0.0,1e-06,5e-07,0.0,0.0,0.0,60.0,60.0,60.0,0.0,0.0,17.0,0.0,0.0,60.0,1.0,0.0,0.0,1.0,0.0,60.0,0.0,0.0
0.0,1e-06,5e-07,0.0,0.0,60.0,1.0,1e+06,40.0,0.0,0.0,0.0,0.0,0.0,65535.0,0.0,60.0,60.0,60.0,0.0,60.0,60.0,0.0,0.0,0.0,13487.0,0.0,0.0,0.0,6e+07,1.0,0.0,0.0,0.0,0.0,1e+06,0.0,0.0,0.0,0.0,0.0,0.0,0.0,0.0,0.0,0.0,0.0,0.0,0.0,0.0,0.0,0.0,1e-06,5e-07,0.0,0.0,0.0,60.0,60.0,60.0,0.0,0.0,6.0,1.0,0.0,60.0,1.0,0.0,0.0,1.0,0.0,60.0,0.0,0.0
45.0,1286.5675,643.28375,0.0,0.0,120.44,5.8,0.00388631,1160.0,7.673308e+08,4.594884e+07,0.0,1.5039834e+08,1.2865676e+09,65535.0,5.0,332.0,103.48276,66.0,80.496574,600.2,103.48276,0.0,0.0,0.99337965,58030.0,0.0,10.0,65535.0,4.6806717,1.2865676e+09,7.673308e+08,2.625648e+07,0.0,1.15942104e+08,0.0388631,4.2,0.00388631,840.0,7.6733114e+08,6.432836e+07,113.01041,1.7460027e+08,1.2865672e+09,5.0,453.0,143.85715,66.0,150.2868,604.2,143.85715,0.0,1286.5675,643.28375,0.0,0.0,10.0,453.0,120.44,66.0,116.796776,13641.486,6.0,0.0,10.0,3001.0,29.0,3021.0,21.0,29.0,21.0,3001.0,3021.0,0.0
0.0,1e-06,5e-07,0.0,0.0,60.0,0.0,0.0,28.0,0.0,0.0,0.0,0.0,0.0,0.0,0.0,60.0,60.0,60.0,0.0,0.0,60.0,0.0,0.0,0.0,28138.0,0.0,0.0,0.0,6e+07,1.0,0.0,0.0,0.0,0.0,1e+06,0.0,0.0,0.0,0.0,0.0,0.0,0.0,0.0,0.0,0.0,0.0,0.0,0.0,0.0,0.0,0.0,1e-06,5e-07,0.0,0.0,0.0,60.0,60.0,60.0,0.0,0.0,17.0,0.0,0.0,60.0,1.0,0.0,0.0,1.0,0.0,60.0,0.0,0.0
0.0,1e-06,5e-07,0.0,0.0,60.0,0.0,0.0,28.0,0.0,0.0,0.0,0.0,0.0,0.0,0.0,60.0,60.0,60.0,0.0,0.0,60.0,0.0,0.0,0.0,38282.0,0.0,0.0,0.0,6e+07,1.0,0.0,0.0,0.0,0.0,1e+06,0.0,0.0,0.0,0.0,0.0,0.0,0.0,0.0,0.0,0.0,0.0,0.0,0.0,0.0,0.0,0.0,1e-06,5e-07,0.0,0.0,0.0,60.0,60.0,60.0,0.0,0.0,17.0,0.0,0.0,60.0,1.0,0.0,0.0,1.0,0.0,60.0,0.0,0.0
22.0,3.717084,1.858542,0.0,0.0,228.45833,4.0,0.80708426,480.0,1.847043e+06,337916.72,382.90024,687429.0,3.717084e+06,65535.0,6.0,810.0,169.41667,60.0,207.3646,677.6667,169.41667,0.0,0.0,0.58927536,60360.0,0.0,1.0,65535.0,1475.081,3.717083e+06,1.8010392e+06,161612.34,36.001205,490489.8,6.456674,4.0,0.80708426,480.0,1.8445651e+06,337743.25,380.0392,677108.56,3.7151758e+06,6.0,1170.0,287.5,66.0,396.56787,1150.0,287.5,0.0,3.717084,1.858542,0.0,0.0,12.0,1170.0,228.45833,60.0,321.89905,103619.0,6.0,1.0,2.0,2033.0,12.0,3450.0,12.0,12.0,12.0,2033.0,3450.0,0.0
0.0,1e-06,5e-07,0.0,0.0,60.0,0.0,0.0,0.0,0.0,0.0,0.0,0.0,0.0,0.0,0.0,0.0,0.0,0.0,0.0,0.0,0.0,0.0,0.0,0.0,80.0,0.0,0.0,65535.0,6e+07,1.0,0.0,0.0,0.0,0.0,1e+06,0.0,0.0,40.0,0.0,0.0,0.0,0.0,0.0,0.0,60.0,60.0,60.0,0.0,0.0,60.0,0.0,1e-06,5e-07,0.0,0.0,0.0,60.0,60.0,60.0,0.0,0.0,6.0,0.0,1.0,0.0,0.0,60.0,1.0,0.0,1.0,0.0,60.0,0.0
0.0,1e-06,5e-07,0.0,0.0,96.0,1.0,1e+06,28.0,0.0,0.0,0.0,0.0,0.0,0.0,0.0,96.0,96.0,96.0,0.0,96.0,96.0,0.0,0.0,0.0,53.0,0.0,0.0,0.0,9.6e+07,1.0,0.0,0.0,0.0,0.0,1e+06,0.0,0.0,0.0,0.0,0.0,0.0,0.0,0.0,0.0,0.0,0.0,0.0,0.0,0.0,0.0,0.0,1e-06,5e-07,0.0,0.0,0.0,96.0,96.0,96.0,0.0,0.0,17.0,0.0,0.0,96.0,1.0,0.0,0.0,1.0,0.0,96.0,0.0,0.0
2.0,198.02861,99.014305,0.0,0.0,67.0,0.0,0.0,80.0,1.980286e+08,1.980286e+08,1.980286e+08,0.0,1.980286e+08,65535.0,0.0,74.0,74.0,74.0,0.0,0.0,74.0,0.0,0.0,1.2333333,60855.0,0.0,0.0,65535.0,1.3533398,1.980286e+08,1.9802718e+08,6.6009536e+07,0.0,1.1433064e+08,0.020199101,0.0,0.0,80.0,1.9802718e+08,1.9802718e+08,1.9802718e+08,0.0,1.9802718e+08,0.0,60.0,60.0,60.0,0.0,0.0,60.0,0.0,198.02861,99.014305,0.0,0.0,0.0,74.0,67.0,60.0,8.082904,65.333336,6.0,2.0,2.0,148.0,2.0,120.0,2.0,2.0,2.0,148.0,120.0,0.0
0.0,1e-06,5e-07,0.0,0.0,60.0,0.0,0.0,28.0,0.0,0.0,0.0,0.0,0.0,0.0,0.0,60.0,60.0,60.0,0.0,0.0,60.0,0.0,0.0,0.0,28363.0,0.0,0.0,0.0,6e+07,1.0,0.0,0.0,0.0,0.0,1e+06,0.0,0.0,0.0,0.0,0.0,0.0,0.0,0.0,0.0,0.0,0.0,0.0,0.0,0.0,0.0,0.0,1e-06,5e-07,0.0,0.0,0.0,60.0,60.0,60.0,0.0,0.0,17.0,0.0,0.0,60.0,1.0,0.0,0.0,1.0,0.0,60.0,0.0,0.0
1.0,1.50203705e-05,7.5101852e-06,0.0,0.0,57.0,1.0,66576.26,40.0,0.0,0.0,0.0,0.0,0.0,65535.0,0.0,60.0,60.0,60.0,0.0,60.0,60.0,0.0,0.0,1.1111112,2702.0,0.0,0.0,65535.0,7.589693e+06,15.0,15.0203705,15.0203705,15.0203705,0.0,133152.52,1.0,66576.26,40.0,0.0,0.0,0.0,0.0,0.0,0.0,54.0,54.0,54.0,0.0,54.0,54.0,0.0,1.50203705e-05,7.5101852e-06,0.0,0.0,0.0,60.0,57.0,54.0,3.0,9.0,6.0,1.0,1.0,60.0,1.0,54.0,1.0,1.0,1.0,60.0,54.0,0.0
9.0,0.012994051,0.0064970255,0.0,0.0,126.9,5.0,76.9583,200.0,8311.987,2936.4824,396.96695,3210.117,11745.93,65535.0,1.0,176.0,89.6,66.0,43.31097,448.0,89.6,0.0,0.0,0.545676,41859.0,0.0,2.0,65535.0,97660.08,12994.0,8311.987,1443.7834,0.0,2549.6912,769.58295,5.0,76.9583,200.0,9264.946,3248.5127,0.0,3792.562,12994.051,1.0,549.0,164.2,66.0,192.42494,821.0,164.2,0.0,0.012994051,0.0064970255,0.0,0.0,2.0,549.0,126.9,66.0,144.37067,20842.89,6.0,0.0,2.0,448.0,5.0,821.0,5.0,5.0,5.0,448.0,821.0,0.0
4.0,42.323666,21.161833,0.0,0.0,58.0,0.0,0.0,0.0,0.0,0.0,0.0,0.0,0.0,0.0,0.0,0.0,0.0,0.0,0.0,0.0,0.0,0.0,0.0,0.0,60842.0,0.0,0.0,65535.0,5.481567,4.2323664e+07,1.6444834e+07,1.4107889e+07,1.0833501e+07,2.9207642e+06,0.09450977,0.0,0.0,160.0,1.6444834e+07,1.4107889e+07,1.0833501e+07,2.9207642e+06,4.2323664e+07,0.0,58.0,58.0,58.0,0.0,0.0,58.0,0.0,42.323666,21.161833,0.0,0.0,0.0,58.0,58.0,58.0,0.0,0.0,6.0,0.0,4.0,0.0,0.0,232.0,4.0,0.0,4.0,0.0,232.0,0.0
0.0,0.0005738735,0.00028693676,0.0,0.0,141.0,1.0,1742.5442,28.0,0.0,0.0,0.0,0.0,0.0,0.0,0.0,108.0,108.0,108.0,0.0,108.0,108.0,0.0,0.0,0.62068963,40639.0,0.0,0.0,0.0,491397.47,573.0,573.87354,573.87354,573.87354,0.0,3485.0884,1.0,1742.5442,28.0,0.0,0.0,0.0,0.0,0.0,0.0,174.0,174.0,174.0,0.0,174.0,174.0,0.0,0.0005738735,0.00028693676,0.0,0.0,0.0,174.0,141.0,108.0,33.0,1089.0,17.0,0.0,0.0,108.0,1.0,174.0,1.0,1.0,1.0,108.0,174.0,0.0
29.0,1097.3862,548.6931,0.0,0.0,179.69698,5.3333335,0.0027337684,640.0,1.0928004e+09,7.315908e+07,0.9536743,2.725129e+08,1.0973862e+09,65535.0,8.0,1602.0,188.5,66.0,366.90222,1005.3333,188.5,0.0,0.0,1.0350034,37312.0,0.0,3.0,65535.0,5.403749,1.0973862e+09,1.0928004e+09,3.429332e+07,0.9536743,1.9011506e+08,0.030071454,5.6666665,0.0027337684,680.0,1.0928008e+09,6.858664e+07,35.04753,2.6445312e+08,1.0973862e+09,7.0,1146.0,171.41176,54.0,270.6826,971.3333,171.41176,0.0,1097.3862,548.6931,0.0,0.0,15.0,1602.0,179.69698,54.0,321.07098,103086.58,6.0,2.0,4.0,3016.0,16.0,2914.0,17.0,16.0,17.0,3016.0,2914.0,0.0
0.0,1e-06,5e-07,0.0,0.0,60.0,0.0,0.0,28.0,0.0,0.0,0.0,0.0,0.0,0.0,0.0,60.0,60.0,60.0,0.0,0.0,60.0,0.0,0.0,0.0,53691.0,0.0,0.0,0.0,6e+07,1.0,0.0,0.0,0.0,0.0,1e+06,0.0,0.0,0.0,0.0,0.0,0.0,0.0,0.0,0.0,0.0,0.0,0.0,0.0,0.0,0.0,0.0,1e-06,5e-07,0.0,0.0,0.0,60.0,60.0,60.0,0.0,0.0,17.0,0.0,0.0,60.0,1.0,0.0,0.0,1.0,0.0,60.0,0.0,0.0
1.0,0.00010895729,5.4478645e-05,0.0,0.0,64.0,1.0,9177.908,40.0,0.0,0.0,0.0,0.0,0.0,65535.0,0.0,74.0,74.0,74.0,0.0,74.0,74.0,0.0,0.0,1.3703704,48522.0,0.0,0.0,65535.0,1.1747722e+06,108.0,108.95729,108.95729,108.95729,0.0,18355.816,1.0,9177.908,40.0,0.0,0.0,0.0,0.0,0.0,0.0,54.0,54.0,54.0,0.0,54.0,54.0,0.0,0.00010895729,5.4478645e-05,0.0,0.0,0.0,74.0,64.0,54.0,10.0,100.0,6.0,1.0,1.0,74.0,1.0,54.0,1.0,1.0,1.0,74.0,54.0,0.0
0.0,19.733961,9.866981,0.0,0.0,60.0,0.0,0.0,0.0,0.0,0.0,0.0,0.0,0.0,0.0,0.0,0.0,0.0,0.0,0.0,0.0,0.0,0.0,0.0,0.0,80.0,0.0,0.0,65535.0,6.080888,1.973396e+07,1.973396e+07,1.973396e+07,1.973396e+07,0.0,0.10134813,0.0,0.0,80.0,1.973396e+07,1.973396e+07,1.973396e+07,0.0,1.973396e+07,0.0,60.0,60.0,60.0,0.0,0.0,60.0,0.0,19.733961,9.866981,0.0,0.0,0.0,60.0,60.0,60.0,0.0,0.0,6.0,0.0,2.0,0.0,0.0,120.0,2.0,0.0,2.0,0.0,120.0,0.0
31.0,6660.1704,3330.0852,0.0,0.0,182.29411,6.6666665,0.0004504389,800.0,6.6565166e+09,3.505353e+08,1008.9874,1.4863342e+09,6.660171e+09,65535.0,6.0,834.0,129.9,66.0,173.05286,866.0,129.9,0.0,0.0,0.7216667,57624.0,0.0,3.0,65535.0,0.9306068,6.660171e+09,6.6565166e+09,2.0182336e+08,15.0203705,1.1410394e+09,0.0051049744,4.6666665,0.0004504389,560.0,6.6565166e+09,5.123208e+08,174.04556,1.7736767e+09,6.66017e+09,7.0,1170.0,257.14285,54.0,374.65543,1200.0,257.14285,0.0,6660.1704,3330.0852,0.0,0.0,13.0,1170.0,182.29411,54.0,281.66602,79335.734,6.0,1.0,4.0,2598.0,20.0,3600.0,14.0,20.0,14.0,2598.0,3600.0,0.0
2.0,81.567245,40.783623,0.0,0.0,64.0,1.0,0.024519647,80.0,8.156721e+07,8.156721e+07,8.156721e+07,0.0,8.156721e+07,65535.0,0.0,74.0,74.0,74.0,0.0,74.0,74.0,0.0,0.0,1.3703704,60498.0,0.0,0.0,65535.0,3.1385148,8.156725e+07,8.1567096e+07,2.7189082e+07,38.146973,3.8451064e+07,0.049039293,1.0,0.024519647,80.0,8.156714e+07,8.156714e+07,8.156714e+07,0.0,8.156714e+07,0.0,54.0,54.0,54.0,0.0,54.0,54.0,0.0,81.567245,40.783623,0.0,0.0,0.0,74.0,64.0,54.0,10.0,100.0,6.0,2.0,2.0,148.0,2.0,108.0,2.0,2.0,2.0,148.0,108.0,0.0
9.0,0.006677866,0.003338933,0.0,0.0,251.1,6.0,149.74844,240.0,3741.9795,1335.5732,293.01642,1285.4299,6677.866,65535.0,1.0,286.0,104.0,66.0,81.445274,624.0,104.0,0.0,0.0,0.33068362,41677.0,0.0,2.0,65535.0,376018.3,6677.0,3228.9028,741.9851,8.106232,983.54297,1497.4844,4.0,149.74844,160.0,3228.9028,2035.6973,635.1471,1068.9983,6107.092,1.0,1681.0,471.75,66.0,698.16846,1887.0,471.75,0.0,0.006677866,0.003338933,0.0,0.0,2.0,1681.0,251.1,66.0,481.05435,231413.3,6.0,0.0,2.0,624.0,6.0,1887.0,4.0,6.0,4.0,624.0,1887.0,0.0
0.0,0.110562086,0.055281043,0.0,0.0,117.0,1.0,9.044692,28.0,0.0,0.0,0.0,0.0,0.0,0.0,0.0,101.0,101.0,101.0,0.0,101.0,101.0,0.0,0.0,0.7593985,33463.0,0.0,0.0,0.0,2116.458,110562.0,110562.086,110562.086,110562.086,0.0,18.089384,1.0,9.044692,28.0,0.0,0.0,0.0,0.0,0.0,0.0,133.0,133.0,133.0,0.0,133.0,133.0,0.0,0.110562086,0.055281043,0.0,0.0,0.0,133.0,117.0,101.0,16.0,256.0,17.0,0.0,0.0,101.0,1.0,133.0,1.0,1.0,1.0,101.0,133.0,0.0
0.0,1e-06,5e-07,0.0,0.0,60.0,0.0,0.0,28.0,0.0,0.0,0.0,0.0,0.0,0.0,0.0,60.0,60.0,60.0,0.0,0.0,60.0,0.0,0.0,0.0,29933.0,0.0,0.0,0.0,6e+07,1.0,0.0,0.0,0.0,0.0,1e+06,0.0,0.0,0.0,0.0,0.0,0.0,0.0,0.0,0.0,0.0,0.0,0.0,0.0,0.0,0.0,0.0,1e-06,5e-07,0.0,0.0,0.0,60.0,60.0,60.0,0.0,0.0,17.0,0.0,0.0,60.0,1.0,0.0,0.0,1.0,0.0,60.0,0.0,0.0
11.0,0.0031821728,0.0015910864,0.0,0.0,1006.1667,7.0,314.2507,280.0,1567.1254,530.3621,0.0,524.4075,3182.1729,65535.0,1.0,159.0,80.42857,66.0,32.195194,563.0,80.42857,0.0,0.0,0.04890974,12185.0,0.0,2.0,65535.0,3.7942628e+06,3182.0,1178.9799,289.28842,0.0,341.92722,3771.0083,5.0,314.2507,200.0,1292.944,654.757,41.007996,499.33368,2619.028,2.0,7306.0,2302.2,66.0,2928.59,11511.0,2302.2,0.0,0.0031821728,0.0015910864,0.0,0.0,3.0,7306.0,1006.1667,66.0,2184.9468,4.773992e+06,6.0,0.0,2.0,563.0,7.0,11511.0,5.0,7.0,5.0,563.0,11511.0,0.0
18.0,0.042182922,0.021091461,0.0,0.0,430.4,9.0,23.706276,360.0,34422.875,5211.6216,0.0,11078.532,41692.973,65535.0,5.0,1600.0,360.1111,66.0,469.1374,3241.0,360.1111,0.0,0.0,0.6038755,443.0,0.0,1.0,65535.0,204063.62,42182.0,34039.02,2220.1538,0.0,7523.5083,474.12552,11.0,23.706276,440.0,34039.02,4218.292,0.0,9977.763,42182.92,5.0,3877.0,487.9091,60.0,1082.2054,5367.0,487.9091,0.0,0.042182922,0.021091461,0.0,0.0,10.0,3877.0,430.4,60.0,864.422,747225.44,6.0,1.0,2.0,3241.0,9.0,5367.0,11.0,9.0,11.0,3241.0,5367.0,0.0
4.0,0.0019218922,0.0009609461,0.0,0.0,254.0,0.0,0.0,0.0,0.0,0.0,0.0,0.0,0.0,0.0,0.0,0.0,0.0,0.0,0.0,0.0,0.0,0.0,0.0,0.0,38184.0,0.0,1.0,65535.0,528645.7,1921.0,1245.9755,640.63074,86.06911,581.61835,2081.2822,0.0,0.0,160.0,1245.9755,640.63074,86.06911,581.61835,1921.8922,1.0,810.0,254.0,66.0,370.68585,0.0,254.0,0.0,0.0019218922,0.0009609461,0.0,0.0,1.0,810.0,254.0,66.0,370.68585,137408.0,6.0,0.0,1.0,0.0,0.0,1016.0,4.0,0.0,4.0,0.0,1016.0,0.0
7.0,5.008903,2.5044515,0.0,0.0,147.0,1.5,0.399289,120.0,5.006208e+06,2.5041775e+06,2147.1978,2.5020302e+06,5.008355e+06,65535.0,0.0,74.0,68.666664,66.0,3.7712362,103.0,68.666664,0.0,0.0,0.21237114,9092.0,0.0,2.0,65535.0,234.78195,5.008903e+06,4.998386e+06,715557.56,17.881393,1.7484592e+06,1.597156,2.5,0.399289,200.0,5.000432e+06,1.2522258e+06,62.942505,2.16403e+06,5.008903e+06,1.0,698.0,194.0,66.0,252.01904,485.0,194.0,0.0,5.008903,2.5044515,0.0,0.0,1.0,698.0,147.0,66.0,208.28586,43383.0,6.0,0.0,2.0,206.0,3.0,970.0,5.0,3.0,5.0,206.0,970.0,0.0
1.0,0.0004339218,0.0002169609,0.0,0.0,67.0,1.0,2304.5627,40.0,0.0,0.0,0.0,0.0,0.0,65535.0,0.0,74.0,74.0,74.0,0.0,74.0,74.0,0.0,0.0,1.2333333,40303.0,0.0,0.0,65535.0,308811.4,433.0,433.9218,433.9218,433.9218,0.0,4609.1255,1.0,2304.5627,40.0,0.0,0.0,0.0,0.0,0.0,0.0,60.0,60.0,60.0,0.0,60.0,60.0,0.0,0.0004339218,0.0002169609,0.0,0.0,0.0,74.0,67.0,60.0,7.0,49.0,6.0,1.0,1.0,74.0,1.0,60.0,1.0,1.0,1.0,74.0,60.0,0.0
1.0,1e-06,5e-07,0.0,0.0,113.0,1.0,1e+06,40.0,0.0,0.0,0.0,0.0,0.0,65535.0,1.0,113.0,113.0,113.0,0.0,113.0,113.0,0.0,0.0,0.0,3128.0,0.0,0.0,0.0,1.13e+08,1.0,0.0,0.0,0.0,0.0,1e+06,0.0,0.0,0.0,0.0,0.0,0.0,0.0,0.0,0.0,0.0,0.0,0.0,0.0,0.0,0.0,0.0,1e-06,5e-07,0.0,0.0,1.0,113.0,113.0,113.0,0.0,0.0,6.0,0.0,0.0,113.0,1.0,0.0,0.0,1.0,0.0,113.0,0.0,0.0
0.0,0.0003569126,0.0001784563,0.0,0.0,110.0,0.0,0.0,28.0,0.0,0.0,0.0,0.0,0.0,0.0,0.0,94.0,94.0,94.0,0.0,0.0,94.0,0.0,0.0,0.74603176,49674.0,0.0,0.0,0.0,616397.4,356.0,356.9126,356.9126,356.9126,0.0,5603.613,0.0,0.0,28.0,0.0,0.0,0.0,0.0,0.0,0.0,126.0,126.0,126.0,0.0,0.0,126.0,0.0,0.0003569126,0.0001784563,0.0,0.0,0.0,126.0,110.0,94.0,22.627417,512.0,17.0,0.0,0.0,94.0,1.0,126.0,1.0,1.0,1.0,94.0,126.0,0.0
1.0,1e-06,5e-07,0.0,0.0,58.0,0.0,0.0,0.0,0.0,0.0,0.0,0.0,0.0,0.0,0.0,0.0,0.0,0.0,0.0,0.0,0.0,0.0,0.0,0.0,59691.0,0.0,0.0,65535.0,5.8e+07,1.0,0.0,0.0,0.0,0.0,1e+06,0.0,0.0,40.0,0.0,0.0,0.0,0.0,0.0,0.0,58.0,58.0,58.0,0.0,0.0,58.0,0.0,1e-06,5e-07,0.0,0.0,0.0,58.0,58.0,58.0,0.0,0.0,6.0,0.0,1.0,0.0,0.0,58.0,1.0,0.0,1.0,0.0,58.0,0.0
1.0,1e-06,5e-07,0.0,0.0,58.0,0.0,0.0,0.0,0.0,0.0,0.0,0.0,0.0,0.0,0.0,0.0,0.0,0.0,0.0,0.0,0.0,0.0,0.0,0.0,17980.0,0.0,0.0,65535.0,5.8e+07,1.0,0.0,0.0,0.0,0.0,1e+06,0.0,0.0,40.0,0.0,0.0,0.0,0.0,0.0,0.0,58.0,58.0,58.0,0.0,0.0,58.0,0.0,1e-06,5e-07,0.0,0.0,0.0,58.0,58.0,58.0,0.0,0.0,6.0,0.0,1.0,0.0,0.0,58.0,1.0,0.0,1.0,0.0,58.0,0.0
1.0,1e-06,5e-07,0.0,0.0,60.0,0.0,0.0,0.0,0.0,0.0,0.0,0.0,0.0,0.0,0.0,0.0,0.0,0.0,0.0,0.0,0.0,0.0,0.0,0.0,42978.0,0.0,0.0,65535.0,6e+07,1.0,0.0,0.0,0.0,0.0,1e+06,0.0,0.0,40.0,0.0,0.0,0.0,0.0,0.0,0.0,60.0,60.0,60.0,0.0,0.0,60.0,0.0,1e-06,5e-07,0.0,0.0,0.0,60.0,60.0,60.0,0.0,0.0,6.0,1.0,0.0,0.0,0.0,60.0,1.0,0.0,1.0,0.0,60.0,0.0
1.0,1.0967255e-05,5.4836273e-06,0.0,0.0,64.0,1.0,91180.52,40.0,0.0,0.0,0.0,0.0,0.0,65535.0,0.0,74.0,74.0,74.0,0.0,74.0,74.0,0.0,0.0,1.3703704,60054.0,0.0,0.0,65535.0,1.1671107e+07,10.0,10.967255,10.967255,10.967255,0.0,182361.05,1.0,91180.52,40.0,0.0,0.0,0.0,0.0,0.0,0.0,54.0,54.0,54.0,0.0,54.0,54.0,0.0,1.0967255e-05,5.4836273e-06,0.0,0.0,0.0,74.0,64.0,54.0,10.0,100.0,6.0,1.0,1.0,74.0,1.0,54.0,1.0,1.0,1.0,74.0,54.0,0.0
0.0,1e-06,5e-07,0.0,0.0,60.0,0.0,0.0,28.0,0.0,0.0,0.0,0.0,0.0,0.0,0.0,60.0,60.0,60.0,0.0,0.0,60.0,0.0,0.0,0.0,32730.0,0.0,0.0,0.0,6e+07,1.0,0.0,0.0,0.0,0.0,1e+06,0.0,0.0,0.0,0.0,0.0,0.0,0.0,0.0,0.0,0.0,0.0,0.0,0.0,0.0,0.0,0.0,1e-06,5e-07,0.0,0.0,0.0,60.0,60.0,60.0,0.0,0.0,17.0,0.0,0.0,60.0,1.0,0.0,0.0,1.0,0.0,60.0,0.0,0.0
1.0,3.0040741e-05,1.50203705e-05,0.0,0.0,64.0,1.0,33288.13,40.0,0.0,0.0,0.0,0.0,0.0,65535.0,0.0,74.0,74.0,74.0,0.0,74.0,74.0,0.0,0.0,1.3703704,60328.0,0.0,0.0,65535.0,4.2608805e+06,30.0,30.040741,30.040741,30.040741,0.0,66576.26,1.0,33288.13,40.0,0.0,0.0,0.0,0.0,0.0,0.0,54.0,54.0,54.0,0.0,54.0,54.0,0.0,3.0040741e-05,1.50203705e-05,0.0,0.0,0.0,74.0,64.0,54.0,10.0,100.0,6.0,1.0,1.0,74.0,1.0,54.0,1.0,1.0,1.0,74.0,54.0,0.0
0.0,1e-06,5e-07,0.0,0.0,60.0,0.0,0.0,28.0,0.0,0.0,0.0,0.0,0.0,0.0,0.0,60.0,60.0,60.0,0.0,0.0,60.0,0.0,0.0,0.0,55980.0,0.0,0.0,0.0,6e+07,1.0,0.0,0.0,0.0,0.0,1e+06,0.0,0.0,0.0,0.0,0.0,0.0,0.0,0.0,0.0,0.0,0.0,0.0,0.0,0.0,0.0,0.0,1e-06,5e-07,0.0,0.0,0.0,60.0,60.0,60.0,0.0,0.0,17.0,0.0,0.0,60.0,1.0,0.0,0.0,1.0,0.0,60.0,0.0,0.0
54.0,2038.8008,1019.4004,0.0,0.0,128.83333,4.0,0.0029429065,960.0,7.9627104e+08,8.8643464e+07,223.87505,2.115536e+08,2.0387996e+09,65535.0,6.0,503.0,177.25,66.0,188.1002,709.0,177.25,0.0,0.0,1.2238204,80.0,0.0,12.0,65535.0,3.7914443,2.0388008e+09,7.962707e+08,3.4555948e+07,5.00679,1.3898139e+08,0.029429063,6.0,0.0029429065,1440.0,7.962707e+08,5.8251452e+07,11.920929,1.765805e+08,2.0388008e+09,6.0,323.0,96.55556,66.0,69.518364,579.3333,96.55556,0.0,2038.8008,1019.4004,0.0,0.0,12.0,503.0,128.83333,66.0,136.4373,18615.139,6.0,0.0,12.0,4254.0,24.0,3476.0,36.0,24.0,36.0,4254.0,3476.0,0.0
2.0,13.40247,6.701235,0.0,0.0,58.0,0.0,0.0,0.0,0.0,0.0,0.0,0.0,0.0,0.0,0.0,0.0,0.0,0.0,0.0,0.0,0.0,0.0,0.0,0.0,46677.0,0.0,0.0,65535.0,8.655121,1.340247e+07,1.340247e+07,1.340247e+07,1.340247e+07,0.0,0.14922622,0.0,0.0,80.0,1.340247e+07,1.340247e+07,1.340247e+07,0.0,1.340247e+07,0.0,58.0,58.0,58.0,0.0,0.0,58.0,0.0,13.40247,6.701235,0.0,0.0,0.0,58.0,58.0,58.0,0.0,0.0,6.0,0.0,2.0,0.0,0.0,116.0,2.0,0.0,2.0,0.0,116.0,0.0
0.0,0.0025749207,0.0012874603,0.0,0.0,109.0,1.0,388.36148,28.0,0.0,0.0,0.0,0.0,0.0,0.0,0.0,101.0,101.0,101.0,0.0,101.0,101.0,0.0,0.0,0.8632479,52598.0,0.0,0.0,0.0,84662.805,2574.0,2574.9207,2574.9207,2574.9207,0.0,776.72296,1.0,388.36148,28.0,0.0,0.0,0.0,0.0,0.0,0.0,117.0,117.0,117.0,0.0,117.0,117.0,0.0,0.0025749207,0.0012874603,0.0,0.0,0.0,117.0,109.0,101.0,8.0,64.0,17.0,0.0,0.0,101.0,1.0,117.0,1.0,1.0,1.0,101.0,117.0,0.0
7.0,0.030408144,0.015204072,0.0,0.0,70.75,4.0,32.885925,160.0,29521.941,10121.346,390.0528,13718.316,30364.037,65535.0,0.0,74.0,68.0,66.0,3.4641016,272.0,68.0,0.0,0.0,0.92517006,37326.0,0.0,2.0,65535.0,18613.436,30408.0,29521.941,4344.0205,44.107437,10279.397,263.0874,4.0,32.885925,160.0,29829.025,10119.041,49.114227,13938.169,30357.123,1.0,88.0,73.5,66.0,8.9861,294.0,73.5,0.0,0.030408144,0.015204072,0.0,0.0,1.0,88.0,70.75,66.0,7.3442154,53.9375,6.0,0.0,2.0,272.0,4.0,294.0,4.0,4.0,4.0,272.0,294.0,0.0
1.0,1e-06,5e-07,0.0,0.0,67.0,1.0,1e+06,40.0,0.0,0.0,0.0,0.0,0.0,65535.0,0.0,74.0,74.0,74.0,0.0,74.0,74.0,0.0,0.0,1.2333333,45115.0,0.0,0.0,65535.0,1.34e+08,1.0,0.0,0.0,0.0,0.0,2e+06,1.0,1e+06,40.0,0.0,0.0,0.0,0.0,0.0,0.0,60.0,60.0,60.0,0.0,60.0,60.0,0.0,1e-06,5e-07,0.0,0.0,0.0,74.0,67.0,60.0,7.0,49.0,6.0,1.0,1.0,74.0,1.0,60.0,1.0,1.0,1.0,74.0,60.0,0.0
0.0,1e-06,5e-07,0.0,0.0,102.0,1.0,1e+06,28.0,0.0,0.0,0.0,0.0,0.0,0.0,0.0,102.0,102.0,102.0,0.0,102.0,102.0,0.0,0.0,0.0,53.0,0.0,0.0,0.0,1.02e+08,1.0,0.0,0.0,0.0,0.0,1e+06,0.0,0.0,0.0,0.0,0.0,0.0,0.0,0.0,0.0,0.0,0.0,0.0,0.0,0.0,0.0,0.0,1e-06,5e-07,0.0,0.0,0.0,102.0,102.0,102.0,0.0,0.0,17.0,0.0,0.0,102.0,1.0,0.0,0.0,1.0,0.0,102.0,0.0,0.0
18.0,1318.8816,659.4408,0.0,0.0,128.5,4.0,0.0015164363,320.0,1.3188776e+09,1.8841162e+08,303.9837,4.615108e+08,1.3188813e+09,65535.0,2.0,503.0,177.25,66.0,188.1002,709.0,177.25,0.0,0.0,1.2309028,80.0,0.0,4.0,65535.0,1.9486208,1.3188815e+09,1.3188767e+09,6.941482e+07,0.0,2.9450096e+08,0.015164364,6.0,0.0015164363,480.0,1.3188767e+09,1.1989832e+08,0.0,3.7915024e+08,1.3188815e+09,2.0,322.0,96.0,66.0,72.23111,576.0,96.0,0.0,1318.8816,659.4408,0.0,0.0,4.0,503.0,128.5,66.0,137.35884,18867.45,6.0,0.0,4.0,1418.0,8.0,1152.0,12.0,8.0,12.0,1418.0,1152.0,0.0
209.0,1.2588539,0.62942696,0.0,0.0,336.3095,0.0,4200.0,0.0,18892.049,12103.44,0.0,2645.3125,1.2587579e+06,65535.0,101.0,198.0,186.00952,66.0,23.804289,0.0,186.00952,0.0,0.0,0.38225624,53056.0,0.0,2.0,65535.0,56102.617,1.258853e+06,18754.959,6023.2246,0.0,6042.8906,166.8184,0.0,4200.0,0.0,19132.854,12103.75,73.1945,2689.6543,1.25879e+06,101.0,522.0,486.60953,66.0,83.72925,0.0,486.60953,0.0,1.2588539,0.62942696,0.0,0.0,202.0,522.0,336.3095,66.0,162.69193,26468.664,6.0,0.0,2.0,19531.0,105.0,51094.0,105.0,105.0,105.0,19531.0,51094.0,0.0
0.0,0.00026106834,0.00013053417,0.0,0.0,144.5,1.0,3830.4146,28.0,0.0,0.0,0.0,0.0,0.0,0.0,0.0,104.0,104.0,104.0,0.0,104.0,104.0,0.0,0.0,0.56216216,40869.0,0.0,0.0,0.0,1.1069899e+06,261.0,261.06836,261.06836,261.06836,0.0,7660.829,1.0,3830.4146,28.0,0.0,0.0,0.0,0.0,0.0,0.0,185.0,185.0,185.0,0.0,185.0,185.0,0.0,0.00026106834,0.00013053417,0.0,0.0,0.0,185.0,144.5,104.0,40.5,1640.25,17.0,0.0,0.0,104.0,1.0,185.0,1.0,1.0,1.0,104.0,185.0,0.0
11.0,0.0063569546,0.0031784773,0.0,0.0,1008.4167,7.0,157.30803,280.0,2687.9312,1059.4924,0.0,911.4385,6356.9546,65535.0,1.0,186.0,84.28571,66.0,41.61632,590.0,84.28571,0.0,0.0,0.05125532,13179.0,0.0,2.0,65535.0,1.9035845e+06,6356.0,2687.9312,577.90497,0.0,834.8209,1887.6964,5.0,157.30803,200.0,3026.9622,1487.4935,68.18771,1324.426,5949.974,2.0,7306.0,2302.2,66.0,2928.59,11511.0,2302.2,0.0,0.0063569546,0.0031784773,0.0,0.0,3.0,7306.0,1008.4167,66.0,2184.087,4.7702355e+06,6.0,0.0,2.0,590.0,7.0,11511.0,5.0,7.0,5.0,590.0,11511.0,0.0
1.0,0.00027298927,0.00013649464,0.0,0.0,67.0,1.0,3663.1477,40.0,0.0,0.0,0.0,0.0,0.0,65535.0,0.0,74.0,74.0,74.0,0.0,74.0,74.0,0.0,0.0,1.2333333,34069.0,0.0,0.0,65535.0,490861.78,272.0,272.98926,272.98926,272.98926,0.0,7326.2954,1.0,3663.1477,40.0,0.0,0.0,0.0,0.0,0.0,0.0,60.0,60.0,60.0,0.0,60.0,60.0,0.0,0.00027298927,0.00013649464,0.0,0.0,0.0,74.0,67.0,60.0,7.0,49.0,6.0,1.0,1.0,74.0,1.0,60.0,1.0,1.0,1.0,74.0,60.0,0.0
38.0,8001.0063,4000.5032,0.0,0.0,159.74419,5.0,0.0006249214,1000.0,4.508921e+09,3.3337523e+08,210.04677,1.1142717e+09,8.001006e+09,65535.0,7.0,834.0,119.0,66.0,156.75536,595.0,119.0,0.0,0.0,0.7639959,55292.0,0.0,4.0,65535.0,0.858517,8.001006e+09,4.5089203e+09,1.9050014e+08,0.0,8.5831475e+08,0.005374324,3.6,0.0006249214,720.0,4.5089213e+09,4.706474e+08,0.0,1.2993239e+09,8.0010056e+09,8.0,1170.0,216.33333,60.0,339.14157,778.8,216.33333,0.0,8001.0063,4000.5032,0.0,0.0,15.0,1170.0,159.74419,60.0,254.43765,64738.516,6.0,2.0,6.0,2975.0,25.0,3894.0,18.0,25.0,18.0,2975.0,3894.0,0.0
0.0,1e-06,5e-07,0.0,0.0,60.0,0.0,0.0,28.0,0.0,0.0,0.0,0.0,0.0,0.0,0.0,60.0,60.0,60.0,0.0,0.0,60.0,0.0,0.0,0.0,42880.0,0.0,0.0,0.0,6e+07,1.0,0.0,0.0,0.0,0.0,1e+06,0.0,0.0,0.0,0.0,0.0,0.0,0.0,0.0,0.0,0.0,0.0,0.0,0.0,0.0,0.0,0.0,1e-06,5e-07,0.0,0.0,0.0,60.0,60.0,60.0,0.0,0.0,17.0,0.0,0.0,60.0,1.0,0.0,0.0,1.0,0.0,60.0,0.0,0.0
11.0,0.0047171116,0.0023585558,0.0,0.0,1007.25,7.0,211.99414,280.0,2660.0361,786.18524,139.9517,868.61285,4717.112,65535.0,1.0,172.0,82.28571,66.0,36.72957,576.0,82.28571,0.0,0.0,0.050039094,10422.0,0.0,2.0,65535.0,2.5623732e+06,4717.0,2276.1821,428.82834,20.980835,629.3531,2543.9297,5.0,211.99414,200.0,2732.9922,1075.7446,44.822693,1048.8837,4302.9785,2.0,7306.0,2302.2,66.0,2928.59,11511.0,2302.2,0.0,0.0047171116,0.0023585558,0.0,0.0,3.0,7306.0,1007.25,66.0,2184.5295,4.7721695e+06,6.0,0.0,2.0,576.0,7.0,11511.0,5.0,7.0,5.0,576.0,11511.0,0.0
27.0,4.51658,2.25829,0.0,0.0,182.28572,7.0,0.44281292,560.0,4.425719e+06,347429.25,0.0,1.1773674e+06,4.51658e+06,65535.0,9.0,1042.0,166.71428,66.0,244.63104,1167.0,166.71428,0.0,0.0,0.8425993,36624.0,0.0,2.0,65535.0,1130.0586,4.51658e+06,4.378153e+06,167280.75,0.0,825908.2,6.199381,7.0,0.44281292,560.0,4.378153e+06,347335.9,257.9689,1.1637052e+06,4.515367e+06,7.0,1146.0,197.85715,66.0,292.00046,1385.0,197.85715,0.0,4.51658,2.25829,0.0,0.0,16.0,1146.0,182.28572,66.0,269.80878,72796.77,6.0,0.0,2.0,2334.0,14.0,2770.0,14.0,14.0,14.0,2334.0,2770.0,0.0
11.0,0.0025968552,0.0012984276,0.0,0.0,1010.0,7.0,385.08115,280.0,655.8895,432.8092,0.0,229.93428,2596.8552,65535.0,1.0,205.0,87.0,66.0,48.25231,609.0,87.0,0.0,0.0,0.052905917,10017.0,0.0,2.0,65535.0,4.6671835e+06,2596.0,591.99335,236.07774,0.0,195.13603,4620.974,5.0,385.08115,200.0,907.89795,515.99744,43.86902,358.09512,2063.9897,2.0,7306.0,2302.2,66.0,2928.59,11511.0,2302.2,0.0,0.0025968552,0.0012984276,0.0,0.0,3.0,7306.0,1010.0,66.0,2183.4968,4.767659e+06,6.0,0.0,2.0,609.0,7.0,11511.0,5.0,7.0,5.0,609.0,11511.0,0.0
0.0,0.001593113,0.0007965565,0.0,0.0,179.5,1.0,627.7019,28.0,0.0,0.0,0.0,0.0,0.0,0.0,0.0,225.0,225.0,225.0,0.0,225.0,225.0,0.0,0.0,1.6791044,53.0,0.0,0.0,0.0,225344.98,1593.0,1593.1129,1593.1129,1593.1129,0.0,1255.4038,1.0,627.7019,28.0,0.0,0.0,0.0,0.0,0.0,0.0,134.0,134.0,134.0,0.0,134.0,134.0,0.0,0.001593113,0.0007965565,0.0,0.0,0.0,225.0,179.5,134.0,45.5,2070.25,17.0,0.0,0.0,225.0,1.0,134.0,1.0,1.0,1.0,225.0,134.0,0.0
4.0,41.330177,20.665089,0.0,0.0,58.0,0.0,0.0,0.0,0.0,0.0,0.0,0.0,0.0,0.0,0.0,0.0,0.0,0.0,0.0,0.0,0.0,0.0,0.0,0.0,27861.0,0.0,0.0,65535.0,5.613332,4.1330176e+07,2.6898884e+07,1.3776726e+07,504.01688,1.3461112e+07,0.09678158,0.0,0.0,160.0,2.6898884e+07,1.3776726e+07,504.01688,1.3461112e+07,4.1330176e+07,0.0,58.0,58.0,58.0,0.0,0.0,58.0,0.0,41.330177,20.665089,0.0,0.0,0.0,58.0,58.0,58.0,0.0,0.0,6.0,0.0,4.0,0.0,0.0,232.0,4.0,0.0,4.0,0.0,232.0,0.0
20.0,0.06574607,0.032873034,0.0,0.0,233.19048,11.0,15.210035,440.0,42125.94,6574.607,291.10907,12067.454,65746.07,65535.0,6.0,1634.0,227.54546,66.0,445.2585,2503.0,227.54546,0.0,0.0,1.0455304,38244.0,0.0,2.0,65535.0,74483.54,65746.0,41981.934,3287.3035,144.00482,9043.679,319.41074,10.0,15.210035,400.0,43504.953,7243.898,256.06155,13018.625,65195.082,5.0,1146.0,239.4,66.0,336.19287,2394.0,239.4,0.0,0.06574607,0.032873034,0.0,0.0,11.0,1634.0,233.19048,66.0,397.12054,157704.72,6.0,0.0,2.0,2503.0,11.0,2394.0,10.0,11.0,10.0,2503.0,2394.0,0.0
0.0,0.00048208237,0.00024104118,0.0,0.0,139.0,1.0,2074.3342,28.0,0.0,0.0,0.0,0.0,0.0,0.0,0.0,92.0,92.0,92.0,0.0,92.0,92.0,0.0,0.0,0.49462366,56895.0,0.0,0.0,0.0,576664.94,482.0,482.08237,482.08237,482.08237,0.0,4148.6685,1.0,2074.3342,28.0,0.0,0.0,0.0,0.0,0.0,0.0,186.0,186.0,186.0,0.0,186.0,186.0,0.0,0.00048208237,0.00024104118,0.0,0.0,0.0,186.0,139.0,92.0,47.0,2209.0,17.0,0.0,0.0,92.0,1.0,186.0,1.0,1.0,1.0,92.0,186.0,0.0
1.0,0.004058838,0.002029419,0.0,0.0,60.0,0.0,0.0,40.0,0.0,0.0,0.0,0.0,0.0,65535.0,0.0,60.0,60.0,60.0,0.0,0.0,60.0,0.0,0.0,1.0,5730.0,0.0,0.0,65535.0,29565.113,4058.0,4058.838,4058.838,4058.838,0.0,492.7519,0.0,0.0,40.0,0.0,0.0,0.0,0.0,0.0,0.0,60.0,60.0,60.0,0.0,0.0,60.0,0.0,0.004058838,0.002029419,0.0,0.0,0.0,60.0,60.0,60.0,0.0,0.0,6.0,1.0,1.0,60.0,1.0,60.0,1.0,1.0,1.0,60.0,60.0,0.0
0.0,5.00679e-05,2.503395e-05,0.0,0.0,60.0,0.0,0.0,56.0,50.0679,50.0679,50.0679,0.0,50.0679,0.0,0.0,60.0,60.0,60.0,0.0,0.0,60.0,0.0,0.0,0.0,2292.0,0.0,0.0,0.0,2.3967452e+06,50.0,50.0679,50.0679,50.0679,0.0,39945.754,0.0,0.0,0.0,0.0,0.0,0.0,0.0,0.0,0.0,0.0,0.0,0.0,0.0,0.0,0.0,0.0,5.00679e-05,2.503395e-05,0.0,0.0,0.0,60.0,60.0,60.0,0.0,0.0,17.0,0.0,0.0,120.0,2.0,0.0,0.0,2.0,0.0,120.0,0.0,0.0
30.0,4917.2085,2458.6042,0.0,0.0,176.35294,5.6666665,0.00061010226,680.0,4.914871e+09,3.073255e+08,0.0,1.1896632e+09,4.917208e+09,65535.0,8.0,1602.0,181.29411,66.0,357.11258,1027.3334,181.29411,0.0,0.0,1.0576527,36786.0,0.0,4.0,65535.0,1.2193911,4.9172086e+09,4.914871e+09,1.4900632e+08,0.0,8.424939e+08,0.006914492,5.6666665,0.00061010226,680.0,4.914872e+09,3.0732554e+08,54.836273,1.1896635e+09,4.9172086e+09,7.0,1146.0,171.41176,54.0,270.6826,971.3333,171.41176,0.0,4917.2085,2458.6042,0.0,0.0,15.0,1602.0,176.35294,54.0,316.89688,100423.64,6.0,2.0,4.0,3082.0,17.0,2914.0,17.0,17.0,17.0,3082.0,2914.0,0.0
14.0,1.0571151,0.52855754,0.0,0.0,218.53334,8.0,0.94597083,320.0,791548.0,151016.44,0.0,270876.0,1.0571151e+06,65535.0,2.0,2248.0,339.75,66.0,721.25543,2718.0,339.75,0.0,0.0,4.8535714,58997.0,0.0,2.0,65535.0,3100.8923,1.057115e+06,748850.1,75508.22,0.0,194458.56,14.189562,7.0,0.94597083,280.0,748850.1,176016.69,77.0092,271189.56,1.0561001e+06,4.0,100.0,80.0,66.0,11.513967,560.0,80.0,0.0,1.0571151,0.52855754,0.0,0.0,6.0,2248.0,218.53334,66.0,542.4937,294299.44,6.0,0.0,2.0,2718.0,8.0,560.0,7.0,8.0,7.0,2718.0,560.0,0.0
20.0,0.068679094,0.034339547,0.0,0.0,233.19048,11.0,14.560472,440.0,46423.91,6867.9097,370.02563,13414.074,68679.09,65535.0,6.0,1634.0,227.54546,66.0,445.2585,2503.0,227.54546,0.0,0.0,1.0455304,34654.0,0.0,2.0,65535.0,71302.63,68679.0,45927.047,3433.9548,8.106232,9917.713,305.7699,10.0,14.560472,400.0,47734.023,7584.6514,162.83989,14402.842,68261.86,5.0,1146.0,239.4,66.0,336.19287,2394.0,239.4,0.0,0.068679094,0.034339547,0.0,0.0,11.0,1634.0,233.19048,66.0,397.12054,157704.72,6.0,0.0,2.0,2503.0,11.0,2394.0,10.0,11.0,10.0,2503.0,2394.0,0.0
7.0,0.052227974,0.026113987,0.0,0.0,71.44444,5.0,19.146828,200.0,47596.93,13013.244,395.05957,19980.273,52052.977,65535.0,1.0,89.0,72.2,66.0,8.953212,361.0,72.2,0.0,0.0,1.2801418,44616.0,0.0,1.0,65535.0,12311.41,52227.0,47596.93,6528.4966,29.087067,15540.381,172.32144,4.0,19.146828,160.0,51296.95,17399.629,94.890594,23970.79,52198.887,1.0,88.0,70.5,54.0,12.359207,282.0,70.5,0.0,0.052227974,0.026113987,0.0,0.0,2.0,89.0,71.44444,54.0,10.636532,113.1358,6.0,1.0,2.0,361.0,5.0,282.0,4.0,5.0,4.0,361.0,282.0,0.0
1.0,0.00013422966,6.711483e-05,0.0,0.0,60.0,1.0,7449.9185,40.0,0.0,0.0,0.0,0.0,0.0,65535.0,0.0,60.0,60.0,60.0,0.0,60.0,60.0,0.0,0.0,1.0,2262.0,0.0,0.0,65535.0,893990.2,134.0,134.22966,134.22966,134.22966,0.0,14899.837,1.0,7449.9185,40.0,0.0,0.0,0.0,0.0,0.0,0.0,60.0,60.0,60.0,0.0,60.0,60.0,0.0,0.00013422966,6.711483e-05,0.0,0.0,0.0,60.0,60.0,60.0,0.0,0.0,6.0,1.0,1.0,60.0,1.0,60.0,1.0,1.0,1.0,60.0,60.0,0.0
0.0,1e-06,5e-07,0.0,0.0,60.0,0.0,0.0,0.0,0.0,0.0,0.0,0.0,0.0,0.0,0.0,0.0,0.0,0.0,0.0,0.0,0.0,0.0,0.0,0.0,964.0,0.0,0.0,65535.0,6e+07,1.0,0.0,0.0,0.0,0.0,1e+06,0.0,0.0,40.0,0.0,0.0,0.0,0.0,0.0,0.0,60.0,60.0,60.0,0.0,0.0,60.0,0.0,1e-06,5e-07,0.0,0.0,0.0,60.0,60.0,60.0,0.0,0.0,6.0,0.0,1.0,0.0,0.0,60.0,1.0,0.0,1.0,0.0,60.0,0.0
1.0,1e-06,5e-07,0.0,0.0,60.0,1.0,1e+06,40.0,0.0,0.0,0.0,0.0,0.0,65535.0,0.0,60.0,60.0,60.0,0.0,60.0,60.0,0.0,0.0,1.0,1179.0,0.0,0.0,65535.0,1.2e+08,1.0,0.0,0.0,0.0,0.0,2e+06,1.0,1e+06,40.0,0.0,0.0,0.0,0.0,0.0,0.0,60.0,60.0,60.0,0.0,60.0,60.0,0.0,1e-06,5e-07,0.0,0.0,0.0,60.0,60.0,60.0,0.0,0.0,6.0,1.0,1.0,60.0,1.0,60.0,1.0,1.0,1.0,60.0,60.0,0.0
7.0,4.997044,2.498522,0.0,0.0,72.25,1.5,0.4002366,120.0,4.996006e+06,2.498372e+06,738.1439,2.497634e+06,4.996744e+06,65535.0,0.0,74.0,68.666664,66.0,3.7712362,103.0,68.666664,0.0,0.0,0.55376345,110.0,0.0,2.0,65535.0,115.66838,4.997044e+06,4.996006e+06,713863.44,0.0,1.7481774e+06,1.6009464,2.5,0.4002366,200.0,4.996006e+06,1.249261e+06,298.9769,2.1631842e+06,4.997044e+06,1.0,100.0,74.4,66.0,13.169662,186.0,74.4,0.0,4.997044,2.498522,0.0,0.0,1.0,100.0,72.25,66.0,11.019869,121.4375,6.0,0.0,2.0,206.0,3.0,372.0,5.0,3.0,5.0,206.0,372.0,0.0
1.0,0.0005528927,0.00027644634,0.0,0.0,60.0,1.0,1808.6693,40.0,0.0,0.0,0.0,0.0,0.0,65535.0,0.0,60.0,60.0,60.0,0.0,60.0,60.0,0.0,0.0,1.0,1225.0,0.0,0.0,65535.0,217040.31,552.0,552.8927,552.8927,552.8927,0.0,3617.3386,1.0,1808.6693,40.0,0.0,0.0,0.0,0.0,0.0,0.0,60.0,60.0,60.0,0.0,60.0,60.0,0.0,0.0005528927,0.00027644634,0.0,0.0,0.0,60.0,60.0,60.0,0.0,0.0,6.0,1.0,1.0,60.0,1.0,60.0,1.0,1.0,1.0,60.0,60.0,0.0
11.0,0.0014159679,0.00070798397,0.0,0.0,75.333336,7.0,706.23065,280.0,787.0197,235.99466,0.0,284.43436,1415.9679,65535.0,3.0,119.0,80.28571,66.0,20.06215,562.0,80.28571,0.0,0.0,1.6432749,47442.0,0.0,2.0,65535.0,638432.56,1415.0,499.01007,128.72437,0.0,161.96756,8474.769,5.0,706.23065,200.0,499.01007,308.2156,0.9536743,195.51671,1232.8624,1.0,74.0,68.4,66.0,3.2,342.0,68.4,0.0,0.0014159679,0.00070798397,0.0,0.0,4.0,119.0,75.333336,66.0,16.534475,273.3889,6.0,0.0,2.0,562.0,7.0,342.0,5.0,7.0,5.0,562.0,342.0,0.0
6.0,0.030247927,0.015123963,0.0,0.0,71.0,5.0,33.060116,200.0,18572.807,7561.9814,197.17216,7325.5234,30247.926,65535.0,1.0,74.0,66.6,60.0,4.4542117,333.0,66.6,0.0,0.0,1.4170213,41370.0,0.0,1.0,65535.0,18778.146,30247.0,17946.959,4321.1323,83.208084,6426.4517,264.48093,3.0,33.060116,120.0,18030.166,14594.078,11157.989,3436.0886,29188.156,1.0,95.0,78.333336,66.0,12.229291,235.0,78.333336,0.0,0.030247927,0.015123963,0.0,0.0,2.0,95.0,71.0,60.0,10.03743,100.75,6.0,1.0,2.0,333.0,5.0,235.0,3.0,5.0,3.0,333.0,235.0,0.0
12.0,10.012322,5.006161,0.0,0.0,277.3846,3.5,0.19975387,280.0,1.0010745e+07,1.6687204e+06,0.9536743,3.730667e+06,1.0012322e+07,65535.0,1.0,2701.0,443.57144,66.0,921.59546,1552.5,443.57144,0.0,0.0,6.1976047,40519.0,0.0,2.0,65535.0,360.15622,1.0012321e+07,9.965493e+06,834360.2,0.9536743,2.753166e+06,1.2984002,3.0,0.19975387,240.0,9.965493e+06,2.0023501e+06,156.87943,3.9816062e+06,1.0011751e+07,2.0,129.0,83.5,66.0,23.634367,250.5,83.5,0.0,10.012322,5.006161,0.0,0.0,3.0,2701.0,277.3846,66.0,699.86774,489814.84,6.0,0.0,2.0,3105.0,7.0,501.0,6.0,7.0,6.0,3105.0,501.0,0.0
1.0,0.00013899803,6.9499016e-05,0.0,0.0,64.0,1.0,7194.3467,40.0,0.0,0.0,0.0,0.0,0.0,65535.0,0.0,74.0,74.0,74.0,0.0,74.0,74.0,0.0,0.0,1.3703704,51092.0,0.0,0.0,65535.0,920876.4,138.0,138.99803,138.99803,138.99803,0.0,14388.693,1.0,7194.3467,40.0,0.0,0.0,0.0,0.0,0.0,0.0,54.0,54.0,54.0,0.0,54.0,54.0,0.0,0.00013899803,6.9499016e-05,0.0,0.0,0.0,74.0,64.0,54.0,10.0,100.0,6.0,1.0,1.0,74.0,1.0,54.0,1.0,1.0,1.0,74.0,54.0,0.0
9.0,0.0021169186,0.0010584593,0.0,0.0,127.9,0.0,200.0,0.0,905.9906,518.97766,0.0,379.50882,2075.9106,65535.0,1.0,370.0,128.4,66.0,135.10292,0.0,128.4,0.0,0.0,1.0078493,44360.0,0.0,2.0,65535.0,604180.06,2116.0,663.9957,235.21318,0.0,284.88202,4723.847,0.0,200.0,0.0,1336.0977,525.47455,59.843063,578.0746,2101.8982,1.0,365.0,127.4,66.0,132.8676,0.0,127.4,0.0,0.0021169186,0.0010584593,0.0,0.0,2.0,370.0,127.9,66.0,126.32801,15958.767,6.0,0.0,2.0,642.0,5.0,637.0,5.0,5.0,5.0,642.0,637.0,0.0
9.0,0.0066628456,0.0033314228,0.0,0.0,69.0,6.0,150.08603,240.0,5079.985,1332.5691,0.0,1909.1527,6662.8457,65535.0,1.0,74.0,68.5,66.0,3.5472994,411.0,68.5,0.0,0.0,1.4731183,42088.0,0.0,2.0,65535.0,103559.36,6662.0,5079.985,740.31616,0.0,1558.772,1500.8602,4.0,150.08603,160.0,6018.877,2117.6338,68.90297,2759.7583,6352.9014,1.0,74.0,69.75,66.0,3.7666297,279.0,69.75,0.0,0.0066628456,0.0033314228,0.0,0.0,2.0,74.0,69.0,66.0,3.6878178,13.6,6.0,0.0,2.0,411.0,6.0,279.0,4.0,6.0,4.0,411.0,279.0,0.0
0.0,0.00088500977,0.00044250488,0.0,0.0,125.0,1.0,1129.931,28.0,0.0,0.0,0.0,0.0,0.0,0.0,0.0,157.0,157.0,157.0,0.0,157.0,157.0,0.0,0.0,1.6881721,53.0,0.0,0.0,0.0,282482.75,885.0,885.00977,885.00977,885.00977,0.0,2259.862,1.0,1129.931,28.0,0.0,0.0,0.0,0.0,0.0,0.0,93.0,93.0,93.0,0.0,93.0,93.0,0.0,0.00088500977,0.00044250488,0.0,0.0,0.0,157.0,125.0,93.0,32.0,1024.0,17.0,0.0,0.0,157.0,1.0,93.0,1.0,1.0,1.0,157.0,93.0,0.0
0.0,1e-06,5e-07,0.0,0.0,60.0,0.0,0.0,28.0,0.0,0.0,0.0,0.0,0.0,0.0,0.0,60.0,60.0,60.0,0.0,0.0,60.0,0.0,0.0,0.0,9761.0,0.0,0.0,0.0,6e+07,1.0,0.0,0.0,0.0,0.0,1e+06,0.0,0.0,0.0,0.0,0.0,0.0,0.0,0.0,0.0,0.0,0.0,0.0,0.0,0.0,0.0,0.0,1e-06,5e-07,0.0,0.0,0.0,60.0,60.0,60.0,0.0,0.0,17.0,0.0,0.0,60.0,1.0,0.0,0.0,1.0,0.0,60.0,0.0,0.0
9.0,0.006285906,0.003142953,0.0,0.0,328.7,6.0,159.08606,240.0,2846.0027,1257.1812,0.0,1014.14154,6285.906,65535.0,1.0,336.0,112.333336,66.0,100.06942,674.0,112.333336,0.0,0.0,0.25794107,56318.0,0.0,2.0,65535.0,522915.88,6285.0,2393.0073,698.43396,0.0,824.999,1590.8606,4.0,159.08606,160.0,2563.9534,1820.6438,504.97055,932.93536,5461.931,1.0,2407.0,653.25,66.0,1012.5333,2613.0,653.25,0.0,0.006285906,0.003142953,0.0,0.0,2.0,2407.0,328.7,66.0,697.3662,486319.62,6.0,0.0,2.0,674.0,6.0,2613.0,4.0,6.0,4.0,674.0,2613.0,0.0
7.0,1.010664,0.505332,0.0,0.0,72.125,1.5,1.9788971,120.0,1.00397494e+06,505028.5,6082.058,498946.44,1.010057e+06,65535.0,1.0,99.0,79.666664,66.0,14.055446,119.5,79.666664,0.0,0.0,0.7071006,22.0,0.0,2.0,65535.0,570.9118,1.010663e+06,1.00279594e+06,144380.56,13.113022,350452.34,7.9155884,2.5,1.9788971,200.0,1.00279594e+06,252666.0,609.87476,433092.97,1.010664e+06,0.0,74.0,67.6,66.0,3.2,169.0,67.6,0.0,1.010664,0.505332,0.0,0.0,1.0,99.0,72.125,66.0,10.705577,114.609375,6.0,0.0,2.0,239.0,3.0,338.0,5.0,3.0,5.0,239.0,338.0,0.0
1.0,1e-06,5e-07,0.0,0.0,54.0,0.0,0.0,0.0,0.0,0.0,0.0,0.0,0.0,0.0,0.0,0.0,0.0,0.0,0.0,0.0,0.0,0.0,0.0,0.0,54420.0,0.0,0.0,65535.0,5.4e+07,1.0,0.0,0.0,0.0,0.0,1e+06,0.0,0.0,40.0,0.0,0.0,0.0,0.0,0.0,0.0,54.0,54.0,54.0,0.0,0.0,54.0,0.0,1e-06,5e-07,0.0,0.0,0.0,54.0,54.0,54.0,0.0,0.0,6.0,1.0,0.0,0.0,0.0,54.0,1.0,0.0,1.0,0.0,54.0,0.0
45.0,1525.5608,762.7804,0.0,0.0,123.5,6.0,0.0032774834,1200.0,5.792193e+08,5.2605544e+07,0.0,1.453544e+08,1.5255608e+09,65535.0,5.0,275.0,96.0,66.0,64.49083,576.0,96.0,0.0,0.0,0.8740516,34188.0,0.0,10.0,65535.0,4.047692,1.5255608e+09,5.792193e+08,3.1133894e+07,0.0,1.14772664e+08,0.032774832,4.0,0.0032774834,800.0,5.792197e+08,8.029264e+07,303.03003,1.7327675e+08,1.5255602e+09,5.0,453.0,164.75,66.0,166.45326,659.0,164.75,0.0,1525.5608,762.7804,0.0,0.0,10.0,453.0,123.5,66.0,121.29505,14712.49,6.0,0.0,10.0,2880.0,30.0,3295.0,20.0,30.0,20.0,2880.0,3295.0,0.0
0.0,1e-06,5e-07,0.0,0.0,60.0,0.0,0.0,28.0,0.0,0.0,0.0,0.0,0.0,0.0,0.0,60.0,60.0,60.0,0.0,0.0,60.0,0.0,0.0,0.0,14369.0,0.0,0.0,0.0,6e+07,1.0,0.0,0.0,0.0,0.0,1e+06,0.0,0.0,0.0,0.0,0.0,0.0,0.0,0.0,0.0,0.0,0.0,0.0,0.0,0.0,0.0,0.0,1e-06,5e-07,0.0,0.0,0.0,60.0,60.0,60.0,0.0,0.0,17.0,0.0,0.0,60.0,1.0,0.0,0.0,1.0,0.0,60.0,0.0,0.0
20.0,539.05133,269.52567,0.0,0.0,604.7727,6.5,0.0037102217,520.0,5.390477e+08,4.4920944e+07,0.0,1.4898482e+08,5.390513e+08,65535.0,2.0,193.0,83.46154,66.0,38.57982,542.5,83.46154,0.0,0.0,0.08878887,56878.0,0.0,4.0,65535.0,24.68225,5.390513e+08,5.390477e+08,2.5669112e+07,0.0,1.1479494e+08,0.04081244,4.5,0.0037102217,360.0,5.390479e+08,6.738138e+07,0.0,1.7827318e+08,5.39051e+08,3.0,7306.0,1357.7778,66.0,2428.0532,6110.0,1357.7778,0.0,539.05133,269.52567,0.0,0.0,5.0,7306.0,604.7727,66.0,1674.8735,2.8052012e+06,6.0,0.0,4.0,1085.0,13.0,12220.0,9.0,13.0,9.0,1085.0,12220.0,0.0
1.0,4.053116e-06,2.026558e-06,0.0,0.0,57.0,1.0,246723.77,40.0,0.0,0.0,0.0,0.0,0.0,65535.0,0.0,60.0,60.0,60.0,0.0,60.0,60.0,0.0,0.0,1.1111112,2356.0,0.0,0.0,65535.0,2.812651e+07,4.0,4.053116,4.053116,4.053116,0.0,493447.53,1.0,246723.77,40.0,0.0,0.0,0.0,0.0,0.0,0.0,54.0,54.0,54.0,0.0,54.0,54.0,0.0,4.053116e-06,2.026558e-06,0.0,0.0,0.0,60.0,57.0,54.0,3.0,9.0,6.0,1.0,1.0,60.0,1.0,54.0,1.0,1.0,1.0,60.0,54.0,0.0
18.0,58.315765,29.157883,0.0,0.0,109.25,5.5,0.034296043,440.0,5.831115e+07,5.8315765e+06,0.0,1.7493192e+07,5.8315764e+07,65535.0,2.0,269.0,103.72727,66.0,76.334305,570.5,103.72727,0.0,0.0,1.0929118,58064.0,0.0,4.0,65535.0,37.468426,5.8315764e+07,5.8311144e+07,3.0692508e+06,0.0,1.3020639e+07,0.34296045,4.5,0.034296043,360.0,5.831117e+07,7.289428e+06,85.11543,1.9284406e+07,5.8315424e+07,2.0,453.0,116.0,66.0,120.00278,522.0,116.0,0.0,58.315765,29.157883,0.0,0.0,4.0,453.0,109.25,66.0,98.602165,9722.388,6.0,0.0,4.0,1141.0,11.0,1044.0,9.0,11.0,9.0,1141.0,1044.0,0.0
0.0,1e-06,5e-07,0.0,0.0,60.0,0.0,0.0,0.0,0.0,0.0,0.0,0.0,0.0,0.0,0.0,0.0,0.0,0.0,0.0,0.0,0.0,0.0,0.0,0.0,33354.0,0.0,0.0,65535.0,6e+07,1.0,0.0,0.0,0.0,0.0,1e+06,0.0,0.0,40.0,0.0,0.0,0.0,0.0,0.0,0.0,60.0,60.0,60.0,0.0,0.0,60.0,0.0,1e-06,5e-07,0.0,0.0,0.0,60.0,60.0,60.0,0.0,0.0,6.0,0.0,1.0,0.0,0.0,60.0,1.0,0.0,1.0,0.0,60.0,0.0
0.0,0.59328604,0.29664302,0.0,0.0,60.0,0.0,0.0,0.0,0.0,0.0,0.0,0.0,0.0,0.0,0.0,0.0,0.0,0.0,0.0,0.0,0.0,0.0,0.0,0.0,80.0,0.0,0.0,65535.0,202.26332,593286.0,593286.06,593286.06,593286.06,0.0,3.3710551,0.0,0.0,80.0,593286.06,593286.06,593286.06,0.0,593286.06,0.0,60.0,60.0,60.0,0.0,0.0,60.0,0.0,0.59328604,0.29664302,0.0,0.0,0.0,60.0,60.0,60.0,0.0,0.0,6.0,1.0,1.0,0.0,0.0,120.0,2.0,0.0,2.0,0.0,120.0,0.0
1.0,1e-06,5e-07,0.0,0.0,113.0,1.0,1e+06,40.0,0.0,0.0,0.0,0.0,0.0,65535.0,1.0,113.0,113.0,113.0,0.0,113.0,113.0,0.0,0.0,0.0,8000.0,0.0,0.0,0.0,1.13e+08,1.0,0.0,0.0,0.0,0.0,1e+06,0.0,0.0,0.0,0.0,0.0,0.0,0.0,0.0,0.0,0.0,0.0,0.0,0.0,0.0,0.0,0.0,1e-06,5e-07,0.0,0.0,1.0,113.0,113.0,113.0,0.0,0.0,6.0,0.0,0.0,113.0,1.0,0.0,0.0,1.0,0.0,113.0,0.0,0.0
0.0,1e-06,5e-07,0.0,0.0,60.0,0.0,0.0,28.0,0.0,0.0,0.0,0.0,0.0,0.0,0.0,60.0,60.0,60.0,0.0,0.0,60.0,0.0,0.0,0.0,59861.0,0.0,0.0,0.0,6e+07,1.0,0.0,0.0,0.0,0.0,1e+06,0.0,0.0,0.0,0.0,0.0,0.0,0.0,0.0,0.0,0.0,0.0,0.0,0.0,0.0,0.0,0.0,1e-06,5e-07,0.0,0.0,0.0,60.0,60.0,60.0,0.0,0.0,17.0,0.0,0.0,60.0,1.0,0.0,0.0,1.0,0.0,60.0,0.0,0.0
4.0,36.397957,18.198978,0.0,0.0,58.0,0.0,0.0,0.0,0.0,0.0,0.0,0.0,0.0,0.0,0.0,0.0,0.0,0.0,0.0,0.0,0.0,0.0,0.0,0.0,12171.0,0.0,0.0,65535.0,6.3739843,3.6397956e+07,3.4863964e+07,1.2132652e+07,233509.06,1.969312e+07,0.10989628,0.0,0.0,160.0,3.4863964e+07,1.2132652e+07,233509.06,1.969312e+07,3.6397956e+07,0.0,58.0,58.0,58.0,0.0,0.0,58.0,0.0,36.397957,18.198978,0.0,0.0,0.0,58.0,58.0,58.0,0.0,0.0,6.0,0.0,4.0,0.0,0.0,232.0,4.0,0.0,4.0,0.0,232.0,0.0
9.0,0.020901918,0.010450959,0.0,0.0,327.6,6.0,47.8425,240.0,12135.982,4180.384,0.0,4992.261,20901.918,65535.0,1.0,325.0,110.5,66.0,95.97179,663.0,110.5,0.0,0.0,0.25373134,41254.0,0.0,2.0,65535.0,156732.03,20901.0,11606.932,2322.4353,0.0,4025.2322,478.425,4.0,47.8425,160.0,11606.932,6798.6646,402.21216,4710.144,20395.994,1.0,2407.0,653.25,66.0,1012.5333,2613.0,653.25,0.0,0.020901918,0.010450959,0.0,0.0,2.0,2407.0,327.6,66.0,697.3625,486314.44,6.0,0.0,2.0,663.0,6.0,2613.0,4.0,6.0,4.0,663.0,2613.0,0.0
0.0,26.949581,13.474791,0.0,0.0,60.0,0.0,0.0,0.0,0.0,0.0,0.0,0.0,0.0,0.0,0.0,0.0,0.0,0.0,0.0,0.0,0.0,0.0,0.0,0.0,80.0,0.0,0.0,65535.0,4.4527593,2.694958e+07,2.6949582e+07,2.6949582e+07,2.6949582e+07,0.0,0.074212655,0.0,0.0,80.0,2.6949582e+07,2.6949582e+07,2.6949582e+07,0.0,2.6949582e+07,0.0,60.0,60.0,60.0,0.0,0.0,60.0,0.0,26.949581,13.474791,0.0,0.0,0.0,60.0,60.0,60.0,0.0,0.0,6.0,0.0,2.0,0.0,0.0,120.0,2.0,0.0,2.0,0.0,120.0,0.0
0.0,1e-06,5e-07,0.0,0.0,60.0,0.0,0.0,28.0,0.0,0.0,0.0,0.0,0.0,0.0,0.0,60.0,60.0,60.0,0.0,0.0,60.0,0.0,0.0,0.0,45247.0,0.0,0.0,0.0,6e+07,1.0,0.0,0.0,0.0,0.0,1e+06,0.0,0.0,0.0,0.0,0.0,0.0,0.0,0.0,0.0,0.0,0.0,0.0,0.0,0.0,0.0,0.0,1e-06,5e-07,0.0,0.0,0.0,60.0,60.0,60.0,0.0,0.0,17.0,0.0,0.0,60.0,1.0,0.0,0.0,1.0,0.0,60.0,0.0,0.0
5.0,895.0953,447.54764,0.0,0.0,67.0,0.0,0.0,200.0,4.39865e+08,2.2377382e+08,6.144364e+07,1.6056584e+08,8.950953e+08,65535.0,0.0,74.0,74.0,74.0,0.0,0.0,74.0,0.0,0.0,1.2333333,39309.0,0.0,0.0,65535.0,0.74852365,8.950953e+08,4.3986454e+08,9.945503e+07,0.0,1.5354984e+08,0.011171995,0.0,0.0,200.0,4.3986493e+08,2.237737e+08,6.144381e+07,1.6056581e+08,8.950948e+08,0.0,60.0,60.0,60.0,0.0,0.0,60.0,0.0,895.0953,447.54764,0.0,0.0,0.0,74.0,67.0,60.0,7.378648,54.444443,6.0,5.0,5.0,370.0,5.0,300.0,5.0,5.0,5.0,370.0,300.0,0.0
0.0,0.0003838539,0.00019192696,0.0,0.0,175.0,1.0,2605.1577,28.0,0.0,0.0,0.0,0.0,0.0,0.0,0.0,215.0,215.0,215.0,0.0,215.0,215.0,0.0,0.0,1.5925926,53.0,0.0,0.0,0.0,911805.2,383.0,383.8539,383.8539,383.8539,0.0,5210.3154,1.0,2605.1577,28.0,0.0,0.0,0.0,0.0,0.0,0.0,135.0,135.0,135.0,0.0,135.0,135.0,0.0,0.0003838539,0.00019192696,0.0,0.0,0.0,215.0,175.0,135.0,40.0,1600.0,17.0,0.0,0.0,215.0,1.0,135.0,1.0,1.0,1.0,215.0,135.0,0.0
1.0,0.00011396408,5.698204e-05,0.0,0.0,57.0,1.0,8774.694,40.0,0.0,0.0,0.0,0.0,0.0,65535.0,0.0,60.0,60.0,60.0,0.0,60.0,60.0,0.0,0.0,1.1111112,2313.0,0.0,0.0,65535.0,1.0003152e+06,113.0,113.96408,113.96408,113.96408,0.0,17549.389,1.0,8774.694,40.0,0.0,0.0,0.0,0.0,0.0,0.0,54.0,54.0,54.0,0.0,54.0,54.0,0.0,0.00011396408,5.698204e-05,0.0,0.0,0.0,60.0,57.0,54.0,3.0,9.0,6.0,1.0,1.0,60.0,1.0,54.0,1.0,1.0,1.0,60.0,54.0,0.0
1.0,4.6014786e-05,2.3007393e-05,0.0,0.0,64.0,1.0,21732.145,40.0,0.0,0.0,0.0,0.0,0.0,65535.0,0.0,74.0,74.0,74.0,0.0,74.0,74.0,0.0,0.0,1.3703704,56636.0,0.0,0.0,65535.0,2.7817145e+06,46.0,46.014786,46.014786,46.014786,0.0,43464.29,1.0,21732.145,40.0,0.0,0.0,0.0,0.0,0.0,0.0,54.0,54.0,54.0,0.0,54.0,54.0,0.0,4.6014786e-05,2.3007393e-05,0.0,0.0,0.0,74.0,64.0,54.0,10.0,100.0,6.0,1.0,1.0,74.0,1.0,54.0,1.0,1.0,1.0,74.0,54.0,0.0
9.0,0.0017299652,0.0008649826,0.0,0.0,170.7,6.0,578.0463,240.0,895.97705,345.99304,0.0,332.47998,1729.9652,65535.0,1.0,270.0,101.333336,66.0,75.48657,608.0,101.333336,0.0,0.0,0.5532302,40955.0,0.0,2.0,65535.0,986725.06,1729.0,674.00934,192.21835,0.0,216.7424,5780.463,4.0,578.0463,160.0,763.8931,459.35312,205.03998,230.89862,1378.0593,1.0,893.0,274.75,66.0,356.96173,1099.0,274.75,0.0,0.0017299652,0.0008649826,0.0,0.0,2.0,893.0,170.7,66.0,248.20396,61605.21,6.0,0.0,2.0,608.0,6.0,1099.0,4.0,6.0,4.0,608.0,1099.0,0.0
14.0,3.0893629,1.5446814,0.0,0.0,73.666664,4.0,0.6473827,320.0,2.967081e+06,441337.56,0.0,1.0313827e+06,3.0893628e+06,65535.0,2.0,78.0,69.875,66.0,5.1097336,279.5,69.875,0.0,0.0,1.0238096,53174.0,0.0,2.0,65535.0,357.67892,3.089362e+06,2.921559e+06,220668.78,0.0,749362.9,4.85537,3.5,0.6473827,280.0,2.921559e+06,514547.16,277.99606,1.0768368e+06,3.087283e+06,3.0,100.0,78.0,66.0,12.512851,273.0,78.0,0.0,3.0893629,1.5446814,0.0,0.0,5.0,100.0,73.666664,66.0,10.169672,103.422226,6.0,0.0,2.0,559.0,8.0,546.0,7.0,8.0,7.0,559.0,546.0,0.0
0.0,1.2136629,0.60683143,0.0,0.0,60.0,0.0,0.0,56.0,1.2136629e+06,1.2136629e+06,1.2136629e+06,0.0,1.2136629e+06,0.0,0.0,60.0,60.0,60.0,0.0,0.0,60.0,0.0,0.0,0.0,58726.0,0.0,0.0,0.0,98.874245,1.213662e+06,1.2136629e+06,1.2136629e+06,1.2136629e+06,0.0,1.647904,0.0,0.0,0.0,0.0,0.0,0.0,0.0,0.0,0.0,0.0,0.0,0.0,0.0,0.0,0.0,0.0,1.2136629,0.60683143,0.0,0.0,0.0,60.0,60.0,60.0,0.0,0.0,17.0,0.0,0.0,120.0,2.0,0.0,0.0,2.0,0.0,120.0,0.0,0.0
0.0,41.01257,20.506285,0.0,0.0,60.0,0.0,0.0,0.0,0.0,0.0,0.0,0.0,0.0,0.0,0.0,0.0,0.0,0.0,0.0,0.0,0.0,0.0,0.0,0.0,80.0,0.0,0.0,65535.0,2.9259322,4.1012572e+07,4.1012572e+07,4.1012572e+07,4.1012572e+07,0.0,0.048765536,0.0,0.0,80.0,4.1012572e+07,4.1012572e+07,4.1012572e+07,0.0,4.1012572e+07,0.0,60.0,60.0,60.0,0.0,0.0,60.0,0.0,41.01257,20.506285,0.0,0.0,0.0,60.0,60.0,60.0,0.0,0.0,6.0,0.0,2.0,0.0,0.0,120.0,2.0,0.0,2.0,0.0,120.0,0.0
11.0,0.019223213,0.009611607,0.0,0.0,174.75,7.0,52.02044,280.0,8041.1436,3203.869,0.9536743,2621.6304,19223.213,65535.0,1.0,1281.0,240.71428,66.0,424.70383,1685.0,240.71428,0.0,0.0,4.0898056,57975.0,0.0,2.0,65535.0,109086.86,19223.0,7270.0977,1747.5648,0.0,2248.561,624.2453,5.0,52.02044,200.0,7270.0977,4566.9673,1919.9849,1897.5212,18267.87,2.0,106.0,82.4,66.0,17.17673,412.0,82.4,0.0,0.019223213,0.009611607,0.0,0.0,3.0,1281.0,174.75,66.0,333.8151,111432.52,6.0,0.0,2.0,1685.0,7.0,412.0,5.0,7.0,5.0,1685.0,412.0,0.0
4.0,35.41722,17.70861,0.0,0.0,58.0,0.0,0.0,0.0,0.0,0.0,0.0,0.0,0.0,0.0,0.0,0.0,0.0,0.0,0.0,0.0,0.0,0.0,0.0,0.0,53988.0,0.0,0.0,65535.0,6.550485,3.5417224e+07,2.704491e+07,1.1805741e+07,1.283463e+06,1.351295e+07,0.1129394,0.0,0.0,160.0,2.704491e+07,1.1805741e+07,1.283463e+06,1.351295e+07,3.5417224e+07,0.0,58.0,58.0,58.0,0.0,0.0,58.0,0.0,35.41722,17.70861,0.0,0.0,0.0,58.0,58.0,58.0,0.0,0.0,6.0,0.0,4.0,0.0,0.0,232.0,4.0,0.0,4.0,0.0,232.0,0.0
1.0,1e-06,5e-07,0.0,0.0,58.0,0.0,0.0,0.0,0.0,0.0,0.0,0.0,0.0,0.0,0.0,0.0,0.0,0.0,0.0,0.0,0.0,0.0,0.0,0.0,25401.0,0.0,0.0,65535.0,5.8e+07,1.0,0.0,0.0,0.0,0.0,1e+06,0.0,0.0,40.0,0.0,0.0,0.0,0.0,0.0,0.0,58.0,58.0,58.0,0.0,0.0,58.0,0.0,1e-06,5e-07,0.0,0.0,0.0,58.0,58.0,58.0,0.0,0.0,6.0,0.0,1.0,0.0,0.0,58.0,1.0,0.0,1.0,0.0,58.0,0.0
18.0,267.7345,133.86725,0.0,0.0,77.0,5.5,0.007470087,440.0,2.6772627e+08,2.677345e+07,0.0,8.031761e+07,2.677345e+08,65535.0,2.0,119.0,77.09091,66.0,19.983877,424.0,77.09091,0.0,0.0,1.2254335,34476.0,0.0,4.0,65535.0,5.751967,2.677345e+08,2.6772627e+08,1.4091289e+07,0.0,5.978234e+07,0.07470087,4.5,0.007470087,360.0,2.6772699e+08,3.3466806e+07,92.02957,8.854203e+07,2.6773445e+08,2.0,107.0,76.888885,66.0,16.407616,346.0,76.888885,0.0,267.7345,133.86725,0.0,0.0,4.0,119.0,77.0,66.0,18.46077,340.8,6.0,0.0,4.0,848.0,11.0,692.0,9.0,11.0,9.0,848.0,692.0,0.0
1.0,0.0005970001,0.00029850006,0.0,0.0,787.0,1.0,1675.0415,40.0,0.0,0.0,0.0,0.0,0.0,65535.0,0.0,60.0,60.0,60.0,0.0,60.0,60.0,0.0,0.0,0.03963012,24990.0,0.0,0.0,65535.0,2.6365152e+06,597.0,597.0001,597.0001,597.0001,0.0,3350.083,1.0,1675.0415,40.0,0.0,0.0,0.0,0.0,0.0,0.0,1514.0,1514.0,1514.0,0.0,1514.0,1514.0,0.0,0.0005970001,0.00029850006,0.0,0.0,0.0,1514.0,787.0,60.0,727.0,528529.0,6.0,1.0,1.0,60.0,1.0,1514.0,1.0,1.0,1.0,60.0,1514.0,0.0
26.0,4587.796,2293.898,0.0,0.0,202.34483,8.0,0.0004359392,640.0,4.587694e+09,3.0585306e+08,248.909,1.1443702e+09,4.587796e+09,65535.0,7.0,810.0,145.875,66.0,184.19041,1167.0,145.875,0.0,0.0,0.6604414,39838.0,0.0,3.0,65535.0,1.2790456,4.587796e+09,4.587694e+09,1.6384986e+08,8.106232,8.513692e+08,0.006321118,6.5,0.0004359392,520.0,4.5876946e+09,3.8231632e+08,65.80353,1.2679693e+09,4.5877955e+09,7.0,1170.0,271.84616,54.0,384.88635,1767.0,271.84616,0.0,4587.796,2293.898,0.0,0.0,14.0,1170.0,202.34483,54.0,298.4109,89049.055,6.0,1.0,4.0,2334.0,16.0,3534.0,13.0,16.0,13.0,2334.0,3534.0,0.0
0.0,10.52145,5.260725,0.0,0.0,60.0,0.0,0.0,0.0,0.0,0.0,0.0,0.0,0.0,0.0,0.0,0.0,0.0,0.0,0.0,0.0,0.0,0.0,0.0,0.0,80.0,0.0,0.0,65535.0,11.4052725,1.052145e+07,1.052145e+07,1.052145e+07,1.052145e+07,0.0,0.19008787,0.0,0.0,80.0,1.052145e+07,1.052145e+07,1.052145e+07,0.0,1.052145e+07,0.0,60.0,60.0,60.0,0.0,0.0,60.0,0.0,10.52145,5.260725,0.0,0.0,0.0,60.0,60.0,60.0,0.0,0.0,6.0,0.0,2.0,0.0,0.0,120.0,2.0,0.0,2.0,0.0,120.0,0.0
0.0,1e-06,5e-07,0.0,0.0,96.0,1.0,1e+06,28.0,0.0,0.0,0.0,0.0,0.0,0.0,0.0,96.0,96.0,96.0,0.0,96.0,96.0,0.0,0.0,0.0,53.0,0.0,0.0,0.0,9.6e+07,1.0,0.0,0.0,0.0,0.0,1e+06,0.0,0.0,0.0,0.0,0.0,0.0,0.0,0.0,0.0,0.0,0.0,0.0,0.0,0.0,0.0,0.0,1e-06,5e-07,0.0,0.0,0.0,96.0,96.0,96.0,0.0,0.0,17.0,0.0,0.0,96.0,1.0,0.0,0.0,1.0,0.0,96.0,0.0,0.0
134.0,8044.995,4022.4976,0.0,0.0,424.77704,5.285714,0.0017402123,2960.0,1.6698767e+09,1.10205416e+08,0.0,3.397076e+08,8.044995e+09,65535.0,14.0,432.0,131.22974,66.0,131.86209,693.6429,131.22974,0.0,0.0,0.18268868,46904.0,0.0,28.0,65535.0,7.8144236,8.044995e+09,1.6698767e+09,5.472786e+07,0.0,2.4565069e+08,0.01839653,5.285714,0.0017402123,2960.0,1.6698767e+09,1.10205416e+08,37.908554,3.397076e+08,8.044995e+09,18.0,3506.0,718.32434,66.0,1281.7793,3796.8572,718.32434,0.0,8044.995,4022.4976,0.0,0.0,32.0,3506.0,424.77704,66.0,957.258,916342.9,6.0,0.0,28.0,9711.0,74.0,53156.0,74.0,74.0,74.0,9711.0,53156.0,0.0
1.0,1e-06,5e-07,0.0,0.0,58.0,0.0,0.0,0.0,0.0,0.0,0.0,0.0,0.0,0.0,0.0,0.0,0.0,0.0,0.0,0.0,0.0,0.0,0.0,0.0,18320.0,0.0,0.0,65535.0,5.8e+07,1.0,0.0,0.0,0.0,0.0,1e+06,0.0,0.0,40.0,0.0,0.0,0.0,0.0,0.0,0.0,58.0,58.0,58.0,0.0,0.0,58.0,0.0,1e-06,5e-07,0.0,0.0,0.0,58.0,58.0,58.0,0.0,0.0,6.0,0.0,1.0,0.0,0.0,58.0,1.0,0.0,1.0,0.0,58.0,0.0
2.0,27.339966,13.669983,0.0,0.0,58.0,0.0,0.0,0.0,0.0,0.0,0.0,0.0,0.0,0.0,0.0,0.0,0.0,0.0,0.0,0.0,0.0,0.0,0.0,0.0,12769.0,0.0,0.0,65535.0,4.2428727,2.7339966e+07,2.7339966e+07,2.7339966e+07,2.7339966e+07,0.0,0.07315298,0.0,0.0,80.0,2.7339966e+07,2.7339966e+07,2.7339966e+07,0.0,2.7339966e+07,0.0,58.0,58.0,58.0,0.0,0.0,58.0,0.0,27.339966,13.669983,0.0,0.0,0.0,58.0,58.0,58.0,0.0,0.0,6.0,0.0,2.0,0.0,0.0,116.0,2.0,0.0,2.0,0.0,116.0,0.0
0.0,0.008819103,0.0044095516,0.0,0.0,108.0,1.0,113.39021,28.0,0.0,0.0,0.0,0.0,0.0,0.0,0.0,100.0,100.0,100.0,0.0,100.0,100.0,0.0,0.0,0.86206895,35453.0,0.0,0.0,0.0,24492.285,8819.0,8819.104,8819.104,8819.104,0.0,226.78043,1.0,113.39021,28.0,0.0,0.0,0.0,0.0,0.0,0.0,116.0,116.0,116.0,0.0,116.0,116.0,0.0,0.008819103,0.0044095516,0.0,0.0,0.0,116.0,108.0,100.0,8.0,64.0,17.0,0.0,0.0,100.0,1.0,116.0,1.0,1.0,1.0,100.0,116.0,0.0
0.0,0.112961054,0.056480527,0.0,0.0,177.0,1.0,8.852609,28.0,0.0,0.0,0.0,0.0,0.0,0.0,0.0,223.0,223.0,223.0,0.0,223.0,223.0,0.0,0.0,1.70229,53.0,0.0,0.0,0.0,3133.8235,112961.0,112961.055,112961.055,112961.055,0.0,17.705217,1.0,8.852609,28.0,0.0,0.0,0.0,0.0,0.0,0.0,131.0,131.0,131.0,0.0,131.0,131.0,0.0,0.112961054,0.056480527,0.0,0.0,0.0,223.0,177.0,131.0,46.0,2116.0,17.0,0.0,0.0,223.0,1.0,131.0,1.0,1.0,1.0,223.0,131.0,0.0
0.0,9.999841,4.9999204,0.0,0.0,108.0,1.0,0.10000159,28.0,0.0,0.0,0.0,0.0,0.0,0.0,0.0,100.0,100.0,100.0,0.0,100.0,100.0,0.0,0.0,0.86206895,44496.0,0.0,0.0,0.0,21.600344,9.99984e+06,9.999841e+06,9.999841e+06,9.999841e+06,0.0,0.20000318,1.0,0.10000159,28.0,0.0,0.0,0.0,0.0,0.0,0.0,116.0,116.0,116.0,0.0,116.0,116.0,0.0,9.999841,4.9999204,0.0,0.0,0.0,116.0,108.0,100.0,8.0,64.0,17.0,0.0,0.0,100.0,1.0,116.0,1.0,1.0,1.0,100.0,116.0,0.0
1.0,3.0994415e-06,1.5497208e-06,0.0,0.0,57.0,0.0,0.0,40.0,0.0,0.0,0.0,0.0,0.0,65535.0,0.0,60.0,60.0,60.0,0.0,0.0,60.0,0.0,0.0,1.1111112,48935.0,0.0,0.0,65535.0,3.678082e+07,3.0,3.0994415,3.0994415,3.0994415,0.0,645277.56,0.0,0.0,40.0,0.0,0.0,0.0,0.0,0.0,0.0,54.0,54.0,54.0,0.0,0.0,54.0,0.0,3.0994415e-06,1.5497208e-06,0.0,0.0,0.0,60.0,57.0,54.0,4.2426405,18.0,6.0,1.0,1.0,60.0,1.0,54.0,1.0,1.0,1.0,60.0,54.0,0.0
2.0,7.9744368,3.9872184,0.0,0.0,58.0,0.0,0.0,0.0,0.0,0.0,0.0,0.0,0.0,0.0,0.0,0.0,0.0,0.0,0.0,0.0,0.0,0.0,0.0,0.0,20136.0,0.0,0.0,65535.0,14.546481,7.974436e+06,7.974437e+06,7.974437e+06,7.974437e+06,0.0,0.2508014,0.0,0.0,80.0,7.974437e+06,7.974437e+06,7.974437e+06,0.0,7.974437e+06,0.0,58.0,58.0,58.0,0.0,0.0,58.0,0.0,7.9744368,3.9872184,0.0,0.0,0.0,58.0,58.0,58.0,0.0,0.0,6.0,0.0,2.0,0.0,0.0,116.0,2.0,0.0,2.0,0.0,116.0,0.0
1.0,0.0038950443,0.0019475222,0.0,0.0,60.0,0.0,0.0,40.0,0.0,0.0,0.0,0.0,0.0,65535.0,0.0,60.0,60.0,60.0,0.0,0.0,60.0,0.0,0.0,1.0,42710.0,0.0,0.0,65535.0,30808.379,3895.0,3895.0444,3895.0444,3895.0444,0.0,513.47296,0.0,0.0,40.0,0.0,0.0,0.0,0.0,0.0,0.0,60.0,60.0,60.0,0.0,0.0,60.0,0.0,0.0038950443,0.0019475222,0.0,0.0,0.0,60.0,60.0,60.0,0.0,0.0,6.0,1.0,1.0,60.0,1.0,60.0,1.0,1.0,1.0,60.0,60.0,0.0
7.0,0.0023190975,0.0011595488,0.0,0.0,68.125,4.0,431.2022,160.0,1276.0162,770.33044,372.17142,376.74518,2310.9912,65535.0,1.0,74.0,68.25,66.0,3.344772,273.0,68.25,0.0,0.0,1.0036764,55142.0,0.0,2.0,65535.0,235005.2,2319.0,1276.0162,331.29965,8.106232,410.02176,3449.6177,4.0,431.2022,160.0,1635.0746,756.6611,234.8423,624.78394,2269.9834,0.0,74.0,68.0,66.0,3.4641016,272.0,68.0,0.0,0.0023190975,0.0011595488,0.0,0.0,1.0,74.0,68.125,66.0,3.4072533,11.609375,6.0,0.0,2.0,273.0,4.0,272.0,4.0,4.0,4.0,273.0,272.0,0.0
0.0,1e-06,5e-07,0.0,0.0,60.0,0.0,0.0,0.0,0.0,0.0,0.0,0.0,0.0,0.0,0.0,0.0,0.0,0.0,0.0,0.0,0.0,0.0,0.0,0.0,9090.0,0.0,0.0,65535.0,6e+07,1.0,0.0,0.0,0.0,0.0,1e+06,0.0,0.0,40.0,0.0,0.0,0.0,0.0,0.0,0.0,60.0,60.0,60.0,0.0,0.0,60.0,0.0,1e-06,5e-07,0.0,0.0,0.0,60.0,60.0,60.0,0.0,0.0,6.0,0.0,1.0,0.0,0.0,60.0,1.0,0.0,1.0,0.0,60.0,0.0
22.0,3341.7012,1670.8506,0.0,0.0,1007.2917,7.0,0.0005984976,560.0,3.3416952e+09,2.5705394e+08,0.0,8.9045926e+08,3.341701e+09,65535.0,2.0,186.0,82.35714,66.0,37.25512,576.5,82.35714,0.0,0.0,0.05008253,11623.0,0.0,4.0,65535.0,7.234339,3.341701e+09,3.3416952e+09,1.4529136e+08,0.0,6.814756e+08,0.007181971,5.0,0.0005984976,400.0,3.3416957e+09,3.713001e+08,41.007996,1.0501935e+09,3.3417009e+09,4.0,7306.0,2302.2,66.0,2928.59,11511.0,2302.2,0.0,3341.7012,1670.8506,0.0,0.0,6.0,7306.0,1007.2917,66.0,2184.517,4.772115e+06,6.0,0.0,4.0,1153.0,14.0,23022.0,10.0,14.0,10.0,1153.0,23022.0,0.0
45.0,1814.344,907.172,0.0,0.0,127.68,6.0,0.002755817,1200.0,1.0476562e+09,6.2563584e+07,0.0,2.0568056e+08,1.814344e+09,65535.0,5.0,330.0,102.96667,66.0,80.91703,617.8,102.96667,0.0,0.0,0.93748105,56290.0,0.0,10.0,65535.0,3.5186272,1.814344e+09,1.0476562e+09,3.7027428e+07,0.0,1.611921e+08,0.02755817,4.0,0.002755817,800.0,1.0476566e+09,9.549177e+07,178.09868,2.4784213e+08,1.8143436e+09,5.0,453.0,164.75,66.0,166.45326,659.0,164.75,0.0,1814.344,907.172,0.0,0.0,10.0,453.0,127.68,66.0,126.20356,15927.338,6.0,0.0,10.0,3089.0,30.0,3295.0,20.0,30.0,20.0,3089.0,3295.0,0.0
2.0,305.30493,152.65247,0.0,0.0,64.0,1.0,0.0065508275,80.0,3.0530493e+08,3.0530493e+08,3.0530493e+08,0.0,3.0530493e+08,65535.0,0.0,74.0,74.0,74.0,0.0,74.0,74.0,0.0,0.0,1.3703704,34568.0,0.0,0.0,65535.0,0.8385059,3.0530493e+08,3.053049e+08,1.0176831e+08,18.119812,1.439221e+08,0.013101655,1.0,0.0065508275,80.0,3.0530493e+08,3.0530493e+08,3.0530493e+08,0.0,3.0530493e+08,0.0,54.0,54.0,54.0,0.0,54.0,54.0,0.0,305.30493,152.65247,0.0,0.0,0.0,74.0,64.0,54.0,10.0,100.0,6.0,2.0,2.0,148.0,2.0,108.0,2.0,2.0,2.0,148.0,108.0,0.0
15.0,2.96716,1.48358,0.0,0.0,76.9375,4.5,0.6740452,360.0,2.964533e+06,370895.0,0.0,980303.2,2.96716e+06,65535.0,2.0,125.0,74.55556,66.0,18.215446,335.5,74.55556,0.0,0.0,1.1982143,43474.0,0.0,2.0,65535.0,414.87482,2.967159e+06,2.964109e+06,197810.67,0.0,739324.4,5.3923616,3.5,0.6740452,280.0,2.964331e+06,494459.0,58.174133,1.1045604e+06,2.966754e+06,4.0,100.0,80.0,66.0,11.513967,280.0,80.0,0.0,2.96716,1.48358,0.0,0.0,6.0,125.0,76.9375,66.0,15.8724165,251.9336,6.0,0.0,2.0,671.0,9.0,560.0,7.0,9.0,7.0,671.0,560.0,0.0
60.0,9872.911,4936.4556,0.0,0.0,607.98486,6.5,0.0006077235,1560.0,4.1654085e+09,2.5981346e+08,0.0,9.204843e+08,9.872911e+09,65535.0,6.0,323.0,88.89744,66.0,56.92451,577.8333,88.89744,0.0,0.0,0.09457174,37568.0,0.0,12.0,65535.0,4.0643535,9.872911e+09,4.1654085e+09,1.5189094e+08,0.0,7.153545e+08,0.0066849585,4.5,0.0006077235,1080.0,4.165409e+09,3.7972733e+08,30.040741,1.0921605e+09,9.87291e+09,9.0,7306.0,1357.7778,66.0,2428.0532,6110.0,1357.7778,0.0,9872.911,4936.4556,0.0,0.0,15.0,7306.0,607.98486,66.0,1674.1847,2.8028945e+06,6.0,0.0,12.0,3467.0,39.0,36660.0,27.0,39.0,27.0,3467.0,36660.0,0.0
63.0,1417.2286,708.6143,0.0,0.0,123.92857,6.0,0.004939217,1680.0,5.454173e+08,3.456655e+07,0.0,1.0259996e+08,1.4172285e+09,65535.0,7.0,296.0,96.71429,66.0,66.32901,580.2857,96.71429,0.0,0.0,0.880555,57666.0,0.0,14.0,65535.0,6.1211014,1.4172285e+09,5.454173e+08,2.0539544e+07,0.0,8.088965e+07,0.049392175,4.0,0.004939217,1120.0,5.454176e+08,5.2489936e+07,368.83356,1.2265525e+08,1.4172283e+09,7.0,453.0,164.75,66.0,166.45326,659.0,164.75,0.0,1417.2286,708.6143,0.0,0.0,14.0,453.0,123.92857,66.0,121.79213,14833.323,6.0,0.0,14.0,4062.0,42.0,4613.0,28.0,42.0,28.0,4062.0,4613.0,0.0
0.0,1e-06,5e-07,0.0,0.0,96.0,1.0,1e+06,28.0,0.0,0.0,0.0,0.0,0.0,0.0,0.0,96.0,96.0,96.0,0.0,96.0,96.0,0.0,0.0,0.0,53.0,0.0,0.0,0.0,9.6e+07,1.0,0.0,0.0,0.0,0.0,1e+06,0.0,0.0,0.0,0.0,0.0,0.0,0.0,0.0,0.0,0.0,0.0,0.0,0.0,0.0,0.0,0.0,1e-06,5e-07,0.0,0.0,0.0,96.0,96.0,96.0,0.0,0.0,17.0,0.0,0.0,96.0,1.0,0.0,0.0,1.0,0.0,96.0,0.0,0.0
1.0,1e-06,5e-07,0.0,0.0,60.0,0.0,0.0,0.0,0.0,0.0,0.0,0.0,0.0,0.0,0.0,0.0,0.0,0.0,0.0,0.0,0.0,0.0,0.0,0.0,42225.0,0.0,0.0,65535.0,6e+07,1.0,0.0,0.0,0.0,0.0,1e+06,0.0,0.0,40.0,0.0,0.0,0.0,0.0,0.0,0.0,60.0,60.0,60.0,0.0,0.0,60.0,0.0,1e-06,5e-07,0.0,0.0,0.0,60.0,60.0,60.0,0.0,0.0,6.0,1.0,0.0,0.0,0.0,60.0,1.0,0.0,1.0,0.0,60.0,0.0
72.0,2275.6763,1137.8381,0.0,0.0,127.725,6.0,0.0035154386,1920.0,8.9305434e+08,4.8418644e+07,0.0,1.6047755e+08,2.2756762e+09,65535.0,8.0,321.0,103.041664,66.0,80.260506,618.25,103.041664,0.0,0.0,0.9381639,44742.0,0.0,16.0,65535.0,4.490094,2.2756762e+09,8.9305434e+08,2.8806028e+07,0.0,1.2604123e+08,0.035154387,4.0,0.0035154386,1280.0,8.930545e+08,7.340891e+07,365.9725,1.9290016e+08,2.2756762e+09,8.0,453.0,164.75,66.0,166.45326,659.0,164.75,0.0,2275.6763,1137.8381,0.0,0.0,16.0,453.0,127.725,66.0,125.94294,15861.624,6.0,0.0,16.0,4946.0,48.0,5272.0,32.0,48.0,32.0,4946.0,5272.0,0.0
18.0,0.3523121,0.17615604,0.0,0.0,128.6,11.0,2.8383925,440.0,334840.78,35231.207,271.79718,99878.695,352312.1,65535.0,2.0,260.0,102.545456,66.0,73.81594,1128.0,102.545456,0.0,0.0,0.78116345,40563.0,0.0,4.0,65535.0,7300.3457,352312.0,334810.97,18542.742,7.867813,74555.93,56.76785,9.0,2.8383925,360.0,334821.0,43988.527,64.84985,109946.19,351908.22,2.0,893.0,160.44444,66.0,259.02127,1444.0,160.44444,0.0,0.3523121,0.17615604,0.0,0.0,4.0,893.0,128.6,66.0,184.43953,34017.94,6.0,0.0,4.0,1128.0,11.0,1444.0,9.0,11.0,9.0,1128.0,1444.0,0.0
7.0,5.001728,2.500864,0.0,0.0,162.5,1.5,0.3998618,120.0,5.000586e+06,2.500735e+06,884.0561,2.499851e+06,5.00147e+06,65535.0,0.0,74.0,68.666664,66.0,3.7712362,103.0,68.666664,0.0,0.0,0.18829982,9092.0,0.0,2.0,65535.0,259.9102,5.001728e+06,4.999859e+06,714532.56,10.967255,1.7494771e+06,1.5994473,2.5,0.3998618,200.0,5.000501e+06,1.250432e+06,225.06714,2.1651032e+06,5.001728e+06,1.0,822.0,218.8,66.0,301.6159,547.0,218.8,0.0,5.001728,2.500864,0.0,0.0,1.0,822.0,162.5,66.0,249.2905,62145.75,6.0,0.0,2.0,206.0,3.0,1094.0,5.0,3.0,5.0,206.0,1094.0,0.0
1.0,0.00028395653,0.00014197826,0.0,0.0,67.0,0.0,0.0,40.0,0.0,0.0,0.0,0.0,0.0,65535.0,0.0,74.0,74.0,74.0,0.0,0.0,74.0,0.0,0.0,1.2333333,45951.0,0.0,0.0,65535.0,471903.22,283.0,283.95654,283.95654,283.95654,0.0,7043.3315,0.0,0.0,40.0,0.0,0.0,0.0,0.0,0.0,0.0,60.0,60.0,60.0,0.0,0.0,60.0,0.0,0.00028395653,0.00014197826,0.0,0.0,0.0,74.0,67.0,60.0,9.899495,98.0,6.0,1.0,1.0,74.0,1.0,60.0,1.0,1.0,1.0,74.0,60.0,0.0
0.0,1e-06,5e-07,0.0,0.0,102.0,1.0,1e+06,28.0,0.0,0.0,0.0,0.0,0.0,0.0,0.0,102.0,102.0,102.0,0.0,102.0,102.0,0.0,0.0,0.0,53.0,0.0,0.0,0.0,1.02e+08,1.0,0.0,0.0,0.0,0.0,1e+06,0.0,0.0,0.0,0.0,0.0,0.0,0.0,0.0,0.0,0.0,0.0,0.0,0.0,0.0,0.0,0.0,1e-06,5e-07,0.0,0.0,0.0,102.0,102.0,102.0,0.0,0.0,17.0,0.0,0.0,102.0,1.0,0.0,0.0,1.0,0.0,102.0,0.0,0.0
13.0,1.0224991,0.51124954,0.0,0.0,254.21428,4.0,1.955992,320.0,1.00119206e+06,146071.3,231.98128,349135.06,1.02249906e+06,65535.0,2.0,108.0,76.625,66.0,16.39312,306.5,76.625,0.0,0.0,0.20807876,46750.0,0.0,2.0,65535.0,3480.6877,1.022499e+06,1.001024e+06,78653.77,0.0,266290.47,13.691944,3.0,1.955992,240.0,1.00199006e+06,204406.22,168.0851,398820.3,1.02203106e+06,2.0,2345.0,491.0,66.0,834.5981,1473.0,491.0,0.0,1.0224991,0.51124954,0.0,0.0,4.0,2345.0,254.21428,66.0,583.7185,340727.3,6.0,0.0,2.0,613.0,8.0,2946.0,6.0,8.0,6.0,613.0,2946.0,0.0
1.0,3.71933e-05,1.859665e-05,0.0,0.0,64.0,1.0,26886.564,40.0,0.0,0.0,0.0,0.0,0.0,65535.0,0.0,74.0,74.0,74.0,0.0,74.0,74.0,0.0,0.0,1.3703704,44569.0,0.0,0.0,65535.0,3.4414802e+06,37.0,37.1933,37.1933,37.1933,0.0,53773.13,1.0,26886.564,40.0,0.0,0.0,0.0,0.0,0.0,0.0,54.0,54.0,54.0,0.0,54.0,54.0,0.0,3.71933e-05,1.859665e-05,0.0,0.0,0.0,74.0,64.0,54.0,10.0,100.0,6.0,1.0,1.0,74.0,1.0,54.0,1.0,1.0,1.0,74.0,54.0,0.0
0.0,1e-06,5e-07,0.0,0.0,60.0,0.0,0.0,28.0,0.0,0.0,0.0,0.0,0.0,0.0,0.0,60.0,60.0,60.0,0.0,0.0,60.0,0.0,0.0,0.0,3892.0,0.0,0.0,0.0,6e+07,1.0,0.0,0.0,0.0,0.0,1e+06,0.0,0.0,0.0,0.0,0.0,0.0,0.0,0.0,0.0,0.0,0.0,0.0,0.0,0.0,0.0,0.0,1e-06,5e-07,0.0,0.0,0.0,60.0,60.0,60.0,0.0,0.0,17.0,0.0,0.0,60.0,1.0,0.0,0.0,1.0,0.0,60.0,0.0,0.0
0.0,1e-06,5e-07,0.0,0.0,60.0,0.0,0.0,0.0,0.0,0.0,0.0,0.0,0.0,0.0,0.0,0.0,0.0,0.0,0.0,0.0,0.0,0.0,0.0,0.0,542.0,0.0,0.0,65535.0,6e+07,1.0,0.0,0.0,0.0,0.0,1e+06,0.0,0.0,40.0,0.0,0.0,0.0,0.0,0.0,0.0,60.0,60.0,60.0,0.0,0.0,60.0,0.0,1e-06,5e-07,0.0,0.0,0.0,60.0,60.0,60.0,0.0,0.0,6.0,0.0,1.0,0.0,0.0,60.0,1.0,0.0,1.0,0.0,60.0,0.0
0.0,46.589043,23.294521,0.0,0.0,60.0,0.0,0.0,0.0,0.0,0.0,0.0,0.0,0.0,0.0,0.0,0.0,0.0,0.0,0.0,0.0,0.0,0.0,0.0,0.0,80.0,0.0,0.0,65535.0,5.151426,4.6589044e+07,3.2464118e+07,1.5529681e+07,6.368718e+06,1.4682051e+07,0.08585709,0.0,0.0,160.0,3.2464118e+07,1.5529681e+07,6.368718e+06,1.4682051e+07,4.6589044e+07,0.0,60.0,60.0,60.0,0.0,0.0,60.0,0.0,46.589043,23.294521,0.0,0.0,0.0,60.0,60.0,60.0,0.0,0.0,6.0,0.0,4.0,0.0,0.0,240.0,4.0,0.0,4.0,0.0,240.0,0.0
0.0,1e-06,5e-07,0.0,0.0,60.0,0.0,0.0,28.0,0.0,0.0,0.0,0.0,0.0,0.0,0.0,60.0,60.0,60.0,0.0,0.0,60.0,0.0,0.0,0.0,11449.0,0.0,0.0,0.0,6e+07,1.0,0.0,0.0,0.0,0.0,1e+06,0.0,0.0,0.0,0.0,0.0,0.0,0.0,0.0,0.0,0.0,0.0,0.0,0.0,0.0,0.0,0.0,1e-06,5e-07,0.0,0.0,0.0,60.0,60.0,60.0,0.0,0.0,17.0,0.0,0.0,60.0,1.0,0.0,0.0,1.0,0.0,60.0,0.0,0.0
9.0,0.004426956,0.002213478,0.0,0.0,436.7,5.0,225.88884,200.0,1824.8558,1096.0103,555.9921,458.7672,4384.041,65535.0,1.0,317.0,117.8,66.0,99.64818,589.0,117.8,0.0,0.0,0.1559026,55046.0,0.0,2.0,65535.0,986456.56,4426.0,1824.8558,491.88403,22.172928,559.0341,2258.8884,5.0,225.88884,200.0,2364.1587,1097.0234,79.870224,887.3715,4388.0938,1.0,3506.0,755.6,66.0,1375.2035,3778.0,755.6,0.0,0.004426956,0.002213478,0.0,0.0,2.0,3506.0,436.7,66.0,1025.7946,1.0522544e+06,6.0,0.0,2.0,589.0,5.0,3778.0,5.0,5.0,5.0,589.0,3778.0,0.0
2.0,17.013948,8.506974,0.0,0.0,58.0,0.0,0.0,0.0,0.0,0.0,0.0,0.0,0.0,0.0,0.0,0.0,0.0,0.0,0.0,0.0,0.0,0.0,0.0,0.0,49044.0,0.0,0.0,65535.0,6.8179355,1.7013948e+07,1.7013948e+07,1.7013948e+07,1.7013948e+07,0.0,0.11755061,0.0,0.0,80.0,1.7013948e+07,1.7013948e+07,1.7013948e+07,0.0,1.7013948e+07,0.0,58.0,58.0,58.0,0.0,0.0,58.0,0.0,17.013948,8.506974,0.0,0.0,0.0,58.0,58.0,58.0,0.0,0.0,6.0,0.0,2.0,0.0,0.0,116.0,2.0,0.0,2.0,0.0,116.0,0.0
7.0,4.9850397,2.4925199,0.0,0.0,72.125,1.5,0.40120038,120.0,4.982119e+06,2.4910595e+06,0.0,2.4910595e+06,4.982119e+06,65535.0,0.0,74.0,68.666664,66.0,3.7712362,103.0,68.666664,0.0,0.0,0.55525607,143.0,0.0,2.0,65535.0,115.746315,4.985039e+06,4.981652e+06,712148.56,0.0,1.7430178e+06,1.6048015,2.5,0.40120038,200.0,4.981652e+06,1.24626e+06,0.0,2.15663e+06,4.98504e+06,1.0,99.0,74.2,66.0,12.781237,185.5,74.2,0.0,4.9850397,2.4925199,0.0,0.0,1.0,99.0,72.125,66.0,10.705577,114.609375,6.0,0.0,2.0,206.0,3.0,371.0,5.0,3.0,5.0,206.0,371.0,0.0
0.0,16.58387,8.291935,0.0,0.0,60.0,0.0,0.0,0.0,0.0,0.0,0.0,0.0,0.0,0.0,0.0,0.0,0.0,0.0,0.0,0.0,0.0,0.0,0.0,0.0,80.0,0.0,0.0,65535.0,7.235946,1.658387e+07,1.6583871e+07,1.6583871e+07,1.6583871e+07,0.0,0.120599106,0.0,0.0,80.0,1.6583871e+07,1.6583871e+07,1.6583871e+07,0.0,1.6583871e+07,0.0,60.0,60.0,60.0,0.0,0.0,60.0,0.0,16.58387,8.291935,0.0,0.0,0.0,60.0,60.0,60.0,0.0,0.0,6.0,0.0,2.0,0.0,0.0,120.0,2.0,0.0,2.0,0.0,120.0,0.0
45.0,1766.5664,883.2832,0.0,0.0,126.76,6.0,0.0028303494,1200.0,5.57467e+08,6.0916084e+07,0.0,1.5955531e+08,1.7665664e+09,65535.0,5.0,357.0,101.433334,66.0,80.52854,608.6,101.433334,0.0,0.0,0.9235205,43874.0,0.0,10.0,65535.0,3.5877507,1.7665664e+09,5.57467e+08,3.6052376e+07,0.0,1.2634601e+08,0.028303493,4.0,0.0028303494,800.0,5.574674e+08,9.297716e+07,326.8719,1.8940936e+08,1.766566e+09,5.0,453.0,164.75,66.0,166.45326,659.0,164.75,0.0,1766.5664,883.2832,0.0,0.0,10.0,453.0,126.76,66.0,126.23685,15935.742,6.0,0.0,10.0,3043.0,30.0,3295.0,20.0,30.0,20.0,3043.0,3295.0,0.0
83.0,2440.4536,1220.2268,0.0,0.0,434.65216,5.111111,0.003687839,1840.0,5.744287e+08,5.42323e+07,0.0,1.3868637e+08,2.4404536e+09,65535.0,9.0,430.0,128.69565,66.0,124.758,657.7778,128.69565,0.0,0.0,0.1737701,60344.0,0.0,18.0,65535.0,16.385479,2.4404536e+09,5.744287e+08,2.6818172e+07,0.0,1.0122485e+08,0.03769791,5.111111,0.003687839,1840.0,5.744287e+08,5.42323e+07,22.888184,1.3868637e+08,2.4404536e+09,10.0,3506.0,740.6087,66.0,1338.5397,3785.3333,740.6087,0.0,2440.4536,1220.2268,0.0,0.0,19.0,3506.0,434.65216,66.0,998.617,997235.94,6.0,0.0,18.0,5920.0,46.0,34068.0,46.0,46.0,46.0,5920.0,34068.0,0.0
18.0,128.93896,64.46948,0.0,0.0,203.9,6.0,0.015511214,480.0,1.2893138e+08,1.1721725e+07,0.0,3.7064948e+07,1.2893897e+08,65535.0,2.0,250.0,91.0,66.0,55.139217,546.0,91.0,0.0,0.0,0.36570662,35737.0,0.0,4.0,65535.0,31.627365,1.2893897e+08,1.2893138e+08,6.7862615e+06,0.0,2.878988e+07,0.15511215,4.0,0.015511214,320.0,1.289322e+08,1.841978e+07,346.89905,4.5116508e+07,1.28938456e+08,2.0,1681.0,373.25,66.0,563.1453,1493.0,373.25,0.0,128.93896,64.46948,0.0,0.0,4.0,1681.0,203.9,66.0,384.4436,147796.89,6.0,0.0,4.0,1092.0,12.0,2986.0,8.0,12.0,8.0,1092.0,2986.0,0.0
9.0,0.0020890236,0.0010445118,0.0,0.0,169.7,6.0,478.69254,240.0,618.93463,417.80472,0.0,233.54044,2089.0237,65535.0,1.0,260.0,99.666664,66.0,71.762726,598.0,99.666664,0.0,0.0,0.54413104,34843.0,0.0,2.0,65535.0,812341.25,2089.0,525.9514,232.11374,0.0,178.57295,4786.9253,4.0,478.69254,160.0,694.9902,495.67224,164.03198,236.09467,1487.0167,1.0,893.0,274.75,66.0,356.96173,1099.0,274.75,0.0,0.0020890236,0.0010445118,0.0,0.0,2.0,893.0,169.7,66.0,247.82173,61415.61,6.0,0.0,2.0,598.0,6.0,1099.0,4.0,6.0,4.0,598.0,1099.0,0.0
1.0,1.3828278e-05,6.914139e-06,0.0,0.0,60.0,0.0,0.0,40.0,0.0,0.0,0.0,0.0,0.0,65535.0,0.0,60.0,60.0,60.0,0.0,0.0,60.0,0.0,0.0,1.0,23.0,0.0,0.0,65535.0,8.67787e+06,13.0,13.828278,13.828278,13.828278,0.0,144631.17,0.0,0.0,40.0,0.0,0.0,0.0,0.0,0.0,0.0,60.0,60.0,60.0,0.0,0.0,60.0,0.0,1.3828278e-05,6.914139e-06,0.0,0.0,0.0,60.0,60.0,60.0,0.0,0.0,6.0,1.0,1.0,60.0,1.0,60.0,1.0,1.0,1.0,60.0,60.0,0.0
9.0,0.002824068,0.001412034,0.0,0.0,234.5,6.0,354.09912,240.0,1397.1328,564.8136,0.0,491.45642,2824.068,65535.0,1.0,433.0,128.5,66.0,136.20787,771.0,128.5,0.0,0.0,0.48983482,54974.0,0.0,2.0,65535.0,830362.44,2824.0,840.90234,313.78534,0.0,284.0853,3540.9912,4.0,354.09912,160.0,1029.0146,891.6855,805.1395,98.19778,2675.0564,1.0,1368.0,393.5,66.0,562.6373,1574.0,393.5,0.0,0.002824068,0.001412034,0.0,0.0,2.0,1368.0,234.5,66.0,393.2046,154609.84,6.0,0.0,2.0,771.0,6.0,1574.0,4.0,6.0,4.0,771.0,1574.0,0.0
9.0,5.006578,2.503289,0.0,0.0,374.0,1.3333334,0.5992117,160.0,3.999768e+06,1.668699e+06,514.03046,1.6986405e+06,5.006097e+06,65535.0,0.0,74.0,68.0,66.0,3.4641016,90.666664,68.0,0.0,0.0,0.078431375,9092.0,0.0,2.0,65535.0,747.0172,5.006577e+06,3.99684e+06,556286.44,48.160553,1.2561222e+06,1.9973723,2.0,0.5992117,240.0,3.9972e+06,1.00131556e+06,172.85347,1.5476421e+06,5.006578e+06,2.0,2928.0,578.0,66.0,1053.4901,1156.0,578.0,0.0,5.006578,2.503289,0.0,0.0,2.0,2928.0,374.0,66.0,853.4246,728333.6,6.0,0.0,2.0,272.0,4.0,3468.0,6.0,4.0,6.0,272.0,3468.0,0.0
18.0,96.21401,48.107006,0.0,0.0,169.9,6.0,0.020786993,480.0,9.619734e+07,8.746729e+06,270.8435,2.7654312e+07,9.621402e+07,65535.0,2.0,276.0,100.0,66.0,72.73238,600.0,100.0,0.0,0.0,0.5459509,40109.0,0.0,4.0,65535.0,35.3171,9.621402e+07,9.619734e+07,5.0638955e+06,9.059906,2.148036e+07,0.20786992,4.0,0.020786993,320.0,9.619782e+07,1.3744626e+07,136.85226,3.366138e+07,9.6212376e+07,2.0,893.0,274.75,66.0,356.96173,1099.0,274.75,0.0,96.21401,48.107006,0.0,0.0,4.0,893.0,169.9,66.0,247.93484,61471.69,6.0,0.0,4.0,1200.0,12.0,2198.0,8.0,12.0,8.0,1200.0,2198.0,0.0
14.0,0.108392,0.054196,0.0,0.0,111.73333,7.0,9.225773,280.0,103374.01,18022.299,360.01205,38178.19,108133.79,65535.0,3.0,334.0,119.14286,66.0,92.52556,834.0,119.14286,0.0,0.0,0.99049884,34112.0,0.0,2.0,65535.0,15462.3955,108392.0,62568.902,7742.2856,0.0,18408.24,138.3866,8.0,9.225773,320.0,62568.902,15448.877,504.01688,23778.432,108142.14,2.0,368.0,105.25,66.0,99.34756,842.0,105.25,0.0,0.108392,0.054196,0.0,0.0,5.0,368.0,111.73333,66.0,96.473465,9307.129,6.0,0.0,2.0,834.0,7.0,842.0,8.0,7.0,8.0,834.0,842.0,0.0
11.0,0.0023078918,0.0011539459,0.0,0.0,1007.25,7.0,433.29587,280.0,791.0729,384.64865,0.0,260.28815,2307.8918,65535.0,1.0,172.0,82.28571,66.0,36.72957,576.0,82.28571,0.0,0.0,0.050039094,14888.0,0.0,2.0,65535.0,5.237247e+06,2307.0,454.90265,209.80835,0.0,163.47926,5199.5503,5.0,433.29587,200.0,779.1519,450.78992,51.97525,280.1056,1803.1597,2.0,7306.0,2302.2,66.0,2928.59,11511.0,2302.2,0.0,0.0023078918,0.0011539459,0.0,0.0,3.0,7306.0,1007.25,66.0,2184.5295,4.7721695e+06,6.0,0.0,2.0,576.0,7.0,11511.0,5.0,7.0,5.0,576.0,11511.0,0.0
0.0,52.21062,26.10531,0.0,0.0,60.0,0.0,0.0,0.0,0.0,0.0,0.0,0.0,0.0,0.0,0.0,0.0,0.0,0.0,0.0,0.0,0.0,0.0,0.0,0.0,80.0,0.0,0.0,65535.0,5.7459574,5.221062e+07,2.0442884e+07,1.3052655e+07,4.16529e+06,6.761318e+06,0.095765956,0.0,0.0,200.0,2.0442884e+07,1.3052655e+07,4.16529e+06,6.761318e+06,5.221062e+07,0.0,60.0,60.0,60.0,0.0,0.0,60.0,0.0,52.21062,26.10531,0.0,0.0,0.0,60.0,60.0,60.0,0.0,0.0,6.0,0.0,5.0,0.0,0.0,300.0,5.0,0.0,5.0,0.0,300.0,0.0
1.0,1e-06,5e-07,0.0,0.0,54.0,0.0,0.0,0.0,0.0,0.0,0.0,0.0,0.0,0.0,0.0,0.0,0.0,0.0,0.0,0.0,0.0,0.0,0.0,0.0,52662.0,0.0,0.0,65535.0,5.4e+07,1.0,0.0,0.0,0.0,0.0,1e+06,0.0,0.0,40.0,0.0,0.0,0.0,0.0,0.0,0.0,54.0,54.0,54.0,0.0,0.0,54.0,0.0,1e-06,5e-07,0.0,0.0,0.0,54.0,54.0,54.0,0.0,0.0,6.0,1.0,0.0,0.0,0.0,54.0,1.0,0.0,1.0,0.0,54.0,0.0
0.0,0.0008420944,0.0004210472,0.0,0.0,182.5,1.0,1187.5153,28.0,0.0,0.0,0.0,0.0,0.0,0.0,0.0,230.0,230.0,230.0,0.0,230.0,230.0,0.0,0.0,1.7037038,53.0,0.0,0.0,0.0,433443.1,842.0,842.0944,842.0944,842.0944,0.0,2375.0305,1.0,1187.5153,28.0,0.0,0.0,0.0,0.0,0.0,0.0,135.0,135.0,135.0,0.0,135.0,135.0,0.0,0.0008420944,0.0004210472,0.0,0.0,0.0,230.0,182.5,135.0,47.5,2256.25,17.0,0.0,0.0,230.0,1.0,135.0,1.0,1.0,1.0,230.0,135.0,0.0
0.0,1e-06,5e-07,0.0,0.0,60.0,1.0,1e+06,40.0,0.0,0.0,0.0,0.0,0.0,65535.0,0.0,60.0,60.0,60.0,0.0,60.0,60.0,0.0,0.0,0.0,29522.0,0.0,0.0,0.0,6e+07,1.0,0.0,0.0,0.0,0.0,1e+06,0.0,0.0,0.0,0.0,0.0,0.0,0.0,0.0,0.0,0.0,0.0,0.0,0.0,0.0,0.0,0.0,1e-06,5e-07,0.0,0.0,0.0,60.0,60.0,60.0,0.0,0.0,6.0,0.0,1.0,60.0,1.0,0.0,0.0,1.0,0.0,60.0,0.0,0.0
0.0,1e-06,5e-07,0.0,0.0,60.0,0.0,0.0,0.0,0.0,0.0,0.0,0.0,0.0,0.0,0.0,0.0,0.0,0.0,0.0,0.0,0.0,0.0,0.0,0.0,563.0,0.0,0.0,65535.0,6e+07,1.0,0.0,0.0,0.0,0.0,1e+06,0.0,0.0,40.0,0.0,0.0,0.0,0.0,0.0,0.0,60.0,60.0,60.0,0.0,0.0,60.0,0.0,1e-06,5e-07,0.0,0.0,0.0,60.0,60.0,60.0,0.0,0.0,6.0,0.0,1.0,0.0,0.0,60.0,1.0,0.0,1.0,0.0,60.0,0.0
0.0,1e-06,5e-07,0.0,0.0,60.0,0.0,0.0,28.0,0.0,0.0,0.0,0.0,0.0,0.0,0.0,60.0,60.0,60.0,0.0,0.0,60.0,0.0,0.0,0.0,8594.0,0.0,0.0,0.0,6e+07,1.0,0.0,0.0,0.0,0.0,1e+06,0.0,0.0,0.0,0.0,0.0,0.0,0.0,0.0,0.0,0.0,0.0,0.0,0.0,0.0,0.0,0.0,1e-06,5e-07,0.0,0.0,0.0,60.0,60.0,60.0,0.0,0.0,17.0,0.0,0.0,60.0,1.0,0.0,0.0,1.0,0.0,60.0,0.0,0.0
0.0,1e-06,5e-07,0.0,0.0,60.0,0.0,0.0,28.0,0.0,0.0,0.0,0.0,0.0,0.0,0.0,60.0,60.0,60.0,0.0,0.0,60.0,0.0,0.0,0.0,10902.0,0.0,0.0,0.0,6e+07,1.0,0.0,0.0,0.0,0.0,1e+06,0.0,0.0,0.0,0.0,0.0,0.0,0.0,0.0,0.0,0.0,0.0,0.0,0.0,0.0,0.0,0.0,1e-06,5e-07,0.0,0.0,0.0,60.0,60.0,60.0,0.0,0.0,17.0,0.0,0.0,60.0,1.0,0.0,0.0,1.0,0.0,60.0,0.0,0.0
0.0,0.8633878,0.4316939,0.0,0.0,60.0,0.0,0.0,56.0,863387.8,863387.8,863387.8,0.0,863387.8,0.0,0.0,60.0,60.0,60.0,0.0,0.0,60.0,0.0,0.0,0.0,8868.0,0.0,0.0,0.0,138.98737,863387.0,863387.8,863387.8,863387.8,0.0,2.316456,0.0,0.0,0.0,0.0,0.0,0.0,0.0,0.0,0.0,0.0,0.0,0.0,0.0,0.0,0.0,0.0,0.8633878,0.4316939,0.0,0.0,0.0,60.0,60.0,60.0,0.0,0.0,17.0,0.0,0.0,120.0,2.0,0.0,0.0,2.0,0.0,120.0,0.0,0.0
1.0,1e-06,5e-07,0.0,0.0,54.0,0.0,0.0,0.0,0.0,0.0,0.0,0.0,0.0,0.0,0.0,0.0,0.0,0.0,0.0,0.0,0.0,0.0,0.0,0.0,64639.0,0.0,0.0,65535.0,5.4e+07,1.0,0.0,0.0,0.0,0.0,1e+06,0.0,0.0,40.0,0.0,0.0,0.0,0.0,0.0,0.0,54.0,54.0,54.0,0.0,0.0,54.0,0.0,1e-06,5e-07,0.0,0.0,0.0,54.0,54.0,54.0,0.0,0.0,6.0,1.0,0.0,0.0,0.0,54.0,1.0,0.0,1.0,0.0,54.0,0.0
1.0,1e-06,5e-07,0.0,0.0,60.0,0.0,0.0,0.0,0.0,0.0,0.0,0.0,0.0,0.0,0.0,0.0,0.0,0.0,0.0,0.0,0.0,0.0,0.0,0.0,63665.0,0.0,0.0,65535.0,6e+07,1.0,0.0,0.0,0.0,0.0,1e+06,0.0,0.0,40.0,0.0,0.0,0.0,0.0,0.0,0.0,60.0,60.0,60.0,0.0,0.0,60.0,0.0,1e-06,5e-07,0.0,0.0,0.0,60.0,60.0,60.0,0.0,0.0,6.0,1.0,0.0,0.0,0.0,60.0,1.0,0.0,1.0,0.0,60.0,0.0
0.0,1e-06,5e-07,0.0,0.0,93.0,1.0,1e+06,28.0,0.0,0.0,0.0,0.0,0.0,0.0,0.0,93.0,93.0,93.0,0.0,93.0,93.0,0.0,0.0,0.0,51802.0,0.0,0.0,0.0,9.3e+07,1.0,0.0,0.0,0.0,0.0,1e+06,0.0,0.0,0.0,0.0,0.0,0.0,0.0,0.0,0.0,0.0,0.0,0.0,0.0,0.0,0.0,0.0,1e-06,5e-07,0.0,0.0,0.0,93.0,93.0,93.0,0.0,0.0,17.0,0.0,0.0,93.0,1.0,0.0,0.0,1.0,0.0,93.0,0.0,0.0
0.0,0.0351398,0.0175699,0.0,0.0,152.0,1.0,28.457762,28.0,0.0,0.0,0.0,0.0,0.0,0.0,0.0,106.0,106.0,106.0,0.0,106.0,106.0,0.0,0.0,0.53535354,38244.0,0.0,0.0,0.0,8651.159,35139.0,35139.8,35139.8,35139.8,0.0,56.915524,1.0,28.457762,28.0,0.0,0.0,0.0,0.0,0.0,0.0,198.0,198.0,198.0,0.0,198.0,198.0,0.0,0.0351398,0.0175699,0.0,0.0,0.0,198.0,152.0,106.0,46.0,2116.0,17.0,0.0,0.0,106.0,1.0,198.0,1.0,1.0,1.0,106.0,198.0,0.0
1.0,5.197525e-05,2.5987625e-05,0.0,0.0,57.0,1.0,19239.926,40.0,0.0,0.0,0.0,0.0,0.0,65535.0,0.0,60.0,60.0,60.0,0.0,60.0,60.0,0.0,0.0,1.1111112,2621.0,0.0,0.0,65535.0,2.1933518e+06,51.0,51.97525,51.97525,51.97525,0.0,38479.85,1.0,19239.926,40.0,0.0,0.0,0.0,0.0,0.0,0.0,54.0,54.0,54.0,0.0,54.0,54.0,0.0,5.197525e-05,2.5987625e-05,0.0,0.0,0.0,60.0,57.0,54.0,3.0,9.0,6.0,1.0,1.0,60.0,1.0,54.0,1.0,1.0,1.0,60.0,54.0,0.0
1.0,0.0005171299,0.00025856495,0.0,0.0,60.0,2.0,1933.7501,80.0,517.1299,517.1299,517.1299,0.0,517.1299,65535.0,0.0,60.0,60.0,60.0,0.0,120.0,60.0,0.0,0.0,2.0,55961.0,0.0,0.0,65535.0,348075.03,517.0,276.0887,258.56494,241.04118,17.523766,5801.2505,1.0,1933.7501,40.0,0.0,0.0,0.0,0.0,0.0,0.0,60.0,60.0,60.0,0.0,60.0,60.0,0.0,0.0005171299,0.00025856495,0.0,0.0,0.0,60.0,60.0,60.0,0.0,0.0,6.0,1.0,2.0,120.0,2.0,60.0,1.0,2.0,1.0,120.0,60.0,0.0
1.0,1e-06,5e-07,0.0,0.0,60.0,1.0,1e+06,40.0,0.0,0.0,0.0,0.0,0.0,65535.0,0.0,60.0,60.0,60.0,0.0,60.0,60.0,0.0,0.0,1.0,2014.0,0.0,0.0,65535.0,1.2e+08,1.0,0.0,0.0,0.0,0.0,2e+06,1.0,1e+06,40.0,0.0,0.0,0.0,0.0,0.0,0.0,60.0,60.0,60.0,0.0,60.0,60.0,0.0,1e-06,5e-07,0.0,0.0,0.0,60.0,60.0,60.0,0.0,0.0,6.0,1.0,1.0,60.0,1.0,60.0,1.0,1.0,1.0,60.0,60.0,0.0
1.0,1e-06,5e-07,0.0,0.0,67.0,1.0,1e+06,40.0,0.0,0.0,0.0,0.0,0.0,65535.0,0.0,74.0,74.0,74.0,0.0,74.0,74.0,0.0,0.0,1.2333333,51318.0,0.0,0.0,65535.0,1.34e+08,1.0,0.0,0.0,0.0,0.0,2e+06,1.0,1e+06,40.0,0.0,0.0,0.0,0.0,0.0,0.0,60.0,60.0,60.0,0.0,60.0,60.0,0.0,1e-06,5e-07,0.0,0.0,0.0,74.0,67.0,60.0,7.0,49.0,6.0,1.0,1.0,74.0,1.0,60.0,1.0,1.0,1.0,74.0,60.0,0.0
1.0,1e-06,5e-07,0.0,0.0,67.0,1.0,1e+06,40.0,0.0,0.0,0.0,0.0,0.0,65535.0,0.0,74.0,74.0,74.0,0.0,74.0,74.0,0.0,0.0,1.2333333,40144.0,0.0,0.0,65535.0,1.34e+08,1.0,0.0,0.0,0.0,0.0,2e+06,1.0,1e+06,40.0,0.0,0.0,0.0,0.0,0.0,0.0,60.0,60.0,60.0,0.0,60.0,60.0,0.0,1e-06,5e-07,0.0,0.0,0.0,74.0,67.0,60.0,7.0,49.0,6.0,1.0,1.0,74.0,1.0,60.0,1.0,1.0,1.0,74.0,60.0,0.0
0.0,1e-06,5e-07,0.0,0.0,60.0,0.0,0.0,28.0,0.0,0.0,0.0,0.0,0.0,0.0,0.0,60.0,60.0,60.0,0.0,0.0,60.0,0.0,0.0,0.0,39933.0,0.0,0.0,0.0,6e+07,1.0,0.0,0.0,0.0,0.0,1e+06,0.0,0.0,0.0,0.0,0.0,0.0,0.0,0.0,0.0,0.0,0.0,0.0,0.0,0.0,0.0,0.0,1e-06,5e-07,0.0,0.0,0.0,60.0,60.0,60.0,0.0,0.0,17.0,0.0,0.0,60.0,1.0,0.0,0.0,1.0,0.0,60.0,0.0,0.0
2.0,38.347004,19.173502,0.0,0.0,58.0,0.0,0.0,0.0,0.0,0.0,0.0,0.0,0.0,0.0,0.0,0.0,0.0,0.0,0.0,0.0,0.0,0.0,0.0,0.0,7671.0,0.0,0.0,65535.0,3.0250082,3.8347e+07,3.8347004e+07,3.8347004e+07,3.8347004e+07,0.0,0.052155316,0.0,0.0,80.0,3.8347004e+07,3.8347004e+07,3.8347004e+07,0.0,3.8347004e+07,0.0,58.0,58.0,58.0,0.0,0.0,58.0,0.0,38.347004,19.173502,0.0,0.0,0.0,58.0,58.0,58.0,0.0,0.0,6.0,0.0,2.0,0.0,0.0,116.0,2.0,0.0,2.0,0.0,116.0,0.0
0.0,0.000120162964,6.0081482e-05,0.0,0.0,116.0,1.0,8322.032,28.0,0.0,0.0,0.0,0.0,0.0,0.0,0.0,100.0,100.0,100.0,0.0,100.0,100.0,0.0,0.0,0.75757575,51027.0,0.0,0.0,0.0,1.9307114e+06,120.0,120.162964,120.162964,120.162964,0.0,16644.064,1.0,8322.032,28.0,0.0,0.0,0.0,0.0,0.0,0.0,132.0,132.0,132.0,0.0,132.0,132.0,0.0,0.000120162964,6.0081482e-05,0.0,0.0,0.0,132.0,116.0,100.0,16.0,256.0,17.0,0.0,0.0,100.0,1.0,132.0,1.0,1.0,1.0,100.0,132.0,0.0
0.0,0.847492,0.423746,0.0,0.0,60.0,0.0,0.0,56.0,847492.0,847492.0,847492.0,0.0,847492.0,0.0,0.0,60.0,60.0,60.0,0.0,0.0,60.0,0.0,0.0,0.0,12734.0,0.0,0.0,0.0,141.59425,847491.0,847492.0,847492.0,847492.0,0.0,2.3599043,0.0,0.0,0.0,0.0,0.0,0.0,0.0,0.0,0.0,0.0,0.0,0.0,0.0,0.0,0.0,0.0,0.847492,0.423746,0.0,0.0,0.0,60.0,60.0,60.0,0.0,0.0,17.0,0.0,0.0,120.0,2.0,0.0,0.0,2.0,0.0,120.0,0.0,0.0
36.0,2082.423,1041.2115,0.0,0.0,132.15,6.0,0.0019208392,960.0,1.455366e+09,9.0540136e+07,106.09627,3.0434954e+08,2.0824232e+09,65535.0,4.0,352.0,102.083336,66.0,80.79135,612.5,102.083336,0.0,0.0,0.8638928,32832.0,0.0,8.0,65535.0,2.538389,2.0824232e+09,1.455366e+09,5.3395468e+07,0.0,2.3792962e+08,0.019208392,4.0,0.0019208392,640.0,1.4553669e+09,1.3882814e+08,564.0984,3.6786822e+08,2.0824221e+09,4.0,503.0,177.25,66.0,188.1002,709.0,177.25,0.0,2082.423,1041.2115,0.0,0.0,8.0,503.0,132.15,66.0,139.3737,19425.027,6.0,0.0,8.0,2450.0,24.0,2836.0,16.0,24.0,16.0,2450.0,2836.0,0.0
0.0,1e-06,5e-07,0.0,0.0,94.0,1.0,1e+06,28.0,0.0,0.0,0.0,0.0,0.0,0.0,0.0,94.0,94.0,94.0,0.0,94.0,94.0,0.0,0.0,0.0,58895.0,0.0,0.0,0.0,9.4e+07,1.0,0.0,0.0,0.0,0.0,1e+06,0.0,0.0,0.0,0.0,0.0,0.0,0.0,0.0,0.0,0.0,0.0,0.0,0.0,0.0,0.0,0.0,1e-06,5e-07,0.0,0.0,0.0,94.0,94.0,94.0,0.0,0.0,17.0,0.0,0.0,94.0,1.0,0.0,0.0,1.0,0.0,94.0,0.0,0.0
9.0,0.002824068,0.001412034,0.0,0.0,206.5,6.0,354.09912,240.0,1302.0039,564.8136,172.13821,416.51382,2824.068,65535.0,1.0,290.0,104.666664,66.0,82.93505,628.0,104.666664,0.0,0.0,0.43702158,43843.0,0.0,2.0,65535.0,731214.7,2824.0,924.8257,313.78534,12.874603,256.68918,3540.9912,4.0,354.09912,160.0,1060.9626,801.00696,417.2325,277.00232,2403.0208,1.0,1231.0,359.25,66.0,503.3157,1437.0,359.25,0.0,0.002824068,0.001412034,0.0,0.0,2.0,1231.0,206.5,66.0,347.8687,121012.65,6.0,0.0,2.0,628.0,6.0,1437.0,4.0,6.0,4.0,628.0,1437.0,0.0
7.0,1.0148239,0.50741196,0.0,0.0,72.125,1.5,1.9707853,120.0,1.00475406e+06,507411.97,10069.847,497342.12,1.01482394e+06,65535.0,1.0,99.0,79.666664,66.0,14.055446,119.5,79.666664,0.0,0.0,0.7071006,22.0,0.0,2.0,65535.0,568.57153,1.014823e+06,1.00217606e+06,144974.84,0.0,349966.03,7.883141,2.5,1.9707853,200.0,1.00217606e+06,253705.98,380.9929,432143.1,1.01482394e+06,0.0,74.0,67.6,66.0,3.2,169.0,67.6,0.0,1.0148239,0.50741196,0.0,0.0,1.0,99.0,72.125,66.0,10.705577,114.609375,6.0,0.0,2.0,239.0,3.0,338.0,5.0,3.0,5.0,239.0,338.0,0.0
3.0,28.34817,14.174085,0.0,0.0,58.0,0.0,0.0,0.0,0.0,0.0,0.0,0.0,0.0,0.0,0.0,0.0,0.0,0.0,0.0,0.0,0.0,0.0,0.0,0.0,58000.0,0.0,0.0,65535.0,6.1379623,2.834817e+07,1.9682556e+07,1.4174085e+07,8.665614e+06,7.7901545e+06,0.10582694,0.0,0.0,120.0,1.9682556e+07,1.4174085e+07,8.665614e+06,7.7901545e+06,2.834817e+07,0.0,58.0,58.0,58.0,0.0,0.0,58.0,0.0,28.34817,14.174085,0.0,0.0,0.0,58.0,58.0,58.0,0.0,0.0,6.0,0.0,3.0,0.0,0.0,174.0,3.0,0.0,3.0,0.0,174.0,0.0
31.0,2565.6895,1282.8447,0.0,0.0,182.29411,6.6666665,0.0011692764,800.0,2.5626033e+09,1.3503629e+08,514.98413,5.7218323e+08,2.5656893e+09,65535.0,6.0,834.0,129.9,66.0,173.05286,866.0,129.9,0.0,0.0,0.7216667,51988.0,0.0,3.0,65535.0,2.415725,2.5656893e+09,2.5626028e+09,7.774816e+07,20.980835,4.3926458e+08,0.013251799,4.6666665,0.0011692764,560.0,2.562603e+09,1.9736067e+08,75.10185,6.827869e+08,2.5656888e+09,7.0,1170.0,257.14285,54.0,374.65543,1200.0,257.14285,0.0,2565.6895,1282.8447,0.0,0.0,13.0,1170.0,182.29411,54.0,281.66602,79335.734,6.0,1.0,4.0,2598.0,20.0,3600.0,14.0,20.0,14.0,2598.0,3600.0,0.0
41.0,5.50736,2.75368,0.0,0.0,180.2381,4.5,0.72630084,720.0,1.7924821e+06,323962.34,0.0,678042.25,5.50736e+06,65535.0,13.0,810.0,162.66667,66.0,169.25589,732.0,162.66667,0.0,0.0,0.6307626,40930.0,0.0,2.0,65535.0,1374.5243,5.507359e+06,1.7442672e+06,134325.86,0.0,451977.06,7.626158,6.0,0.72630084,960.0,1.7442672e+06,239413.88,98.228455,582274.1,5.506519e+06,11.0,1170.0,193.41667,66.0,297.09003,1160.5,193.41667,0.0,5.50736,2.75368,0.0,0.0,24.0,1170.0,180.2381,66.0,250.88803,62944.8,6.0,0.0,2.0,2928.0,18.0,4642.0,24.0,18.0,24.0,2928.0,4642.0,0.0
0.0,1e-06,5e-07,0.0,0.0,60.0,0.0,0.0,0.0,0.0,0.0,0.0,0.0,0.0,0.0,0.0,0.0,0.0,0.0,0.0,0.0,0.0,0.0,0.0,0.0,625.0,0.0,0.0,65535.0,6e+07,1.0,0.0,0.0,0.0,0.0,1e+06,0.0,0.0,40.0,0.0,0.0,0.0,0.0,0.0,0.0,60.0,60.0,60.0,0.0,0.0,60.0,0.0,1e-06,5e-07,0.0,0.0,0.0,60.0,60.0,60.0,0.0,0.0,6.0,0.0,1.0,0.0,0.0,60.0,1.0,0.0,1.0,0.0,60.0,0.0
1.0,0.000102996826,5.1498413e-05,0.0,0.0,64.0,1.0,9709.037,40.0,0.0,0.0,0.0,0.0,0.0,65535.0,0.0,74.0,74.0,74.0,0.0,74.0,74.0,0.0,0.0,1.3703704,42864.0,0.0,0.0,65535.0,1.2427568e+06,102.0,102.996826,102.996826,102.996826,0.0,19418.074,1.0,9709.037,40.0,0.0,0.0,0.0,0.0,0.0,0.0,54.0,54.0,54.0,0.0,54.0,54.0,0.0,0.000102996826,5.1498413e-05,0.0,0.0,0.0,74.0,64.0,54.0,10.0,100.0,6.0,1.0,1.0,74.0,1.0,54.0,1.0,1.0,1.0,74.0,54.0,0.0
7.0,1.015388,0.507694,0.0,0.0,72.125,1.5,1.9696903,120.0,1.0039299e+06,505029.9,6129.98,498899.94,1.0100598e+06,65535.0,1.0,99.0,79.666664,66.0,14.055446,119.5,79.666664,0.0,0.0,0.7071006,22.0,0.0,2.0,65535.0,568.2557,1.015388e+06,1.001596e+06,145055.44,14.066696,349689.16,7.8787613,2.5,1.9696903,200.0,1.001596e+06,253847.0,2310.0376,431715.44,1.015388e+06,0.0,74.0,67.6,66.0,3.2,169.0,67.6,0.0,1.015388,0.507694,0.0,0.0,1.0,99.0,72.125,66.0,10.705577,114.609375,6.0,0.0,2.0,239.0,3.0,338.0,5.0,3.0,5.0,239.0,338.0,0.0
0.0,1e-06,5e-07,0.0,0.0,60.0,0.0,0.0,28.0,0.0,0.0,0.0,0.0,0.0,0.0,0.0,60.0,60.0,60.0,0.0,0.0,60.0,0.0,0.0,0.0,55208.0,0.0,0.0,0.0,6e+07,1.0,0.0,0.0,0.0,0.0,1e+06,0.0,0.0,0.0,0.0,0.0,0.0,0.0,0.0,0.0,0.0,0.0,0.0,0.0,0.0,0.0,0.0,1e-06,5e-07,0.0,0.0,0.0,60.0,60.0,60.0,0.0,0.0,17.0,0.0,0.0,60.0,1.0,0.0,0.0,1.0,0.0,60.0,0.0,0.0
0.0,15.716934,7.858467,0.0,0.0,60.0,0.0,0.0,0.0,0.0,0.0,0.0,0.0,0.0,0.0,0.0,0.0,0.0,0.0,0.0,0.0,0.0,0.0,0.0,0.0,80.0,0.0,0.0,65535.0,7.635077,1.5716933e+07,1.5716934e+07,1.5716934e+07,1.5716934e+07,0.0,0.12725128,0.0,0.0,80.0,1.5716934e+07,1.5716934e+07,1.5716934e+07,0.0,1.5716934e+07,0.0,60.0,60.0,60.0,0.0,0.0,60.0,0.0,15.716934,7.858467,0.0,0.0,0.0,60.0,60.0,60.0,0.0,0.0,6.0,0.0,2.0,0.0,0.0,120.0,2.0,0.0,2.0,0.0,120.0,0.0
1.0,1e-06,5e-07,0.0,0.0,67.0,1.0,1e+06,40.0,0.0,0.0,0.0,0.0,0.0,65535.0,0.0,74.0,74.0,74.0,0.0,74.0,74.0,0.0,0.0,1.2333333,47322.0,0.0,0.0,65535.0,1.34e+08,1.0,0.0,0.0,0.0,0.0,2e+06,1.0,1e+06,40.0,0.0,0.0,0.0,0.0,0.0,0.0,60.0,60.0,60.0,0.0,60.0,60.0,0.0,1e-06,5e-07,0.0,0.0,0.0,74.0,67.0,60.0,7.0,49.0,6.0,1.0,1.0,74.0,1.0,60.0,1.0,1.0,1.0,74.0,60.0,0.0
0.0,39.20237,19.601185,0.0,0.0,60.0,0.0,0.0,0.0,0.0,0.0,0.0,0.0,0.0,0.0,0.0,0.0,0.0,0.0,0.0,0.0,0.0,0.0,0.0,0.0,80.0,0.0,0.0,65535.0,4.5915594,3.920237e+07,3.8042444e+07,1.9601184e+07,1.159924e+06,2.607988e+07,0.076525986,0.0,0.0,120.0,3.8042444e+07,1.9601184e+07,1.159924e+06,2.607988e+07,3.920237e+07,0.0,60.0,60.0,60.0,0.0,0.0,60.0,0.0,39.20237,19.601185,0.0,0.0,0.0,60.0,60.0,60.0,0.0,0.0,6.0,0.0,3.0,0.0,0.0,180.0,3.0,0.0,3.0,0.0,180.0,0.0
0.0,0.00035309792,0.00017654896,0.0,0.0,125.0,0.0,0.0,28.0,0.0,0.0,0.0,0.0,0.0,0.0,0.0,93.0,93.0,93.0,0.0,0.0,93.0,0.0,0.0,0.5923567,58888.0,0.0,0.0,0.0,708018.9,353.0,353.0979,353.0979,353.0979,0.0,5664.1514,0.0,0.0,28.0,0.0,0.0,0.0,0.0,0.0,0.0,157.0,157.0,157.0,0.0,0.0,157.0,0.0,0.00035309792,0.00017654896,0.0,0.0,0.0,157.0,125.0,93.0,45.254833,2048.0,17.0,0.0,0.0,93.0,1.0,157.0,1.0,1.0,1.0,93.0,157.0,0.0
1.0,1e-06,5e-07,0.0,0.0,54.0,0.0,0.0,0.0,0.0,0.0,0.0,0.0,0.0,0.0,0.0,0.0,0.0,0.0,0.0,0.0,0.0,0.0,0.0,0.0,43355.0,0.0,0.0,65535.0,5.4e+07,1.0,0.0,0.0,0.0,0.0,1e+06,0.0,0.0,40.0,0.0,0.0,0.0,0.0,0.0,0.0,54.0,54.0,54.0,0.0,0.0,54.0,0.0,1e-06,5e-07,0.0,0.0,0.0,54.0,54.0,54.0,0.0,0.0,6.0,1.0,0.0,0.0,0.0,54.0,1.0,0.0,1.0,0.0,54.0,0.0
1.0,1e-06,5e-07,0.0,0.0,60.0,0.0,0.0,0.0,0.0,0.0,0.0,0.0,0.0,0.0,0.0,0.0,0.0,0.0,0.0,0.0,0.0,0.0,0.0,0.0,59487.0,0.0,0.0,65535.0,6e+07,1.0,0.0,0.0,0.0,0.0,1e+06,0.0,0.0,40.0,0.0,0.0,0.0,0.0,0.0,0.0,60.0,60.0,60.0,0.0,0.0,60.0,0.0,1e-06,5e-07,0.0,0.0,0.0,60.0,60.0,60.0,0.0,0.0,6.0,1.0,0.0,0.0,0.0,60.0,1.0,0.0,1.0,0.0,60.0,0.0
0.0,1e-06,5e-07,0.0,0.0,96.0,1.0,1e+06,28.0,0.0,0.0,0.0,0.0,0.0,0.0,0.0,96.0,96.0,96.0,0.0,96.0,96.0,0.0,0.0,0.0,53.0,0.0,0.0,0.0,9.6e+07,1.0,0.0,0.0,0.0,0.0,1e+06,0.0,0.0,0.0,0.0,0.0,0.0,0.0,0.0,0.0,0.0,0.0,0.0,0.0,0.0,0.0,0.0,1e-06,5e-07,0.0,0.0,0.0,96.0,96.0,96.0,0.0,0.0,17.0,0.0,0.0,96.0,1.0,0.0,0.0,1.0,0.0,96.0,0.0,0.0
1.0,1e-06,5e-07,0.0,0.0,54.0,0.0,0.0,0.0,0.0,0.0,0.0,0.0,0.0,0.0,0.0,0.0,0.0,0.0,0.0,0.0,0.0,0.0,0.0,0.0,35311.0,0.0,0.0,65535.0,5.4e+07,1.0,0.0,0.0,0.0,0.0,1e+06,0.0,0.0,40.0,0.0,0.0,0.0,0.0,0.0,0.0,54.0,54.0,54.0,0.0,0.0,54.0,0.0,1e-06,5e-07,0.0,0.0,0.0,54.0,54.0,54.0,0.0,0.0,6.0,1.0,0.0,0.0,0.0,54.0,1.0,0.0,1.0,0.0,54.0,0.0
11.0,0.002575159,0.0012875795,0.0,0.0,1332.75,7.0,388.32553,280.0,933.1703,429.19318,0.0,431.26523,2575.1592,65535.0,1.0,4078.0,640.2857,66.0,1403.4437,4482.0,640.2857,0.0,0.0,0.3893667,42291.0,0.0,2.0,65535.0,6.21049e+06,2575.0,874.9962,234.10538,0.0,317.56567,4659.9062,5.0,388.32553,200.0,1756.9065,544.9653,49.114227,706.5064,2179.861,2.0,7306.0,2302.2,66.0,2928.59,11511.0,2302.2,0.0,0.002575159,0.0012875795,0.0,0.0,3.0,7306.0,1332.75,66.0,2322.4717,5.3938745e+06,6.0,0.0,2.0,4482.0,7.0,11511.0,5.0,7.0,5.0,4482.0,11511.0,0.0
0.0,1e-06,5e-07,0.0,0.0,60.0,0.0,0.0,28.0,0.0,0.0,0.0,0.0,0.0,0.0,0.0,60.0,60.0,60.0,0.0,0.0,60.0,0.0,0.0,0.0,54171.0,0.0,0.0,0.0,6e+07,1.0,0.0,0.0,0.0,0.0,1e+06,0.0,0.0,0.0,0.0,0.0,0.0,0.0,0.0,0.0,0.0,0.0,0.0,0.0,0.0,0.0,0.0,1e-06,5e-07,0.0,0.0,0.0,60.0,60.0,60.0,0.0,0.0,17.0,0.0,0.0,60.0,1.0,0.0,0.0,1.0,0.0,60.0,0.0,0.0
0.0,31.569153,15.784576,0.0,0.0,60.0,0.0,0.0,0.0,0.0,0.0,0.0,0.0,0.0,0.0,0.0,0.0,0.0,0.0,0.0,0.0,0.0,0.0,0.0,0.0,80.0,0.0,0.0,65535.0,11.403537,3.1569152e+07,1.5143039e+07,6.3138305e+06,0.0,5.7555535e+06,0.19005896,0.0,0.0,240.0,1.5143039e+07,6.3138305e+06,0.0,5.7555535e+06,3.1569152e+07,0.0,60.0,60.0,60.0,0.0,0.0,60.0,0.0,31.569153,15.784576,0.0,0.0,0.0,60.0,60.0,60.0,0.0,0.0,6.0,0.0,6.0,0.0,0.0,360.0,6.0,0.0,6.0,0.0,360.0,0.0
0.0,503.00696,251.50348,0.0,0.0,102.0,1.0,0.003976088,56.0,5.0300694e+08,5.0300694e+08,5.0300694e+08,0.0,5.0300694e+08,0.0,0.0,102.0,102.0,102.0,0.0,102.0,102.0,0.0,0.0,0.0,53.0,0.0,0.0,0.0,0.405561,5.0300694e+08,5.0300694e+08,5.0300694e+08,5.0300694e+08,0.0,0.003976088,0.0,0.0,0.0,0.0,0.0,0.0,0.0,0.0,0.0,0.0,0.0,0.0,0.0,0.0,0.0,0.0,503.00696,251.50348,0.0,0.0,0.0,102.0,102.0,102.0,0.0,0.0,17.0,0.0,0.0,204.0,2.0,0.0,0.0,2.0,0.0,204.0,0.0,0.0
0.0,0.09476805,0.047384024,0.0,0.0,60.0,0.0,0.0,56.0,94768.05,94768.05,94768.05,0.0,94768.05,0.0,0.0,60.0,60.0,60.0,0.0,0.0,60.0,0.0,0.0,0.0,30522.0,0.0,0.0,0.0,1266.2496,94768.0,94768.05,94768.05,94768.05,0.0,21.10416,0.0,0.0,0.0,0.0,0.0,0.0,0.0,0.0,0.0,0.0,0.0,0.0,0.0,0.0,0.0,0.0,0.09476805,0.047384024,0.0,0.0,0.0,60.0,60.0,60.0,0.0,0.0,17.0,0.0,0.0,120.0,2.0,0.0,0.0,2.0,0.0,120.0,0.0,0.0
1.0,1e-06,5e-07,0.0,0.0,67.0,1.0,1e+06,40.0,0.0,0.0,0.0,0.0,0.0,65535.0,0.0,74.0,74.0,74.0,0.0,74.0,74.0,0.0,0.0,1.2333333,33421.0,0.0,0.0,65535.0,1.34e+08,1.0,0.0,0.0,0.0,0.0,2e+06,1.0,1e+06,40.0,0.0,0.0,0.0,0.0,0.0,0.0,60.0,60.0,60.0,0.0,60.0,60.0,0.0,1e-06,5e-07,0.0,0.0,0.0,74.0,67.0,60.0,7.0,49.0,6.0,1.0,1.0,74.0,1.0,60.0,1.0,1.0,1.0,74.0,60.0,0.0
11.0,0.0019221306,0.0009610653,0.0,0.0,1008.4167,7.0,520.25604,280.0,639.91547,320.3551,1.1920929,210.09158,1922.1306,65535.0,1.0,186.0,84.28571,66.0,41.61632,590.0,84.28571,0.0,0.0,0.05125532,14310.0,0.0,2.0,65535.0,6.295618e+06,1922.0,477.79083,174.73915,1.1920929,144.91833,6243.0723,5.0,520.25604,200.0,613.2126,406.50366,139.9517,175.81483,1626.0146,2.0,7306.0,2302.2,66.0,2928.59,11511.0,2302.2,0.0,0.0019221306,0.0009610653,0.0,0.0,3.0,7306.0,1008.4167,66.0,2184.087,4.7702355e+06,6.0,0.0,2.0,590.0,7.0,11511.0,5.0,7.0,5.0,590.0,11511.0,0.0
0.0,1e-06,5e-07,0.0,0.0,60.0,0.0,0.0,28.0,0.0,0.0,0.0,0.0,0.0,0.0,0.0,60.0,60.0,60.0,0.0,0.0,60.0,0.0,0.0,0.0,52813.0,0.0,0.0,0.0,6e+07,1.0,0.0,0.0,0.0,0.0,1e+06,0.0,0.0,0.0,0.0,0.0,0.0,0.0,0.0,0.0,0.0,0.0,0.0,0.0,0.0,0.0,0.0,1e-06,5e-07,0.0,0.0,0.0,60.0,60.0,60.0,0.0,0.0,17.0,0.0,0.0,60.0,1.0,0.0,0.0,1.0,0.0,60.0,0.0,0.0
1.0,0.00028014183,0.00014007092,0.0,0.0,60.0,0.0,0.0,40.0,0.0,0.0,0.0,0.0,0.0,65535.0,0.0,60.0,60.0,60.0,0.0,0.0,60.0,0.0,0.0,1.0,4242.0,0.0,0.0,65535.0,428354.44,280.0,280.14185,280.14185,280.14185,0.0,7139.2407,0.0,0.0,40.0,0.0,0.0,0.0,0.0,0.0,0.0,60.0,60.0,60.0,0.0,0.0,60.0,0.0,0.00028014183,0.00014007092,0.0,0.0,0.0,60.0,60.0,60.0,0.0,0.0,6.0,1.0,1.0,60.0,1.0,60.0,1.0,1.0,1.0,60.0,60.0,0.0
1.0,1e-06,5e-07,0.0,0.0,58.0,0.0,0.0,0.0,0.0,0.0,0.0,0.0,0.0,0.0,0.0,0.0,0.0,0.0,0.0,0.0,0.0,0.0,0.0,0.0,25796.0,0.0,0.0,65535.0,5.8e+07,1.0,0.0,0.0,0.0,0.0,1e+06,0.0,0.0,40.0,0.0,0.0,0.0,0.0,0.0,0.0,58.0,58.0,58.0,0.0,0.0,58.0,0.0,1e-06,5e-07,0.0,0.0,0.0,58.0,58.0,58.0,0.0,0.0,6.0,0.0,1.0,0.0,0.0,58.0,1.0,0.0,1.0,0.0,58.0,0.0
0.0,1e-06,5e-07,0.0,0.0,60.0,1.0,1e+06,40.0,0.0,0.0,0.0,0.0,0.0,65535.0,0.0,60.0,60.0,60.0,0.0,60.0,60.0,0.0,0.0,0.0,31174.0,0.0,0.0,0.0,6e+07,1.0,0.0,0.0,0.0,0.0,1e+06,0.0,0.0,0.0,0.0,0.0,0.0,0.0,0.0,0.0,0.0,0.0,0.0,0.0,0.0,0.0,0.0,1e-06,5e-07,0.0,0.0,0.0,60.0,60.0,60.0,0.0,0.0,6.0,1.0,0.0,60.0,1.0,0.0,0.0,1.0,0.0,60.0,0.0,0.0
54.0,2136.4873,1068.2437,0.0,0.0,123.45,6.0,0.002808348,1440.0,1.06185376e+09,6.1042496e+07,0.0,1.9621302e+08,2.1364874e+09,65535.0,6.0,300.0,95.916664,66.0,64.64793,575.5,95.916664,0.0,0.0,0.87329286,54154.0,0.0,12.0,65535.0,3.4669056,2.1364874e+09,1.06185376e+09,3.6211652e+07,0.0,1.5407102e+08,0.028083479,4.0,0.002808348,960.0,1.061854e+09,9.2890744e+07,238.18016,2.3585573e+08,2.136487e+09,6.0,453.0,164.75,66.0,166.45326,659.0,164.75,0.0,2136.4873,1068.2437,0.0,0.0,12.0,453.0,123.45,66.0,121.35656,14727.414,6.0,0.0,12.0,3453.0,36.0,3954.0,24.0,36.0,24.0,3453.0,3954.0,0.0
0.0,1e-06,5e-07,0.0,0.0,60.0,0.0,0.0,0.0,0.0,0.0,0.0,0.0,0.0,0.0,0.0,0.0,0.0,0.0,0.0,0.0,0.0,0.0,0.0,0.0,80.0,0.0,0.0,65535.0,6e+07,1.0,0.0,0.0,0.0,0.0,1e+06,0.0,0.0,40.0,0.0,0.0,0.0,0.0,0.0,0.0,60.0,60.0,60.0,0.0,0.0,60.0,0.0,1e-06,5e-07,0.0,0.0,0.0,60.0,60.0,60.0,0.0,0.0,6.0,0.0,1.0,0.0,0.0,60.0,1.0,0.0,1.0,0.0,60.0,0.0
22.0,870.3291,435.16455,0.0,0.0,381.41666,4.0,0.003446972,480.0,8.67293e+08,7.9120824e+07,0.0,2.4924341e+08,8.703291e+08,65535.0,2.0,425.0,122.166664,66.0,122.662704,488.66666,122.166664,0.0,0.0,0.19068678,55838.0,0.0,4.0,65535.0,10.51786,8.703291e+08,8.67293e+08,3.7840396e+07,0.0,1.7684094e+08,0.027575776,4.0,0.003446972,480.0,8.67293e+08,7.9120824e+07,41.007996,2.4924341e+08,8.703291e+08,4.0,2962.0,640.6667,66.0,1056.8322,2562.6667,640.6667,0.0,870.3291,435.16455,0.0,0.0,6.0,2962.0,381.41666,66.0,795.72656,633180.75,6.0,0.0,4.0,1466.0,12.0,7688.0,12.0,12.0,12.0,1466.0,7688.0,0.0
1.0,1e-06,5e-07,0.0,0.0,67.0,1.0,1e+06,40.0,0.0,0.0,0.0,0.0,0.0,65535.0,0.0,74.0,74.0,74.0,0.0,74.0,74.0,0.0,0.0,1.2333333,50768.0,0.0,0.0,65535.0,1.34e+08,1.0,0.0,0.0,0.0,0.0,2e+06,1.0,1e+06,40.0,0.0,0.0,0.0,0.0,0.0,0.0,60.0,60.0,60.0,0.0,60.0,60.0,0.0,1e-06,5e-07,0.0,0.0,0.0,74.0,67.0,60.0,7.0,49.0,6.0,1.0,1.0,74.0,1.0,60.0,1.0,1.0,1.0,74.0,60.0,0.0
0.0,1e-06,5e-07,0.0,0.0,60.0,0.0,0.0,28.0,0.0,0.0,0.0,0.0,0.0,0.0,0.0,60.0,60.0,60.0,0.0,0.0,60.0,0.0,0.0,0.0,2514.0,0.0,0.0,0.0,6e+07,1.0,0.0,0.0,0.0,0.0,1e+06,0.0,0.0,0.0,0.0,0.0,0.0,0.0,0.0,0.0,0.0,0.0,0.0,0.0,0.0,0.0,0.0,1e-06,5e-07,0.0,0.0,0.0,60.0,60.0,60.0,0.0,0.0,17.0,0.0,0.0,60.0,1.0,0.0,0.0,1.0,0.0,60.0,0.0,0.0
9.0,0.0019898415,0.0009949207,0.0,0.0,170.1,6.0,502.5526,240.0,820.8752,397.9683,0.0,276.17603,1989.8414,65535.0,1.0,264.0,100.333336,66.0,73.25223,602.0,100.333336,0.0,0.0,0.5477707,33235.0,0.0,2.0,65535.0,854842.0,1989.0,547.17065,221.09349,0.0,190.28099,5025.526,4.0,502.5526,160.0,993.96704,558.2968,275.85028,312.54977,1674.8905,1.0,893.0,274.75,66.0,356.96173,1099.0,274.75,0.0,0.0019898415,0.0009949207,0.0,0.0,2.0,893.0,170.1,66.0,247.97034,61489.29,6.0,0.0,2.0,602.0,6.0,1099.0,4.0,6.0,4.0,602.0,1099.0,0.0
0.0,0.00019598007,9.7990036e-05,0.0,0.0,196.0,1.0,5102.5596,28.0,0.0,0.0,0.0,0.0,0.0,0.0,0.0,93.0,93.0,93.0,0.0,93.0,93.0,0.0,0.0,0.3110368,33204.0,0.0,0.0,0.0,2.0002034e+06,195.0,195.98007,195.98007,195.98007,0.0,10205.119,1.0,5102.5596,28.0,0.0,0.0,0.0,0.0,0.0,0.0,299.0,299.0,299.0,0.0,299.0,299.0,0.0,0.00019598007,9.7990036e-05,0.0,0.0,0.0,299.0,196.0,93.0,103.0,10609.0,17.0,0.0,0.0,93.0,1.0,299.0,1.0,1.0,1.0,93.0,299.0,0.0
1.0,0.00019598007,9.7990036e-05,0.0,0.0,60.0,1.0,5102.5596,40.0,0.0,0.0,0.0,0.0,0.0,65535.0,0.0,60.0,60.0,60.0,0.0,60.0,60.0,0.0,0.0,1.0,1289.0,0.0,0.0,65535.0,612307.1,195.0,195.98007,195.98007,195.98007,0.0,10205.119,1.0,5102.5596,40.0,0.0,0.0,0.0,0.0,0.0,0.0,60.0,60.0,60.0,0.0,60.0,60.0,0.0,0.00019598007,9.7990036e-05,0.0,0.0,0.0,60.0,60.0,60.0,0.0,0.0,6.0,1.0,1.0,60.0,1.0,60.0,1.0,1.0,1.0,60.0,60.0,0.0
0.0,4.963731,2.4818654,0.0,0.0,60.0,0.0,0.0,0.0,0.0,0.0,0.0,0.0,0.0,0.0,0.0,0.0,0.0,0.0,0.0,0.0,0.0,0.0,0.0,0.0,80.0,0.0,0.0,65535.0,36.263046,4.963731e+06,3.695856e+06,2.4818655e+06,1.267875e+06,1.7168419e+06,0.60438406,0.0,0.0,120.0,3.695856e+06,2.4818655e+06,1.267875e+06,1.7168419e+06,4.963731e+06,0.0,60.0,60.0,60.0,0.0,0.0,60.0,0.0,4.963731,2.4818654,0.0,0.0,0.0,60.0,60.0,60.0,0.0,0.0,6.0,1.0,2.0,0.0,0.0,180.0,3.0,0.0,3.0,0.0,180.0,0.0
0.0,604.1676,302.0838,0.0,0.0,95.0,0.0,0.0,0.0,0.0,0.0,0.0,0.0,0.0,0.0,0.0,0.0,0.0,0.0,0.0,0.0,0.0,0.0,0.0,0.0,53.0,0.0,0.0,0.0,0.31448227,6.041676e+08,6.041676e+08,6.041676e+08,6.041676e+08,0.0,0.0033103398,1.0,0.0033103398,56.0,6.041676e+08,6.041676e+08,6.041676e+08,0.0,6.041676e+08,0.0,96.0,95.0,94.0,1.0,95.0,95.0,0.0,604.1676,302.0838,0.0,0.0,0.0,96.0,95.0,94.0,1.0,1.0,17.0,0.0,0.0,0.0,0.0,190.0,2.0,0.0,2.0,0.0,190.0,0.0
1.0,1e-06,5e-07,0.0,0.0,60.0,0.0,0.0,0.0,0.0,0.0,0.0,0.0,0.0,0.0,0.0,0.0,0.0,0.0,0.0,0.0,0.0,0.0,0.0,0.0,42225.0,0.0,0.0,65535.0,6e+07,1.0,0.0,0.0,0.0,0.0,1e+06,0.0,0.0,40.0,0.0,0.0,0.0,0.0,0.0,0.0,60.0,60.0,60.0,0.0,0.0,60.0,0.0,1e-06,5e-07,0.0,0.0,0.0,60.0,60.0,60.0,0.0,0.0,6.0,1.0,0.0,0.0,0.0,60.0,1.0,0.0,1.0,0.0,60.0,0.0
0.0,0.0002989769,0.00014948845,0.0,0.0,117.0,1.0,3344.74,28.0,0.0,0.0,0.0,0.0,0.0,0.0,0.0,101.0,101.0,101.0,0.0,101.0,101.0,0.0,0.0,0.7593985,47087.0,0.0,0.0,0.0,782669.2,298.0,298.9769,298.9769,298.9769,0.0,6689.48,1.0,3344.74,28.0,0.0,0.0,0.0,0.0,0.0,0.0,133.0,133.0,133.0,0.0,133.0,133.0,0.0,0.0002989769,0.00014948845,0.0,0.0,0.0,133.0,117.0,101.0,16.0,256.0,17.0,0.0,0.0,101.0,1.0,133.0,1.0,1.0,1.0,101.0,133.0,0.0
9.0,0.022495985,0.0112479925,0.0,0.0,480.0,6.0,44.452377,240.0,14919.996,4499.197,0.0,5648.6406,22495.984,65535.0,1.0,4093.0,738.5,66.0,1500.1809,4431.0,738.5,0.0,0.0,12.00813,48787.0,0.0,2.0,65535.0,213371.4,22495.0,14919.996,2499.554,0.0,4692.264,444.52377,4.0,44.452377,160.0,16546.965,7350.2856,114.917755,6850.2114,22050.857,2.0,129.0,92.25,66.0,24.661457,369.0,92.25,0.0,0.022495985,0.0112479925,0.0,0.0,3.0,4093.0,480.0,66.0,1204.4926,1.4508022e+06,6.0,0.0,2.0,4431.0,6.0,369.0,4.0,6.0,4.0,4431.0,369.0,0.0
0.0,0.004547119,0.0022735596,0.0,0.0,114.0,1.0,219.91946,28.0,0.0,0.0,0.0,0.0,0.0,0.0,0.0,106.0,106.0,106.0,0.0,106.0,106.0,0.0,0.0,0.86885244,41119.0,0.0,0.0,0.0,50141.637,4547.0,4547.119,4547.119,4547.119,0.0,439.83893,1.0,219.91946,28.0,0.0,0.0,0.0,0.0,0.0,0.0,122.0,122.0,122.0,0.0,122.0,122.0,0.0,0.004547119,0.0022735596,0.0,0.0,0.0,122.0,114.0,106.0,8.0,64.0,17.0,0.0,0.0,106.0,1.0,122.0,1.0,1.0,1.0,106.0,122.0,0.0
0.0,1e-06,5e-07,0.0,0.0,96.0,1.0,1e+06,28.0,0.0,0.0,0.0,0.0,0.0,0.0,0.0,96.0,96.0,96.0,0.0,96.0,96.0,0.0,0.0,0.0,53.0,0.0,0.0,0.0,9.6e+07,1.0,0.0,0.0,0.0,0.0,1e+06,0.0,0.0,0.0,0.0,0.0,0.0,0.0,0.0,0.0,0.0,0.0,0.0,0.0,0.0,0.0,0.0,1e-06,5e-07,0.0,0.0,0.0,96.0,96.0,96.0,0.0,0.0,17.0,0.0,0.0,96.0,1.0,0.0,0.0,1.0,0.0,96.0,0.0,0.0
21.0,10.002364,5.001182,0.0,0.0,225.22728,5.0,0.19995274,400.0,9.936506e+06,1.1113274e+06,272.98926,3.1201998e+06,1.0001946e+07,65535.0,5.0,1106.0,240.1,66.0,332.0212,1200.5,240.1,0.0,0.0,0.940094,22.0,0.0,2.0,65535.0,495.3829,1.0002363e+07,9.890684e+06,476303.03,10.01358,2.1051568e+06,2.19948,6.0,0.19995274,480.0,9.890684e+06,909305.8,116.10985,2.8402102e+06,1.0002364e+07,6.0,1602.0,212.83333,66.0,419.47623,1277.0,212.83333,0.0,10.002364,5.001182,0.0,0.0,11.0,1602.0,225.22728,66.0,382.4538,146270.9,6.0,0.0,2.0,2401.0,10.0,2554.0,12.0,10.0,12.0,2401.0,2554.0,0.0
0.0,9927.08,4963.54,0.0,0.0,123.333336,1.0,0.00030220367,84.0,8.991902e+09,4.96354e+09,9.3517824e+08,4.0283617e+09,9.92708e+09,0.0,0.0,173.0,152.66667,128.0,18.624954,152.66667,152.66667,0.0,0.0,1.6241134,53.0,0.0,0.0,0.0,0.074543566,9.92708e+09,8.991901e+09,1.9854161e+09,586.03284,3.5219156e+09,0.00060440734,1.0,0.00030220367,84.0,8.991902e+09,4.9635395e+09,9.351778e+08,4.0283617e+09,9.927079e+09,0.0,96.0,94.0,93.0,1.4142135,94.0,94.0,0.0,9927.08,4963.54,0.0,0.0,0.0,173.0,123.333336,93.0,32.16969,1034.8889,17.0,0.0,0.0,458.0,3.0,282.0,3.0,3.0,3.0,458.0,282.0,0.0
0.0,0.004076004,0.002038002,0.0,0.0,110.0,1.0,245.33832,28.0,0.0,0.0,0.0,0.0,0.0,0.0,0.0,102.0,102.0,102.0,0.0,102.0,102.0,0.0,0.0,0.86440676,47706.0,0.0,0.0,0.0,53974.43,4076.0,4076.0042,4076.0042,4076.0042,0.0,490.67664,1.0,245.33832,28.0,0.0,0.0,0.0,0.0,0.0,0.0,118.0,118.0,118.0,0.0,118.0,118.0,0.0,0.004076004,0.002038002,0.0,0.0,0.0,118.0,110.0,102.0,8.0,64.0,17.0,0.0,0.0,102.0,1.0,118.0,1.0,1.0,1.0,102.0,118.0,0.0
36.0,1556.7727,778.38635,0.0,0.0,127.025,6.0,0.0025694182,960.0,1.2281313e+09,6.768577e+07,0.0,2.5169442e+08,1.5567727e+09,65535.0,4.0,306.0,101.875,66.0,78.330666,611.25,101.875,0.0,0.0,0.92754173,53930.0,0.0,8.0,65535.0,3.2638035,1.5567727e+09,1.2281313e+09,3.991725e+07,0.0,1.9613451e+08,0.025694182,4.0,0.0025694182,640.0,1.2281315e+09,1.0378474e+08,0.0,3.055983e+08,1.5567711e+09,4.0,453.0,164.75,66.0,166.45326,659.0,164.75,0.0,1556.7727,778.38635,0.0,0.0,8.0,453.0,127.025,66.0,125.351006,15712.874,6.0,0.0,8.0,2445.0,24.0,2636.0,16.0,24.0,16.0,2445.0,2636.0,0.0
1.0,0.00034284592,0.00017142296,0.0,0.0,60.0,1.0,2916.7622,40.0,0.0,0.0,0.0,0.0,0.0,65535.0,0.0,60.0,60.0,60.0,0.0,60.0,60.0,0.0,0.0,1.0,2738.0,0.0,0.0,65535.0,350011.47,342.0,342.84592,342.84592,342.84592,0.0,5833.5244,1.0,2916.7622,40.0,0.0,0.0,0.0,0.0,0.0,0.0,60.0,60.0,60.0,0.0,60.0,60.0,0.0,0.00034284592,0.00017142296,0.0,0.0,0.0,60.0,60.0,60.0,0.0,0.0,6.0,1.0,1.0,60.0,1.0,60.0,1.0,1.0,1.0,60.0,60.0,0.0
0.0,3721.6045,1860.8022,0.0,0.0,94.5,0.0,0.0,0.0,0.0,0.0,0.0,0.0,0.0,0.0,0.0,0.0,0.0,0.0,0.0,0.0,0.0,0.0,0.0,0.0,53.0,0.0,0.0,0.0,0.050784547,3.7216046e+09,3.7216046e+09,3.7216046e+09,3.7216046e+09,0.0,0.0005374026,1.0,0.0005374026,56.0,3.7216046e+09,3.7216046e+09,3.7216046e+09,0.0,3.7216046e+09,0.0,96.0,94.5,93.0,1.5,94.5,94.5,0.0,3721.6045,1860.8022,0.0,0.0,0.0,96.0,94.5,93.0,1.5,2.25,17.0,0.0,0.0,0.0,0.0,189.0,2.0,0.0,2.0,0.0,189.0,0.0
0.0,0.00044703484,0.00022351742,0.0,0.0,117.0,1.0,2236.9622,28.0,0.0,0.0,0.0,0.0,0.0,0.0,0.0,101.0,101.0,101.0,0.0,101.0,101.0,0.0,0.0,0.7593985,47054.0,0.0,0.0,0.0,523449.12,447.0,447.03485,447.03485,447.03485,0.0,4473.9243,1.0,2236.9622,28.0,0.0,0.0,0.0,0.0,0.0,0.0,133.0,133.0,133.0,0.0,133.0,133.0,0.0,0.00044703484,0.00022351742,0.0,0.0,0.0,133.0,117.0,101.0,16.0,256.0,17.0,0.0,0.0,101.0,1.0,133.0,1.0,1.0,1.0,101.0,133.0,0.0
1.0,4.196167e-05,2.0980835e-05,0.0,0.0,57.0,1.0,23831.273,40.0,0.0,0.0,0.0,0.0,0.0,65535.0,0.0,60.0,60.0,60.0,0.0,60.0,60.0,0.0,0.0,1.1111112,2206.0,0.0,0.0,65535.0,2.716765e+06,41.0,41.96167,41.96167,41.96167,0.0,47662.547,1.0,23831.273,40.0,0.0,0.0,0.0,0.0,0.0,0.0,54.0,54.0,54.0,0.0,54.0,54.0,0.0,4.196167e-05,2.0980835e-05,0.0,0.0,0.0,60.0,57.0,54.0,3.0,9.0,6.0,1.0,1.0,60.0,1.0,54.0,1.0,1.0,1.0,60.0,54.0,0.0
75.0,9854.381,4927.1904,0.0,0.0,432.10843,5.125,0.00081182166,1640.0,3.6016353e+09,2.4635952e+08,0.0,7.081412e+08,9.854381e+09,65535.0,8.0,641.0,134.36586,66.0,141.50786,688.625,134.36586,0.0,0.0,0.18147977,34006.0,0.0,16.0,65535.0,3.639498,9.854381e+09,3.6016353e+09,1.2017538e+08,0.0,5.0968694e+08,0.008422649,5.25,0.00081182166,1680.0,3.6016353e+09,2.4035075e+08,42.915344,7.0048365e+08,9.854381e+09,10.0,3506.0,722.7619,66.0,1293.3115,3794.5,722.7619,0.0,9854.381,4927.1904,0.0,0.0,18.0,3506.0,432.10843,66.0,970.99695,942835.06,6.0,0.0,16.0,5509.0,41.0,30356.0,42.0,41.0,42.0,5509.0,30356.0,0.0
0.0,1e-06,5e-07,0.0,0.0,60.0,1.0,1e+06,40.0,0.0,0.0,0.0,0.0,0.0,65535.0,0.0,60.0,60.0,60.0,0.0,60.0,60.0,0.0,0.0,0.0,58644.0,0.0,0.0,0.0,6e+07,1.0,0.0,0.0,0.0,0.0,1e+06,0.0,0.0,0.0,0.0,0.0,0.0,0.0,0.0,0.0,0.0,0.0,0.0,0.0,0.0,0.0,0.0,1e-06,5e-07,0.0,0.0,0.0,60.0,60.0,60.0,0.0,0.0,6.0,1.0,0.0,60.0,1.0,0.0,0.0,1.0,0.0,60.0,0.0,0.0
0.0,1e-06,5e-07,0.0,0.0,60.0,1.0,1e+06,40.0,0.0,0.0,0.0,0.0,0.0,65535.0,0.0,60.0,60.0,60.0,0.0,60.0,60.0,0.0,0.0,0.0,51232.0,0.0,0.0,0.0,6e+07,1.0,0.0,0.0,0.0,0.0,1e+06,0.0,0.0,0.0,0.0,0.0,0.0,0.0,0.0,0.0,0.0,0.0,0.0,0.0,0.0,0.0,0.0,1e-06,5e-07,0.0,0.0,0.0,60.0,60.0,60.0,0.0,0.0,6.0,1.0,0.0,60.0,1.0,0.0,0.0,1.0,0.0,60.0,0.0,0.0
9.0,0.0016880035,0.00084400177,0.0,0.0,123.8,4.0,592.41583,160.0,761.0321,505.36792,293.01642,193.50566,1516.1038,65535.0,1.0,503.0,177.25,66.0,188.1002,709.0,177.25,0.0,0.0,1.3402647,80.0,0.0,2.0,65535.0,733410.8,1688.0,398.15903,187.55595,0.0,148.28601,5924.158,6.0,592.41583,240.0,569.10516,337.6007,0.9536743,217.56784,1688.0035,1.0,191.0,88.166664,66.0,46.08115,529.0,88.166664,0.0,0.0016880035,0.00084400177,0.0,0.0,2.0,503.0,123.8,66.0,131.64862,17331.36,6.0,0.0,2.0,709.0,4.0,529.0,6.0,4.0,6.0,709.0,529.0,0.0
20.0,571.5201,285.76004,0.0,0.0,73.92857,5.0,0.005249159,600.0,3.7159315e+08,4.0822864e+07,0.0,1.0512582e+08,5.715201e+08,65535.0,3.0,92.0,70.8,60.0,11.7029915,354.0,70.8,0.0,0.0,1.0535715,22.0,0.0,3.0,65535.0,3.6219199,5.715201e+08,3.715925e+08,2.1167412e+07,0.0,7.8399064e+07,0.048992153,4.3333335,0.005249159,520.0,3.7159286e+08,4.7626676e+07,0.0,1.12112824e+08,5.715201e+08,3.0,108.0,77.53846,66.0,16.99147,336.0,77.53846,0.0,571.5201,285.76004,0.0,0.0,6.0,108.0,73.92857,60.0,14.788819,218.70918,6.0,6.0,6.0,1062.0,15.0,1008.0,13.0,15.0,13.0,1062.0,1008.0,0.0
15.0,2.3455539,1.1727769,0.0,0.0,75.9375,4.5,0.85267705,360.0,2.331521e+06,293194.22,172.13821,770418.6,2.3455538e+06,65535.0,2.0,97.0,71.44444,66.0,9.765143,321.5,71.44444,0.0,0.0,1.1241258,58330.0,0.0,3.0,65535.0,518.00134,2.345553e+06,2.33078e+06,156370.27,0.0,581138.56,6.8214164,3.5,0.85267705,280.0,2.33078e+06,390858.34,0.0,867567.6,2.34515e+06,4.0,100.0,81.71429,66.0,10.109604,286.0,81.71429,0.0,2.3455539,1.1727769,0.0,0.0,6.0,100.0,75.9375,66.0,11.149376,124.30859,6.0,0.0,2.0,643.0,9.0,572.0,7.0,9.0,7.0,643.0,572.0,0.0
36.0,1594.1836,797.0918,0.0,0.0,444.7,5.0,0.0025091213,800.0,7.743682e+08,8.39044e+07,160.93254,2.0677717e+08,1.5941836e+09,65535.0,4.0,446.0,133.8,66.0,132.68443,669.0,133.8,0.0,0.0,0.17707781,49622.0,0.0,8.0,65535.0,11.158062,1.5941836e+09,7.743682e+08,4.0876504e+07,3.0994415,1.5029658e+08,0.025091212,5.0,0.0025091213,800.0,7.743682e+08,8.39044e+07,57.935715,2.0677715e+08,1.5941836e+09,4.0,3506.0,755.6,66.0,1375.2035,3778.0,755.6,0.0,1594.1836,797.0918,0.0,0.0,8.0,3506.0,444.7,66.0,1025.2091,1.0510538e+06,6.0,0.0,8.0,2676.0,20.0,15112.0,20.0,20.0,20.0,2676.0,15112.0,0.0
0.0,0.9754379,0.48771894,0.0,0.0,109.0,1.0,1.0251806,28.0,0.0,0.0,0.0,0.0,0.0,0.0,0.0,101.0,101.0,101.0,0.0,101.0,101.0,0.0,0.0,0.8632479,43191.0,0.0,0.0,0.0,223.48938,975437.0,975437.9,975437.9,975437.9,0.0,2.0503612,1.0,1.0251806,28.0,0.0,0.0,0.0,0.0,0.0,0.0,117.0,117.0,117.0,0.0,117.0,117.0,0.0,0.9754379,0.48771894,0.0,0.0,0.0,117.0,109.0,101.0,8.0,64.0,17.0,0.0,0.0,101.0,1.0,117.0,1.0,1.0,1.0,101.0,117.0,0.0
0.0,1e-06,5e-07,0.0,0.0,60.0,0.0,0.0,28.0,0.0,0.0,0.0,0.0,0.0,0.0,0.0,60.0,60.0,60.0,0.0,0.0,60.0,0.0,0.0,0.0,13292.0,0.0,0.0,0.0,6e+07,1.0,0.0,0.0,0.0,0.0,1e+06,0.0,0.0,0.0,0.0,0.0,0.0,0.0,0.0,0.0,0.0,0.0,0.0,0.0,0.0,0.0,0.0,1e-06,5e-07,0.0,0.0,0.0,60.0,60.0,60.0,0.0,0.0,17.0,0.0,0.0,60.0,1.0,0.0,0.0,1.0,0.0,60.0,0.0,0.0
0.0,1e-06,5e-07,0.0,0.0,60.0,0.0,0.0,0.0,0.0,0.0,0.0,0.0,0.0,0.0,0.0,0.0,0.0,0.0,0.0,0.0,0.0,0.0,0.0,0.0,924.0,0.0,0.0,65535.0,6e+07,1.0,0.0,0.0,0.0,0.0,1e+06,0.0,0.0,40.0,0.0,0.0,0.0,0.0,0.0,0.0,60.0,60.0,60.0,0.0,0.0,60.0,0.0,1e-06,5e-07,0.0,0.0,0.0,60.0,60.0,60.0,0.0,0.0,6.0,0.0,1.0,0.0,0.0,60.0,1.0,0.0,1.0,0.0,60.0,0.0
0.0,36.23348,18.11674,0.0,0.0,60.0,0.0,0.0,0.0,0.0,0.0,0.0,0.0,0.0,0.0,0.0,0.0,0.0,0.0,0.0,0.0,0.0,0.0,0.0,0.0,80.0,0.0,0.0,65535.0,4.9677815,3.623348e+07,3.3362516e+07,1.811674e+07,2.8709612e+06,2.1560786e+07,0.08279636,0.0,0.0,120.0,3.3362516e+07,1.811674e+07,2.8709612e+06,2.1560786e+07,3.623348e+07,0.0,60.0,60.0,60.0,0.0,0.0,60.0,0.0,36.23348,18.11674,0.0,0.0,0.0,60.0,60.0,60.0,0.0,0.0,6.0,0.0,3.0,0.0,0.0,180.0,3.0,0.0,3.0,0.0,180.0,0.0
0.0,19.32184,9.66092,0.0,0.0,60.0,0.0,0.0,0.0,0.0,0.0,0.0,0.0,0.0,0.0,0.0,0.0,0.0,0.0,0.0,0.0,0.0,0.0,0.0,0.0,80.0,0.0,0.0,65535.0,9.315883,1.932184e+07,1.7204554e+07,9.660921e+06,2.117287e+06,1.0668309e+07,0.1552647,0.0,0.0,120.0,1.7204554e+07,9.660921e+06,2.117287e+06,1.0668309e+07,1.9321842e+07,0.0,60.0,60.0,60.0,0.0,0.0,60.0,0.0,19.32184,9.66092,0.0,0.0,0.0,60.0,60.0,60.0,0.0,0.0,6.0,0.0,3.0,0.0,0.0,180.0,3.0,0.0,3.0,0.0,180.0,0.0
1.0,0.0004131794,0.0002065897,0.0,0.0,59.333332,2.0,2420.256,80.0,413.17938,413.17938,413.17938,0.0,413.17938,65535.0,0.0,60.0,60.0,60.0,0.0,120.0,60.0,0.0,0.0,2.0689654,63747.0,0.0,0.0,65535.0,430805.6,413.0,368.1183,206.58969,45.06111,161.5286,7260.7686,1.0,2420.256,40.0,0.0,0.0,0.0,0.0,0.0,0.0,58.0,58.0,58.0,0.0,58.0,58.0,0.0,0.0004131794,0.0002065897,0.0,0.0,0.0,60.0,59.333332,58.0,0.94280905,0.8888889,6.0,1.0,2.0,120.0,2.0,58.0,1.0,2.0,1.0,120.0,58.0,0.0
0.0,0.00055098534,0.00027549267,0.0,0.0,130.0,0.0,0.0,28.0,0.0,0.0,0.0,0.0,0.0,0.0,0.0,90.0,90.0,90.0,0.0,0.0,90.0,0.0,0.0,0.5294118,38813.0,0.0,0.0,0.0,471881.88,550.0,550.98535,550.98535,550.98535,0.0,3629.8606,0.0,0.0,28.0,0.0,0.0,0.0,0.0,0.0,0.0,170.0,170.0,170.0,0.0,0.0,170.0,0.0,0.00055098534,0.00027549267,0.0,0.0,0.0,170.0,130.0,90.0,56.568542,3200.0,17.0,0.0,0.0,90.0,1.0,170.0,1.0,1.0,1.0,90.0,170.0,0.0
1.0,2.5987625e-05,1.2993813e-05,0.0,0.0,64.0,1.0,38479.85,40.0,0.0,0.0,0.0,0.0,0.0,65535.0,0.0,74.0,74.0,74.0,0.0,74.0,74.0,0.0,0.0,1.3703704,35916.0,0.0,0.0,65535.0,4.925421e+06,25.0,25.987625,25.987625,25.987625,0.0,76959.7,1.0,38479.85,40.0,0.0,0.0,0.0,0.0,0.0,0.0,54.0,54.0,54.0,0.0,54.0,54.0,0.0,2.5987625e-05,1.2993813e-05,0.0,0.0,0.0,74.0,64.0,54.0,10.0,100.0,6.0,1.0,1.0,74.0,1.0,54.0,1.0,1.0,1.0,74.0,54.0,0.0
38.0,0.22981,0.114905,0.0,0.0,246.0,0.0,0.0,800.0,146154.17,12095.263,0.0,33805.824,229810.0,65535.0,12.0,1602.0,176.9,66.0,337.67346,0.0,176.9,0.0,0.0,0.58421403,51685.0,0.0,2.0,65535.0,41747.53,229809.0,56713.105,6047.6313,0.0,14441.298,169.70541,0.0,0.0,760.0,56713.105,12738.731,255.10788,19401.24,229297.16,11.0,2290.0,318.73685,66.0,556.32416,0.0,318.73685,0.0,0.22981,0.114905,0.0,0.0,23.0,2290.0,246.0,66.0,456.9176,208773.69,6.0,0.0,2.0,3538.0,20.0,6056.0,19.0,20.0,19.0,3538.0,6056.0,0.0
1.0,0.00022006035,0.000110030174,0.0,0.0,67.0,1.0,4544.208,40.0,0.0,0.0,0.0,0.0,0.0,65535.0,0.0,74.0,74.0,74.0,0.0,74.0,74.0,0.0,0.0,1.2333333,34058.0,0.0,0.0,65535.0,608923.9,220.0,220.06035,220.06035,220.06035,0.0,9088.416,1.0,4544.208,40.0,0.0,0.0,0.0,0.0,0.0,0.0,60.0,60.0,60.0,0.0,60.0,60.0,0.0,0.00022006035,0.000110030174,0.0,0.0,0.0,74.0,67.0,60.0,7.0,49.0,6.0,1.0,1.0,74.0,1.0,60.0,1.0,1.0,1.0,74.0,60.0,0.0
18.0,468.0393,234.01965,0.0,0.0,131.55,6.0,0.0042731455,480.0,4.6802864e+08,4.2549028e+07,141.1438,1.3454846e+08,4.680393e+08,65535.0,2.0,336.0,109.416664,66.0,93.82294,656.5,109.416664,0.0,0.0,0.9962064,40930.0,0.0,4.0,65535.0,5.6213226,4.680393e+08,4.6802864e+08,2.4633648e+07,0.0,1.045092e+08,0.042731453,4.0,0.0042731455,320.0,4.6802934e+08,6.6862736e+07,617.98096,1.6377558e+08,4.6803914e+08,2.0,453.0,164.75,66.0,166.45326,659.0,164.75,0.0,468.0393,234.01965,0.0,0.0,4.0,453.0,131.55,66.0,130.7637,17099.148,6.0,0.0,4.0,1313.0,12.0,1318.0,8.0,12.0,8.0,1313.0,1318.0,0.0
0.0,1e-06,5e-07,0.0,0.0,60.0,0.0,0.0,28.0,0.0,0.0,0.0,0.0,0.0,0.0,0.0,60.0,60.0,60.0,0.0,0.0,60.0,0.0,0.0,0.0,32855.0,0.0,0.0,0.0,6e+07,1.0,0.0,0.0,0.0,0.0,1e+06,0.0,0.0,0.0,0.0,0.0,0.0,0.0,0.0,0.0,0.0,0.0,0.0,0.0,0.0,0.0,0.0,1e-06,5e-07,0.0,0.0,0.0,60.0,60.0,60.0,0.0,0.0,17.0,0.0,0.0,60.0,1.0,0.0,0.0,1.0,0.0,60.0,0.0,0.0
18.0,0.24452996,0.12226498,0.0,0.0,180.42105,0.0,0.0,0.0,0.0,0.0,0.0,0.0,0.0,0.0,0.0,0.0,0.0,0.0,0.0,0.0,0.0,0.0,0.0,0.0,22.0,0.0,1.0,65535.0,14018.732,244529.0,163194.89,13584.998,0.0,38665.2,77.70009,0.0,0.0,760.0,163194.89,13584.998,0.0,38665.2,244529.97,11.0,1602.0,180.42105,66.0,346.4413,0.0,180.42105,0.0,0.24452996,0.12226498,0.0,0.0,11.0,1602.0,180.42105,66.0,346.4413,120021.59,6.0,0.0,1.0,0.0,0.0,3428.0,19.0,0.0,19.0,0.0,3428.0,0.0
45.0,1070.9263,535.46313,0.0,0.0,124.76,6.0,0.0046688556,1200.0,4.685188e+08,3.6928492e+07,0.0,1.0636989e+08,1.0709263e+09,65535.0,5.0,301.0,98.1,66.0,69.57172,588.6,98.1,0.0,0.0,0.8931715,56506.0,0.0,10.0,65535.0,5.824864,1.0709263e+09,4.685188e+08,2.1855638e+07,0.0,8.382002e+07,0.046688553,4.0,0.0046688556,800.0,4.6851914e+08,5.6364504e+07,312.80518,1.27177544e+08,1.0709256e+09,5.0,453.0,164.75,66.0,166.45326,659.0,164.75,0.0,1070.9263,535.46313,0.0,0.0,10.0,453.0,124.76,66.0,122.69043,15052.942,6.0,0.0,10.0,2943.0,30.0,3295.0,20.0,30.0,20.0,2943.0,3295.0,0.0
0.0,0.00017213821,8.606911e-05,0.0,0.0,134.5,1.0,5809.285,28.0,0.0,0.0,0.0,0.0,0.0,0.0,0.0,94.0,94.0,94.0,0.0,94.0,94.0,0.0,0.0,0.5371429,51166.0,0.0,0.0,0.0,1.5626978e+06,172.0,172.13821,172.13821,172.13821,0.0,11618.57,1.0,5809.285,28.0,0.0,0.0,0.0,0.0,0.0,0.0,175.0,175.0,175.0,0.0,175.0,175.0,0.0,0.00017213821,8.606911e-05,0.0,0.0,0.0,175.0,134.5,94.0,40.5,1640.25,17.0,0.0,0.0,94.0,1.0,175.0,1.0,1.0,1.0,94.0,175.0,0.0
0.0,170.94077,85.47038,0.0,0.0,125.0,1.0,0.01169996,56.0,1.7094058e+08,1.7094058e+08,1.7094058e+08,0.0,1.7094058e+08,0.0,0.0,108.0,104.5,101.0,3.5,104.5,104.5,0.0,0.0,0.7182131,48852.0,0.0,0.0,0.0,2.92499,1.7094077e+08,1.709379e+08,5.6980256e+07,193.8343,8.058023e+07,0.02339992,1.0,0.01169996,56.0,1.709381e+08,1.709381e+08,1.709381e+08,0.0,1.709381e+08,0.0,174.0,145.5,117.0,28.5,145.5,145.5,0.0,170.94077,85.47038,0.0,0.0,0.0,174.0,125.0,101.0,28.853077,832.5,17.0,0.0,0.0,209.0,2.0,291.0,2.0,2.0,2.0,209.0,291.0,0.0
1.0,1e-06,5e-07,0.0,0.0,54.0,0.0,0.0,0.0,0.0,0.0,0.0,0.0,0.0,0.0,0.0,0.0,0.0,0.0,0.0,0.0,0.0,0.0,0.0,0.0,54420.0,0.0,0.0,65535.0,5.4e+07,1.0,0.0,0.0,0.0,0.0,1e+06,0.0,0.0,40.0,0.0,0.0,0.0,0.0,0.0,0.0,54.0,54.0,54.0,0.0,0.0,54.0,0.0,1e-06,5e-07,0.0,0.0,0.0,54.0,54.0,54.0,0.0,0.0,6.0,1.0,0.0,0.0,0.0,54.0,1.0,0.0,1.0,0.0,54.0,0.0
0.0,1e-06,5e-07,0.0,0.0,1514.0,0.0,0.0,0.0,0.0,0.0,0.0,0.0,0.0,0.0,0.0,0.0,0.0,0.0,0.0,0.0,0.0,0.0,0.0,0.0,6890.0,0.0,0.0,0.0,1.514e+09,1.0,0.0,0.0,0.0,0.0,1e+06,1.0,1e+06,28.0,0.0,0.0,0.0,0.0,0.0,0.0,1514.0,1514.0,1514.0,0.0,1514.0,1514.0,0.0,1e-06,5e-07,0.0,0.0,0.0,1514.0,1514.0,1514.0,0.0,0.0,17.0,0.0,0.0,0.0,0.0,1514.0,1.0,0.0,1.0,0.0,1514.0,0.0
1.0,1.4066696e-05,7.033348e-06,0.0,0.0,57.0,1.0,71089.9,40.0,0.0,0.0,0.0,0.0,0.0,65535.0,0.0,60.0,60.0,60.0,0.0,60.0,60.0,0.0,0.0,1.1111112,2532.0,0.0,0.0,65535.0,8.1042485e+06,14.0,14.066696,14.066696,14.066696,0.0,142179.8,1.0,71089.9,40.0,0.0,0.0,0.0,0.0,0.0,0.0,54.0,54.0,54.0,0.0,54.0,54.0,0.0,1.4066696e-05,7.033348e-06,0.0,0.0,0.0,60.0,57.0,54.0,3.0,9.0,6.0,1.0,1.0,60.0,1.0,54.0,1.0,1.0,1.0,60.0,54.0,0.0
0.0,1e-06,5e-07,0.0,0.0,60.0,0.0,0.0,28.0,0.0,0.0,0.0,0.0,0.0,0.0,0.0,60.0,60.0,60.0,0.0,0.0,60.0,0.0,0.0,0.0,9808.0,0.0,0.0,0.0,6e+07,1.0,0.0,0.0,0.0,0.0,1e+06,0.0,0.0,0.0,0.0,0.0,0.0,0.0,0.0,0.0,0.0,0.0,0.0,0.0,0.0,0.0,0.0,1e-06,5e-07,0.0,0.0,0.0,60.0,60.0,60.0,0.0,0.0,17.0,0.0,0.0,60.0,1.0,0.0,0.0,1.0,0.0,60.0,0.0,0.0
1.0,0.0002670288,0.0001335144,0.0,0.0,67.0,1.0,3744.9143,40.0,0.0,0.0,0.0,0.0,0.0,65535.0,0.0,60.0,60.0,60.0,0.0,60.0,60.0,0.0,0.0,0.8108108,5432.0,0.0,0.0,65535.0,501818.5,267.0,267.0288,267.0288,267.0288,0.0,7489.8286,1.0,3744.9143,40.0,0.0,0.0,0.0,0.0,0.0,0.0,74.0,74.0,74.0,0.0,74.0,74.0,0.0,0.0002670288,0.0001335144,0.0,0.0,0.0,74.0,67.0,60.0,7.0,49.0,6.0,1.0,1.0,60.0,1.0,74.0,1.0,1.0,1.0,60.0,74.0,0.0
0.0,51.095848,25.547924,0.0,0.0,60.0,0.0,0.0,0.0,0.0,0.0,0.0,0.0,0.0,0.0,0.0,0.0,0.0,0.0,0.0,0.0,0.0,0.0,0.0,0.0,80.0,0.0,0.0,65535.0,5.8713183,5.109585e+07,3.3482618e+07,1.2773962e+07,792.0265,1.5585262e+07,0.09785531,0.0,0.0,200.0,3.3482618e+07,1.2773962e+07,792.0265,1.5585262e+07,5.109585e+07,0.0,60.0,60.0,60.0,0.0,0.0,60.0,0.0,51.095848,25.547924,0.0,0.0,0.0,60.0,60.0,60.0,0.0,0.0,6.0,0.0,5.0,0.0,0.0,300.0,5.0,0.0,5.0,0.0,300.0,0.0
0.0,0.0011608601,0.00058043003,0.0,0.0,179.5,1.0,861.4303,28.0,0.0,0.0,0.0,0.0,0.0,0.0,0.0,225.0,225.0,225.0,0.0,225.0,225.0,0.0,0.0,1.6791044,53.0,0.0,0.0,0.0,309253.47,1160.0,1160.8601,1160.8601,1160.8601,0.0,1722.8606,1.0,861.4303,28.0,0.0,0.0,0.0,0.0,0.0,0.0,134.0,134.0,134.0,0.0,134.0,134.0,0.0,0.0011608601,0.00058043003,0.0,0.0,0.0,225.0,179.5,134.0,45.5,2070.25,17.0,0.0,0.0,225.0,1.0,134.0,1.0,1.0,1.0,225.0,134.0,0.0
5.0,36.725407,18.362703,0.0,0.0,58.0,0.0,0.0,0.0,0.0,0.0,0.0,0.0,0.0,0.0,0.0,0.0,0.0,0.0,0.0,0.0,0.0,0.0,0.0,0.0,51526.0,0.0,0.0,65535.0,7.896441,3.6725404e+07,1.1628459e+07,9.181351e+06,6.610055e+06,2.103828e+06,0.13614553,0.0,0.0,200.0,1.1628459e+07,9.181351e+06,6.610055e+06,2.103828e+06,3.6725404e+07,0.0,58.0,58.0,58.0,0.0,0.0,58.0,0.0,36.725407,18.362703,0.0,0.0,0.0,58.0,58.0,58.0,0.0,0.0,6.0,0.0,5.0,0.0,0.0,290.0,5.0,0.0,5.0,0.0,290.0,0.0
9.0,0.004062891,0.0020314455,0.0,0.0,205.5,6.0,246.13016,240.0,1936.1973,812.5782,229.83551,604.0527,4062.891,65535.0,1.0,280.0,103.0,66.0,79.210686,618.0,103.0,0.0,0.0,0.43006262,42609.0,0.0,2.0,65535.0,505797.47,4062.0,1195.1924,451.43234,10.01358,378.16785,2461.3015,4.0,246.13016,160.0,1665.8306,1141.9456,564.8136,451.06247,3425.8367,1.0,1231.0,359.25,66.0,503.3157,1437.0,359.25,0.0,0.004062891,0.0020314455,0.0,0.0,2.0,1231.0,205.5,66.0,347.64154,120854.65,6.0,0.0,2.0,618.0,6.0,1437.0,4.0,6.0,4.0,618.0,1437.0,0.0
1.0,1e-06,5e-07,0.0,0.0,54.0,0.0,0.0,0.0,0.0,0.0,0.0,0.0,0.0,0.0,0.0,0.0,0.0,0.0,0.0,0.0,0.0,0.0,0.0,0.0,60168.0,0.0,0.0,65535.0,5.4e+07,1.0,0.0,0.0,0.0,0.0,1e+06,0.0,0.0,40.0,0.0,0.0,0.0,0.0,0.0,0.0,54.0,54.0,54.0,0.0,0.0,54.0,0.0,1e-06,5e-07,0.0,0.0,0.0,54.0,54.0,54.0,0.0,0.0,6.0,1.0,0.0,0.0,0.0,54.0,1.0,0.0,1.0,0.0,54.0,0.0
1.0,4.2915344e-05,2.1457672e-05,0.0,0.0,64.0,1.0,23301.69,40.0,0.0,0.0,0.0,0.0,0.0,65535.0,0.0,74.0,74.0,74.0,0.0,74.0,74.0,0.0,0.0,1.3703704,47340.0,0.0,0.0,65535.0,2.9826162e+06,42.0,42.915344,42.915344,42.915344,0.0,46603.38,1.0,23301.69,40.0,0.0,0.0,0.0,0.0,0.0,0.0,54.0,54.0,54.0,0.0,54.0,54.0,0.0,4.2915344e-05,2.1457672e-05,0.0,0.0,0.0,74.0,64.0,54.0,10.0,100.0,6.0,1.0,1.0,74.0,1.0,54.0,1.0,1.0,1.0,74.0,54.0,0.0
0.0,1e-06,5e-07,0.0,0.0,60.0,0.0,0.0,28.0,0.0,0.0,0.0,0.0,0.0,0.0,0.0,60.0,60.0,60.0,0.0,0.0,60.0,0.0,0.0,0.0,9512.0,0.0,0.0,0.0,6e+07,1.0,0.0,0.0,0.0,0.0,1e+06,0.0,0.0,0.0,0.0,0.0,0.0,0.0,0.0,0.0,0.0,0.0,0.0,0.0,0.0,0.0,0.0,1e-06,5e-07,0.0,0.0,0.0,60.0,60.0,60.0,0.0,0.0,17.0,0.0,0.0,60.0,1.0,0.0,0.0,1.0,0.0,60.0,0.0,0.0
0.0,1e-06,5e-07,0.0,0.0,60.0,0.0,0.0,28.0,0.0,0.0,0.0,0.0,0.0,0.0,0.0,60.0,60.0,60.0,0.0,0.0,60.0,0.0,0.0,0.0,59487.0,0.0,0.0,0.0,6e+07,1.0,0.0,0.0,0.0,0.0,1e+06,0.0,0.0,0.0,0.0,0.0,0.0,0.0,0.0,0.0,0.0,0.0,0.0,0.0,0.0,0.0,0.0,1e-06,5e-07,0.0,0.0,0.0,60.0,60.0,60.0,0.0,0.0,17.0,0.0,0.0,60.0,1.0,0.0,0.0,1.0,0.0,60.0,0.0,0.0
9.0,0.001292944,0.000646472,0.0,0.0,134.4,6.0,773.4287,240.0,663.9957,258.5888,0.0,247.08635,1292.944,65535.0,1.0,297.0,105.833336,66.0,85.54222,635.0,105.833336,0.0,0.0,0.8956276,51829.0,0.0,2.0,65535.0,1.0394882e+06,1292.0,361.9194,143.66045,0.0,136.27081,7734.287,4.0,773.4287,160.0,459.90942,354.6079,285.8639,75.60998,1063.8237,1.0,503.0,177.25,66.0,188.1002,709.0,177.25,0.0,0.001292944,0.000646472,0.0,0.0,2.0,503.0,134.4,66.0,140.59602,19767.24,6.0,0.0,2.0,635.0,6.0,709.0,4.0,6.0,4.0,635.0,709.0,0.0
0.0,0.0016720295,0.00083601475,0.0,0.0,141.0,1.0,598.07556,28.0,0.0,0.0,0.0,0.0,0.0,0.0,0.0,108.0,108.0,108.0,0.0,108.0,108.0,0.0,0.0,0.62068963,53684.0,0.0,0.0,0.0,168657.31,1672.0,1672.0295,1672.0295,1672.0295,0.0,1196.1511,1.0,598.07556,28.0,0.0,0.0,0.0,0.0,0.0,0.0,174.0,174.0,174.0,0.0,174.0,174.0,0.0,0.0016720295,0.00083601475,0.0,0.0,0.0,174.0,141.0,108.0,33.0,1089.0,17.0,0.0,0.0,108.0,1.0,174.0,1.0,1.0,1.0,108.0,174.0,0.0
31.0,154.4763,77.23815,0.0,0.0,870.0606,8.5,0.01294697,680.0,1.5445456e+08,9.654768e+06,0.0,3.7387144e+07,1.5447629e+08,65535.0,4.0,1986.0,308.47058,66.0,600.94025,2622.0,308.47058,0.0,0.0,0.22345321,42366.0,0.0,4.0,65535.0,185.8667,1.5447629e+08,1.5445456e+08,4.827384e+06,0.0,2.6873834e+07,0.21362501,8.0,0.01294697,640.0,1.5445504e+08,1.0297988e+07,0.0,3.852759e+07,1.5446981e+08,8.0,7306.0,1466.75,66.0,2058.967,11734.0,1466.75,0.0,154.4763,77.23815,0.0,0.0,12.0,7306.0,870.0606,66.0,1605.1702,2.5765715e+06,6.0,0.0,4.0,5244.0,17.0,23468.0,16.0,17.0,16.0,5244.0,23468.0,0.0
0.0,1e-06,5e-07,0.0,0.0,60.0,0.0,0.0,0.0,0.0,0.0,0.0,0.0,0.0,0.0,0.0,0.0,0.0,0.0,0.0,0.0,0.0,0.0,0.0,0.0,260.0,0.0,0.0,65535.0,6e+07,1.0,0.0,0.0,0.0,0.0,1e+06,0.0,0.0,40.0,0.0,0.0,0.0,0.0,0.0,0.0,60.0,60.0,60.0,0.0,0.0,60.0,0.0,1e-06,5e-07,0.0,0.0,0.0,60.0,60.0,60.0,0.0,0.0,6.0,0.0,1.0,0.0,0.0,60.0,1.0,0.0,1.0,0.0,60.0,0.0
1.0,1e-06,5e-07,0.0,0.0,113.0,1.0,1e+06,40.0,0.0,0.0,0.0,0.0,0.0,65535.0,1.0,113.0,113.0,113.0,0.0,113.0,113.0,0.0,0.0,0.0,8080.0,0.0,0.0,0.0,1.13e+08,1.0,0.0,0.0,0.0,0.0,1e+06,0.0,0.0,0.0,0.0,0.0,0.0,0.0,0.0,0.0,0.0,0.0,0.0,0.0,0.0,0.0,0.0,1e-06,5e-07,0.0,0.0,1.0,113.0,113.0,113.0,0.0,0.0,6.0,0.0,0.0,113.0,1.0,0.0,0.0,1.0,0.0,113.0,0.0,0.0
9.0,0.009783983,0.0048919916,0.0,0.0,170.3,6.0,102.20786,240.0,7071.018,1956.7966,442.98172,2573.3887,9783.983,65535.0,1.0,266.0,100.666664,66.0,73.996994,604.0,100.666664,0.0,0.0,0.5495905,33745.0,0.0,2.0,65535.0,174059.98,9783.0,7071.018,1087.1093,9.059906,2145.276,1022.0786,4.0,102.20786,160.0,7600.069,3127.6543,262.02203,3203.9607,9382.963,1.0,893.0,274.75,66.0,356.96173,1099.0,274.75,0.0,0.009783983,0.0048919916,0.0,0.0,2.0,893.0,170.3,66.0,248.04678,61527.21,6.0,0.0,2.0,604.0,6.0,1099.0,4.0,6.0,4.0,604.0,1099.0,0.0
0.0,1e-06,5e-07,0.0,0.0,60.0,0.0,0.0,0.0,0.0,0.0,0.0,0.0,0.0,0.0,0.0,0.0,0.0,0.0,0.0,0.0,0.0,0.0,0.0,0.0,80.0,0.0,0.0,65535.0,6e+07,1.0,0.0,0.0,0.0,0.0,1e+06,0.0,0.0,40.0,0.0,0.0,0.0,0.0,0.0,0.0,60.0,60.0,60.0,0.0,0.0,60.0,0.0,1e-06,5e-07,0.0,0.0,0.0,60.0,60.0,60.0,0.0,0.0,6.0,0.0,1.0,0.0,0.0,60.0,1.0,0.0,1.0,0.0,60.0,0.0
9.0,0.0030150414,0.0015075207,0.0,0.0,136.4,0.0,0.0,240.0,1290.0829,603.0083,0.0,485.75308,3015.0413,65535.0,1.0,317.0,109.166664,66.0,101.8674,0.0,109.166664,0.0,0.0,0.9238364,57927.0,0.0,2.0,65535.0,452398.44,3015.0,1260.9958,335.0046,0.0,391.74036,3316.704,0.0,0.0,160.0,1291.0366,906.3085,375.98608,474.58154,2718.9255,1.0,503.0,177.25,66.0,217.1994,0.0,177.25,0.0,0.0030150414,0.0015075207,0.0,0.0,2.0,503.0,136.4,66.0,150.75233,22726.268,6.0,0.0,2.0,655.0,6.0,709.0,4.0,6.0,4.0,655.0,709.0,0.0
0.0,1e-06,5e-07,0.0,0.0,94.0,0.0,0.0,28.0,0.0,0.0,0.0,0.0,0.0,0.0,0.0,94.0,94.0,94.0,0.0,0.0,94.0,0.0,0.0,0.0,46406.0,0.0,0.0,0.0,9.4e+07,1.0,0.0,0.0,0.0,0.0,1e+06,0.0,0.0,0.0,0.0,0.0,0.0,0.0,0.0,0.0,0.0,0.0,0.0,0.0,0.0,0.0,0.0,1e-06,5e-07,0.0,0.0,0.0,94.0,94.0,94.0,0.0,0.0,17.0,0.0,0.0,94.0,1.0,0.0,0.0,1.0,0.0,94.0,0.0,0.0
1.0,1e-06,5e-07,0.0,0.0,58.0,0.0,0.0,0.0,0.0,0.0,0.0,0.0,0.0,0.0,0.0,0.0,0.0,0.0,0.0,0.0,0.0,0.0,0.0,0.0,26635.0,0.0,0.0,65535.0,5.8e+07,1.0,0.0,0.0,0.0,0.0,1e+06,0.0,0.0,40.0,0.0,0.0,0.0,0.0,0.0,0.0,58.0,58.0,58.0,0.0,0.0,58.0,0.0,1e-06,5e-07,0.0,0.0,0.0,58.0,58.0,58.0,0.0,0.0,6.0,0.0,1.0,0.0,0.0,58.0,1.0,0.0,1.0,0.0,58.0,0.0
0.0,1e-06,5e-07,0.0,0.0,60.0,0.0,0.0,0.0,0.0,0.0,0.0,0.0,0.0,0.0,0.0,0.0,0.0,0.0,0.0,0.0,0.0,0.0,0.0,0.0,80.0,0.0,0.0,65535.0,6e+07,1.0,0.0,0.0,0.0,0.0,1e+06,0.0,0.0,40.0,0.0,0.0,0.0,0.0,0.0,0.0,60.0,60.0,60.0,0.0,0.0,60.0,0.0,1e-06,5e-07,0.0,0.0,0.0,60.0,60.0,60.0,0.0,0.0,6.0,0.0,1.0,0.0,0.0,60.0,1.0,0.0,1.0,0.0,60.0,0.0
1.0,4.005432e-05,2.002716e-05,0.0,0.0,64.0,1.0,24966.096,40.0,0.0,0.0,0.0,0.0,0.0,65535.0,0.0,74.0,74.0,74.0,0.0,74.0,74.0,0.0,0.0,1.3703704,46191.0,0.0,0.0,65535.0,3.1956602e+06,40.0,40.05432,40.05432,40.05432,0.0,49932.19,1.0,24966.096,40.0,0.0,0.0,0.0,0.0,0.0,0.0,54.0,54.0,54.0,0.0,54.0,54.0,0.0,4.005432e-05,2.002716e-05,0.0,0.0,0.0,74.0,64.0,54.0,10.0,100.0,6.0,1.0,1.0,74.0,1.0,54.0,1.0,1.0,1.0,74.0,54.0,0.0
56.0,9523.395,4761.6973,0.0,0.0,294.67743,6.1666665,0.00063002744,1480.0,5.062438e+09,2.6453874e+08,0.0,9.010704e+08,9.523395e+09,65535.0,6.0,268.0,91.78378,66.0,57.731968,566.0,91.78378,0.0,0.0,0.22831787,33370.0,0.0,12.0,65535.0,1.9184335,9.523395e+09,5.062438e+09,1.5612122e+08,0.0,7.043414e+08,0.006510284,4.1666665,0.00063002744,1000.0,5.0624384e+09,3.968081e+08,39.100647,1.0795401e+09,9.523395e+09,7.0,7306.0,594.96,66.0,1571.2467,2479.0,594.96,0.0,9523.395,4761.6973,0.0,0.0,13.0,7306.0,294.67743,66.0,1028.7881,1.0584049e+06,6.0,0.0,12.0,3396.0,37.0,14874.0,25.0,37.0,25.0,3396.0,14874.0,0.0
1.0,1e-06,5e-07,0.0,0.0,67.0,1.0,1e+06,40.0,0.0,0.0,0.0,0.0,0.0,65535.0,0.0,74.0,74.0,74.0,0.0,74.0,74.0,0.0,0.0,1.2333333,44558.0,0.0,0.0,65535.0,1.34e+08,1.0,0.0,0.0,0.0,0.0,2e+06,1.0,1e+06,40.0,0.0,0.0,0.0,0.0,0.0,0.0,60.0,60.0,60.0,0.0,60.0,60.0,0.0,1e-06,5e-07,0.0,0.0,0.0,74.0,67.0,60.0,7.0,49.0,6.0,1.0,1.0,74.0,1.0,60.0,1.0,1.0,1.0,74.0,60.0,0.0
0.0,0.00026106834,0.00013053417,0.0,0.0,117.0,1.0,3830.4146,28.0,0.0,0.0,0.0,0.0,0.0,0.0,0.0,101.0,101.0,101.0,0.0,101.0,101.0,0.0,0.0,0.7593985,48494.0,0.0,0.0,0.0,896317.0,261.0,261.06836,261.06836,261.06836,0.0,7660.829,1.0,3830.4146,28.0,0.0,0.0,0.0,0.0,0.0,0.0,133.0,133.0,133.0,0.0,133.0,133.0,0.0,0.00026106834,0.00013053417,0.0,0.0,0.0,133.0,117.0,101.0,16.0,256.0,17.0,0.0,0.0,101.0,1.0,133.0,1.0,1.0,1.0,101.0,133.0,0.0
49.0,2484.4458,1242.2229,0.0,0.0,416.16666,5.4,0.0020125213,1080.0,9.339354e+08,9.55556e+07,0.0,2.5589096e+08,2.4844457e+09,65535.0,5.0,440.0,127.81481,66.0,126.67574,690.2,127.81481,0.0,0.0,0.18142152,40156.0,0.0,10.0,65535.0,9.045479,2.4844457e+09,9.339354e+08,4.6876336e+07,0.0,1.8548384e+08,0.02173523,5.4,0.0020125213,1080.0,9.339354e+08,9.55556e+07,46.014786,2.5589096e+08,2.4844457e+09,7.0,3506.0,704.5185,66.0,1245.1173,3804.4,704.5185,0.0,2484.4458,1242.2229,0.0,0.0,12.0,3506.0,416.16666,66.0,930.7678,866328.75,6.0,0.0,10.0,3451.0,27.0,19022.0,27.0,27.0,27.0,3451.0,19022.0,0.0
1.0,1.1920929e-06,5.9604645e-07,0.0,0.0,60.0,1.0,838860.8,40.0,0.0,0.0,0.0,0.0,0.0,65535.0,0.0,60.0,60.0,60.0,0.0,60.0,60.0,0.0,0.0,1.0,33988.0,0.0,0.0,65535.0,1.006633e+08,1.0,1.1920929,1.1920929,1.1920929,0.0,1.6777216e+06,1.0,838860.8,40.0,0.0,0.0,0.0,0.0,0.0,0.0,60.0,60.0,60.0,0.0,60.0,60.0,0.0,1.1920929e-06,5.9604645e-07,0.0,0.0,0.0,60.0,60.0,60.0,0.0,0.0,6.0,1.0,1.0,60.0,1.0,60.0,1.0,1.0,1.0,60.0,60.0,0.0
36.0,1428.1,714.05,0.0,0.0,127.625,6.0,0.0028009242,960.0,8.7471584e+08,6.2091304e+07,0.0,1.9488032e+08,1.4281e+09,65535.0,4.0,333.0,102.875,66.0,80.858574,617.25,102.875,0.0,0.0,0.93664646,38614.0,0.0,8.0,65535.0,3.5746796,1.4281e+09,8.7471584e+08,3.6617948e+07,0.0,1.5274248e+08,0.028009243,4.0,0.0028009242,640.0,8.7471616e+08,9.520663e+07,287.05597,2.3469286e+08,1.4280995e+09,4.0,453.0,164.75,66.0,166.45326,659.0,164.75,0.0,1428.1,714.05,0.0,0.0,8.0,453.0,127.625,66.0,126.19186,15924.385,6.0,0.0,8.0,2469.0,24.0,2636.0,16.0,24.0,16.0,2469.0,2636.0,0.0
1.0,0.0,0.0,0.0,0.0,67.0,0.0,0.0,40.0,0.0,0.0,0.0,0.0,0.0,65535.0,0.0,74.0,74.0,74.0,0.0,0.0,74.0,0.0,0.0,1.2333333,49263.0,0.0,0.0,65535.0,0.0,0.0,0.0,0.0,0.0,0.0,0.0,0.0,0.0,40.0,0.0,0.0,0.0,0.0,0.0,0.0,60.0,60.0,60.0,0.0,0.0,60.0,0.0,0.0,0.0,0.0,0.0,0.0,74.0,67.0,60.0,9.899495,98.0,6.0,1.0,1.0,74.0,1.0,60.0,1.0,1.0,1.0,74.0,60.0,0.0
22.0,61.481293,30.740646,0.0,0.0,161.79167,6.5,0.032530222,520.0,6.1464584e+07,5.123441e+06,0.0,1.6987494e+07,6.1481292e+07,65535.0,4.0,369.0,99.07692,66.0,80.73647,644.0,99.07692,0.0,0.0,0.4963391,47018.0,0.0,4.0,65535.0,63.15742,6.1481292e+07,6.1464584e+07,2.6730998e+06,0.0,1.2534387e+07,0.39036265,5.5,0.032530222,440.0,6.146501e+07,6.1477595e+06,2.1457672,1.8439084e+07,6.1477596e+07,5.0,1346.0,235.90909,66.0,365.37338,1297.5,235.90909,0.0,61.481293,30.740646,0.0,0.0,9.0,1346.0,161.79167,66.0,263.3733,69365.5,6.0,0.0,4.0,1288.0,13.0,2595.0,11.0,13.0,11.0,1288.0,2595.0,0.0
0.0,1e-06,5e-07,0.0,0.0,60.0,0.0,0.0,28.0,0.0,0.0,0.0,0.0,0.0,0.0,0.0,60.0,60.0,60.0,0.0,0.0,60.0,0.0,0.0,0.0,57769.0,0.0,0.0,0.0,6e+07,1.0,0.0,0.0,0.0,0.0,1e+06,0.0,0.0,0.0,0.0,0.0,0.0,0.0,0.0,0.0,0.0,0.0,0.0,0.0,0.0,0.0,0.0,1e-06,5e-07,0.0,0.0,0.0,60.0,60.0,60.0,0.0,0.0,17.0,0.0,0.0,60.0,1.0,0.0,0.0,1.0,0.0,60.0,0.0,0.0
1.0,3.0994415e-05,1.5497208e-05,0.0,0.0,64.0,1.0,32263.877,40.0,0.0,0.0,0.0,0.0,0.0,65535.0,0.0,74.0,74.0,74.0,0.0,74.0,74.0,0.0,0.0,1.3703704,58416.0,0.0,0.0,65535.0,4.1297762e+06,30.0,30.994415,30.994415,30.994415,0.0,64527.754,1.0,32263.877,40.0,0.0,0.0,0.0,0.0,0.0,0.0,54.0,54.0,54.0,0.0,54.0,54.0,0.0,3.0994415e-05,1.5497208e-05,0.0,0.0,0.0,74.0,64.0,54.0,10.0,100.0,6.0,1.0,1.0,74.0,1.0,54.0,1.0,1.0,1.0,74.0,54.0,0.0
0.0,1e-06,5e-07,0.0,0.0,60.0,0.0,0.0,28.0,0.0,0.0,0.0,0.0,0.0,0.0,0.0,60.0,60.0,60.0,0.0,0.0,60.0,0.0,0.0,0.0,47078.0,0.0,0.0,0.0,6e+07,1.0,0.0,0.0,0.0,0.0,1e+06,0.0,0.0,0.0,0.0,0.0,0.0,0.0,0.0,0.0,0.0,0.0,0.0,0.0,0.0,0.0,0.0,1e-06,5e-07,0.0,0.0,0.0,60.0,60.0,60.0,0.0,0.0,17.0,0.0,0.0,60.0,1.0,0.0,0.0,1.0,0.0,60.0,0.0,0.0
0.0,1e-06,5e-07,0.0,0.0,95.0,0.0,0.0,28.0,0.0,0.0,0.0,0.0,0.0,0.0,0.0,95.0,95.0,95.0,0.0,0.0,95.0,0.0,0.0,0.0,60537.0,0.0,0.0,0.0,9.5e+07,1.0,0.0,0.0,0.0,0.0,1e+06,0.0,0.0,0.0,0.0,0.0,0.0,0.0,0.0,0.0,0.0,0.0,0.0,0.0,0.0,0.0,0.0,1e-06,5e-07,0.0,0.0,0.0,95.0,95.0,95.0,0.0,0.0,17.0,0.0,0.0,95.0,1.0,0.0,0.0,1.0,0.0,95.0,0.0,0.0
0.0,0.0005669594,0.0002834797,0.0,0.0,121.0,1.0,1763.7948,28.0,0.0,0.0,0.0,0.0,0.0,0.0,0.0,145.0,145.0,145.0,0.0,145.0,145.0,0.0,0.0,1.4948454,53.0,0.0,0.0,0.0,426838.34,566.0,566.95935,566.95935,566.95935,0.0,3527.5896,1.0,1763.7948,28.0,0.0,0.0,0.0,0.0,0.0,0.0,97.0,97.0,97.0,0.0,97.0,97.0,0.0,0.0005669594,0.0002834797,0.0,0.0,0.0,145.0,121.0,97.0,24.0,576.0,17.0,0.0,0.0,145.0,1.0,97.0,1.0,1.0,1.0,145.0,97.0,0.0
18.0,40.464836,20.232418,0.0,0.0,119.65,5.0,0.049425628,400.0,4.0459176e+07,4.4960895e+06,0.0,1.2714872e+07,4.046481e+07,65535.0,2.0,889.0,170.3,66.0,247.0401,851.5,170.3,0.0,0.0,2.468116,44021.0,0.0,4.0,65535.0,59.137764,4.0464836e+07,4.045915e+07,2.1297282e+06,0.0,9.034332e+06,0.4942563,5.0,0.049425628,400.0,4.0459228e+07,4.4960865e+06,62.942505,1.2714891e+07,4.046478e+07,2.0,74.0,69.0,66.0,3.6878178,345.0,69.0,0.0,40.464836,20.232418,0.0,0.0,4.0,889.0,119.65,66.0,181.8973,33086.63,6.0,0.0,4.0,1703.0,10.0,690.0,10.0,10.0,10.0,1703.0,690.0,0.0
1.0,0.00046491623,0.00023245811,0.0,0.0,60.0,1.0,2150.925,40.0,0.0,0.0,0.0,0.0,0.0,65535.0,0.0,60.0,60.0,60.0,0.0,60.0,60.0,0.0,0.0,1.0,2834.0,0.0,0.0,65535.0,258111.02,464.0,464.91623,464.91623,464.91623,0.0,4301.85,1.0,2150.925,40.0,0.0,0.0,0.0,0.0,0.0,0.0,60.0,60.0,60.0,0.0,60.0,60.0,0.0,0.00046491623,0.00023245811,0.0,0.0,0.0,60.0,60.0,60.0,0.0,0.0,6.0,1.0,1.0,60.0,1.0,60.0,1.0,1.0,1.0,60.0,60.0,0.0
1.0,1e-06,5e-07,0.0,0.0,58.0,0.0,0.0,0.0,0.0,0.0,0.0,0.0,0.0,0.0,0.0,0.0,0.0,0.0,0.0,0.0,0.0,0.0,0.0,0.0,7356.0,0.0,0.0,65535.0,5.8e+07,1.0,0.0,0.0,0.0,0.0,1e+06,0.0,0.0,40.0,0.0,0.0,0.0,0.0,0.0,0.0,58.0,58.0,58.0,0.0,0.0,58.0,0.0,1e-06,5e-07,0.0,0.0,0.0,58.0,58.0,58.0,0.0,0.0,6.0,0.0,1.0,0.0,0.0,58.0,1.0,0.0,1.0,0.0,58.0,0.0
22.0,0.01573205,0.007866025,0.0,0.0,80.17391,11.0,63.564507,440.0,3885.0308,1547.289,472.0688,1027.0745,15472.889,65535.0,6.0,95.0,74.545456,66.0,9.509456,820.0,74.545456,0.0,0.0,0.80078125,36246.0,0.0,2.0,65535.0,117212.95,15732.0,2205.1335,715.0932,0.0,641.607,1461.9836,12.0,63.564507,480.0,3243.923,1387.271,0.0,1039.7236,15259.981,8.0,117.0,85.333336,66.0,15.595583,1024.0,85.333336,0.0,0.01573205,0.007866025,0.0,0.0,14.0,117.0,80.17391,66.0,14.113368,199.18715,6.0,0.0,2.0,820.0,11.0,1024.0,12.0,11.0,12.0,820.0,1024.0,0.0
0.0,1e-06,5e-07,0.0,0.0,93.0,1.0,1e+06,28.0,0.0,0.0,0.0,0.0,0.0,0.0,0.0,93.0,93.0,93.0,0.0,93.0,93.0,0.0,0.0,0.0,42618.0,0.0,0.0,0.0,9.3e+07,1.0,0.0,0.0,0.0,0.0,1e+06,0.0,0.0,0.0,0.0,0.0,0.0,0.0,0.0,0.0,0.0,0.0,0.0,0.0,0.0,0.0,0.0,1e-06,5e-07,0.0,0.0,0.0,93.0,93.0,93.0,0.0,0.0,17.0,0.0,0.0,93.0,1.0,0.0,0.0,1.0,0.0,93.0,0.0,0.0
0.0,0.00025105476,0.00012552738,0.0,0.0,141.0,1.0,3983.1946,28.0,0.0,0.0,0.0,0.0,0.0,0.0,0.0,108.0,108.0,108.0,0.0,108.0,108.0,0.0,0.0,0.62068963,39698.0,0.0,0.0,0.0,1.1232609e+06,251.0,251.05476,251.05476,251.05476,0.0,7966.389,1.0,3983.1946,28.0,0.0,0.0,0.0,0.0,0.0,0.0,174.0,174.0,174.0,0.0,174.0,174.0,0.0,0.00025105476,0.00012552738,0.0,0.0,0.0,174.0,141.0,108.0,33.0,1089.0,17.0,0.0,0.0,108.0,1.0,174.0,1.0,1.0,1.0,108.0,174.0,0.0
0.0,45.90713,22.953566,0.0,0.0,60.0,0.0,0.0,0.0,0.0,0.0,0.0,0.0,0.0,0.0,0.0,0.0,0.0,0.0,0.0,0.0,0.0,0.0,0.0,0.0,80.0,0.0,0.0,65535.0,6.534932,4.5907132e+07,2.1090802e+07,1.1476783e+07,0.0,8.876079e+06,0.10891554,0.0,0.0,200.0,2.1090802e+07,1.1476783e+07,0.0,8.876079e+06,4.5907132e+07,0.0,60.0,60.0,60.0,0.0,0.0,60.0,0.0,45.90713,22.953566,0.0,0.0,0.0,60.0,60.0,60.0,0.0,0.0,6.0,0.0,5.0,0.0,0.0,300.0,5.0,0.0,5.0,0.0,300.0,0.0
1.0,0.00039815903,0.00019907951,0.0,0.0,67.0,1.0,2511.5593,40.0,0.0,0.0,0.0,0.0,0.0,65535.0,0.0,74.0,74.0,74.0,0.0,74.0,74.0,0.0,0.0,1.2333333,55162.0,0.0,0.0,65535.0,336548.94,398.0,398.15903,398.15903,398.15903,0.0,5023.1187,1.0,2511.5593,40.0,0.0,0.0,0.0,0.0,0.0,0.0,60.0,60.0,60.0,0.0,60.0,60.0,0.0,0.00039815903,0.00019907951,0.0,0.0,0.0,74.0,67.0,60.0,7.0,49.0,6.0,1.0,1.0,74.0,1.0,60.0,1.0,1.0,1.0,74.0,60.0,0.0
20.0,6185.8135,3092.9067,0.0,0.0,611.0,6.5,0.00032332045,520.0,6.1858084e+09,5.1548445e+08,0.0,1.709667e+09,6.1858135e+09,65535.0,2.0,275.0,94.0,66.0,63.81343,611.0,94.0,0.0,0.0,0.1,13432.0,0.0,4.0,65535.0,2.1730368,6.1858135e+09,6.1858084e+09,2.9456256e+08,0.0,1.3173226e+09,0.0035565249,4.5,0.00032332045,360.0,6.1858094e+09,7.732266e+08,46.96846,2.045764e+09,6.185813e+09,3.0,7306.0,1357.7778,66.0,2428.0532,6110.0,1357.7778,0.0,6185.8135,3092.9067,0.0,0.0,5.0,7306.0,611.0,66.0,1673.3983,2.800262e+06,6.0,0.0,4.0,1222.0,13.0,12220.0,9.0,13.0,9.0,1222.0,12220.0,0.0
21.0,0.07281995,0.036409974,0.0,0.0,201.63637,12.0,13.732501,480.0,48185.11,6619.995,0.0,13535.703,72819.945,65535.0,7.0,1042.0,169.5,66.0,264.1289,2034.0,169.5,0.0,0.0,0.84679437,45096.0,0.0,2.0,65535.0,60917.375,72819.0,47438.145,3467.6167,0.0,10116.95,302.11502,10.0,13.732501,400.0,48736.094,8037.4346,484.9434,14786.0625,72336.914,5.0,1146.0,240.2,66.0,335.89337,2402.0,240.2,0.0,0.07281995,0.036409974,0.0,0.0,12.0,1146.0,201.63637,66.0,300.95886,90576.234,6.0,0.0,2.0,2034.0,12.0,2402.0,10.0,12.0,10.0,2034.0,2402.0,0.0
11.0,0.002010107,0.0010050535,0.0,0.0,1007.25,7.0,497.48593,280.0,682.8308,335.01785,0.0,206.7169,2010.107,65535.0,1.0,172.0,82.28571,66.0,36.72957,576.0,82.28571,0.0,0.0,0.050039094,10724.0,0.0,2.0,65535.0,6.0131125e+06,2010.0,387.90704,182.737,0.0,139.00171,5969.8315,5.0,497.48593,200.0,655.17426,393.27145,36.001205,244.68848,1573.0858,2.0,7306.0,2302.2,66.0,2928.59,11511.0,2302.2,0.0,0.002010107,0.0010050535,0.0,0.0,3.0,7306.0,1007.25,66.0,2184.5295,4.7721695e+06,6.0,0.0,2.0,576.0,7.0,11511.0,5.0,7.0,5.0,576.0,11511.0,0.0
0.0,1e-06,5e-07,0.0,0.0,60.0,1.0,1e+06,40.0,0.0,0.0,0.0,0.0,0.0,65535.0,0.0,60.0,60.0,60.0,0.0,60.0,60.0,0.0,0.0,0.0,2741.0,0.0,0.0,0.0,6e+07,1.0,0.0,0.0,0.0,0.0,1e+06,0.0,0.0,0.0,0.0,0.0,0.0,0.0,0.0,0.0,0.0,0.0,0.0,0.0,0.0,0.0,0.0,1e-06,5e-07,0.0,0.0,0.0,60.0,60.0,60.0,0.0,0.0,6.0,0.0,1.0,60.0,1.0,0.0,0.0,1.0,0.0,60.0,0.0,0.0
0.0,1e-06,5e-07,0.0,0.0,60.0,0.0,0.0,28.0,0.0,0.0,0.0,0.0,0.0,0.0,0.0,60.0,60.0,60.0,0.0,0.0,60.0,0.0,0.0,0.0,23899.0,0.0,0.0,0.0,6e+07,1.0,0.0,0.0,0.0,0.0,1e+06,0.0,0.0,0.0,0.0,0.0,0.0,0.0,0.0,0.0,0.0,0.0,0.0,0.0,0.0,0.0,0.0,1e-06,5e-07,0.0,0.0,0.0,60.0,60.0,60.0,0.0,0.0,17.0,0.0,0.0,60.0,1.0,0.0,0.0,1.0,0.0,60.0,0.0,0.0
0.0,40.848564,20.424282,0.0,0.0,60.0,0.0,0.0,0.0,0.0,0.0,0.0,0.0,0.0,0.0,0.0,0.0,0.0,0.0,0.0,0.0,0.0,0.0,0.0,0.0,80.0,0.0,0.0,65535.0,4.4065194,4.0848564e+07,4.084817e+07,2.0424282e+07,397.20535,2.8883734e+07,0.073442,0.0,0.0,120.0,4.084817e+07,2.0424282e+07,397.20535,2.8883734e+07,4.0848564e+07,0.0,60.0,60.0,60.0,0.0,0.0,60.0,0.0,40.848564,20.424282,0.0,0.0,0.0,60.0,60.0,60.0,0.0,0.0,6.0,0.0,3.0,0.0,0.0,180.0,3.0,0.0,3.0,0.0,180.0,0.0
0.0,0.11645603,0.058228016,0.0,0.0,117.0,1.0,8.586932,28.0,0.0,0.0,0.0,0.0,0.0,0.0,0.0,101.0,101.0,101.0,0.0,101.0,101.0,0.0,0.0,0.7593985,55014.0,0.0,0.0,0.0,2009.342,116456.0,116456.03,116456.03,116456.03,0.0,17.173864,1.0,8.586932,28.0,0.0,0.0,0.0,0.0,0.0,0.0,133.0,133.0,133.0,0.0,133.0,133.0,0.0,0.11645603,0.058228016,0.0,0.0,0.0,133.0,117.0,101.0,16.0,256.0,17.0,0.0,0.0,101.0,1.0,133.0,1.0,1.0,1.0,101.0,133.0,0.0
2.0,484.58884,242.29442,0.0,0.0,67.0,0.0,0.0,80.0,4.8458666e+08,4.8458666e+08,4.8458666e+08,0.0,4.8458666e+08,65535.0,0.0,74.0,74.0,74.0,0.0,0.0,74.0,0.0,0.0,1.2333333,41049.0,0.0,0.0,65535.0,0.55304617,4.8458883e+08,4.8458666e+08,1.6152962e+08,0.0,2.7977558e+08,0.00825442,0.0,0.0,80.0,4.8458883e+08,4.8458883e+08,4.8458883e+08,0.0,4.8458883e+08,0.0,60.0,60.0,60.0,0.0,0.0,60.0,0.0,484.58884,242.29442,0.0,0.0,0.0,74.0,67.0,60.0,8.082904,65.333336,6.0,2.0,2.0,148.0,2.0,120.0,2.0,2.0,2.0,148.0,120.0,0.0
1.0,1e-06,5e-07,0.0,0.0,60.0,1.0,1e+06,40.0,0.0,0.0,0.0,0.0,0.0,65535.0,0.0,60.0,60.0,60.0,0.0,60.0,60.0,0.0,0.0,1.0,2618.0,0.0,0.0,65535.0,1.2e+08,1.0,0.0,0.0,0.0,0.0,2e+06,1.0,1e+06,40.0,0.0,0.0,0.0,0.0,0.0,0.0,60.0,60.0,60.0,0.0,60.0,60.0,0.0,1e-06,5e-07,0.0,0.0,0.0,60.0,60.0,60.0,0.0,0.0,6.0,1.0,1.0,60.0,1.0,60.0,1.0,1.0,1.0,60.0,60.0,0.0
0.0,1e-06,5e-07,0.0,0.0,60.0,0.0,0.0,28.0,0.0,0.0,0.0,0.0,0.0,0.0,0.0,60.0,60.0,60.0,0.0,0.0,60.0,0.0,0.0,0.0,350.0,0.0,0.0,0.0,6e+07,1.0,0.0,0.0,0.0,0.0,1e+06,0.0,0.0,0.0,0.0,0.0,0.0,0.0,0.0,0.0,0.0,0.0,0.0,0.0,0.0,0.0,0.0,1e-06,5e-07,0.0,0.0,0.0,60.0,60.0,60.0,0.0,0.0,17.0,0.0,0.0,60.0,1.0,0.0,0.0,1.0,0.0,60.0,0.0,0.0
15.0,3.214538,1.607269,0.0,0.0,74.5625,4.5,0.62217337,360.0,3.211476e+06,401817.25,0.0,1.0619514e+06,3.214538e+06,65535.0,2.0,87.0,70.333336,66.0,6.960204,316.5,70.333336,0.0,0.0,1.1303571,40900.0,0.0,2.0,65535.0,371.1264,3.214538e+06,3.210879e+06,214302.55,0.0,800868.8,4.977387,3.5,0.62217337,280.0,3.21138e+06,535605.0,0.0,1.196643e+06,3.21363e+06,4.0,100.0,80.0,66.0,11.513967,280.0,80.0,0.0,3.214538,1.607269,0.0,0.0,6.0,100.0,74.5625,66.0,10.404139,108.24609,6.0,0.0,2.0,633.0,9.0,560.0,7.0,9.0,7.0,633.0,560.0,0.0
1.0,2.0980835e-05,1.04904175e-05,0.0,0.0,64.0,1.0,47662.547,40.0,0.0,0.0,0.0,0.0,0.0,65535.0,0.0,74.0,74.0,74.0,0.0,74.0,74.0,0.0,0.0,1.3703704,39316.0,0.0,0.0,65535.0,6.100806e+06,20.0,20.980835,20.980835,20.980835,0.0,95325.09,1.0,47662.547,40.0,0.0,0.0,0.0,0.0,0.0,0.0,54.0,54.0,54.0,0.0,54.0,54.0,0.0,2.0980835e-05,1.04904175e-05,0.0,0.0,0.0,74.0,64.0,54.0,10.0,100.0,6.0,1.0,1.0,74.0,1.0,54.0,1.0,1.0,1.0,74.0,54.0,0.0
0.0,0.0008790493,0.00043952465,0.0,0.0,167.0,1.0,1137.5927,28.0,0.0,0.0,0.0,0.0,0.0,0.0,0.0,199.0,199.0,199.0,0.0,199.0,199.0,0.0,0.0,1.4740741,53.0,0.0,0.0,0.0,379955.94,879.0,879.0493,879.0493,879.0493,0.0,2275.1853,1.0,1137.5927,28.0,0.0,0.0,0.0,0.0,0.0,0.0,135.0,135.0,135.0,0.0,135.0,135.0,0.0,0.0008790493,0.00043952465,0.0,0.0,0.0,199.0,167.0,135.0,32.0,1024.0,17.0,0.0,0.0,199.0,1.0,135.0,1.0,1.0,1.0,199.0,135.0,0.0
0.0,1e-06,5e-07,0.0,0.0,60.0,0.0,0.0,28.0,0.0,0.0,0.0,0.0,0.0,0.0,0.0,60.0,60.0,60.0,0.0,0.0,60.0,0.0,0.0,0.0,44033.0,0.0,0.0,0.0,6e+07,1.0,0.0,0.0,0.0,0.0,1e+06,0.0,0.0,0.0,0.0,0.0,0.0,0.0,0.0,0.0,0.0,0.0,0.0,0.0,0.0,0.0,0.0,1e-06,5e-07,0.0,0.0,0.0,60.0,60.0,60.0,0.0,0.0,17.0,0.0,0.0,60.0,1.0,0.0,0.0,1.0,0.0,60.0,0.0,0.0
1.0,0.0005581379,0.00027906895,0.0,0.0,67.0,1.0,1791.6719,40.0,0.0,0.0,0.0,0.0,0.0,65535.0,0.0,74.0,74.0,74.0,0.0,74.0,74.0,0.0,0.0,1.2333333,53244.0,0.0,0.0,65535.0,240084.05,558.0,558.1379,558.1379,558.1379,0.0,3583.3438,1.0,1791.6719,40.0,0.0,0.0,0.0,0.0,0.0,0.0,60.0,60.0,60.0,0.0,60.0,60.0,0.0,0.0005581379,0.00027906895,0.0,0.0,0.0,74.0,67.0,60.0,7.0,49.0,6.0,1.0,1.0,74.0,1.0,60.0,1.0,1.0,1.0,74.0,60.0,0.0
0.0,0.0010709763,0.0005354881,0.0,0.0,109.0,1.0,933.72754,28.0,0.0,0.0,0.0,0.0,0.0,0.0,0.0,125.0,125.0,125.0,0.0,125.0,125.0,0.0,0.0,1.344086,53.0,0.0,0.0,0.0,203552.6,1070.0,1070.9763,1070.9763,1070.9763,0.0,1867.4551,1.0,933.72754,28.0,0.0,0.0,0.0,0.0,0.0,0.0,93.0,93.0,93.0,0.0,93.0,93.0,0.0,0.0010709763,0.0005354881,0.0,0.0,0.0,125.0,109.0,93.0,16.0,256.0,17.0,0.0,0.0,125.0,1.0,93.0,1.0,1.0,1.0,125.0,93.0,0.0
1.0,0.00011920929,5.9604645e-05,0.0,0.0,57.0,0.0,0.0,40.0,0.0,0.0,0.0,0.0,0.0,65535.0,0.0,60.0,60.0,60.0,0.0,0.0,60.0,0.0,0.0,1.1111112,37162.0,0.0,0.0,65535.0,956301.3,119.0,119.20929,119.20929,119.20929,0.0,16777.217,0.0,0.0,40.0,0.0,0.0,0.0,0.0,0.0,0.0,54.0,54.0,54.0,0.0,0.0,54.0,0.0,0.00011920929,5.9604645e-05,0.0,0.0,0.0,60.0,57.0,54.0,4.2426405,18.0,6.0,1.0,1.0,60.0,1.0,54.0,1.0,1.0,1.0,60.0,54.0,0.0
9.0,0.028605938,0.014302969,0.0,0.0,87.5,5.0,34.957775,200.0,15341.044,6905.019,967.02576,6178.153,27620.076,65535.0,1.0,258.0,106.0,66.0,76.06313,530.0,106.0,0.0,0.0,1.5362319,44793.0,0.0,2.0,65535.0,30588.055,28605.0,15341.044,3178.4375,0.0,5301.758,349.57776,5.0,34.957775,200.0,16326.904,6898.463,0.0,6944.0845,27593.852,1.0,74.0,69.0,66.0,3.6878178,345.0,69.0,0.0,0.028605938,0.014302969,0.0,0.0,2.0,258.0,87.5,66.0,56.937244,3241.85,6.0,0.0,2.0,530.0,5.0,345.0,5.0,5.0,5.0,530.0,345.0,0.0
0.0,1.2560699,0.62803495,0.0,0.0,60.0,0.0,0.0,56.0,1.2560699e+06,1.2560699e+06,1.2560699e+06,0.0,1.2560699e+06,0.0,0.0,60.0,60.0,60.0,0.0,0.0,60.0,0.0,0.0,0.0,65487.0,0.0,0.0,0.0,95.53609,1.256069e+06,1.2560699e+06,1.2560699e+06,1.2560699e+06,0.0,1.5922681,0.0,0.0,0.0,0.0,0.0,0.0,0.0,0.0,0.0,0.0,0.0,0.0,0.0,0.0,0.0,0.0,1.2560699,0.62803495,0.0,0.0,0.0,60.0,60.0,60.0,0.0,0.0,17.0,0.0,0.0,120.0,2.0,0.0,0.0,2.0,0.0,120.0,0.0,0.0
9.0,0.0024559498,0.0012279749,0.0,0.0,204.8,6.0,407.17444,240.0,1178.0262,491.18997,0.0,409.8927,2455.9497,65535.0,1.0,351.0,114.833336,66.0,105.65733,689.0,114.833336,0.0,0.0,0.50699043,48496.0,0.0,2.0,65535.0,833893.25,2455.0,1026.8688,272.8833,0.0,325.84515,4071.7444,4.0,407.17444,160.0,1026.8688,590.3244,149.96529,358.00452,1770.9731,1.0,1153.0,339.75,66.0,469.54147,1359.0,339.75,0.0,0.0024559498,0.0012279749,0.0,0.0,2.0,1153.0,204.8,66.0,327.14944,107026.76,6.0,0.0,2.0,689.0,6.0,1359.0,4.0,6.0,4.0,689.0,1359.0,0.0
0.0,1e-06,5e-07,0.0,0.0,96.0,1.0,1e+06,28.0,0.0,0.0,0.0,0.0,0.0,0.0,0.0,96.0,96.0,96.0,0.0,96.0,96.0,0.0,0.0,0.0,53.0,0.0,0.0,0.0,9.6e+07,1.0,0.0,0.0,0.0,0.0,1e+06,0.0,0.0,0.0,0.0,0.0,0.0,0.0,0.0,0.0,0.0,0.0,0.0,0.0,0.0,0.0,0.0,1e-06,5e-07,0.0,0.0,0.0,96.0,96.0,96.0,0.0,0.0,17.0,0.0,0.0,96.0,1.0,0.0,0.0,1.0,0.0,96.0,0.0,0.0
0.0,1e-06,5e-07,0.0,0.0,60.0,0.0,0.0,0.0,0.0,0.0,0.0,0.0,0.0,0.0,0.0,0.0,0.0,0.0,0.0,0.0,0.0,0.0,0.0,0.0,30.0,0.0,0.0,65535.0,6e+07,1.0,0.0,0.0,0.0,0.0,1e+06,0.0,0.0,40.0,0.0,0.0,0.0,0.0,0.0,0.0,60.0,60.0,60.0,0.0,0.0,60.0,0.0,1e-06,5e-07,0.0,0.0,0.0,60.0,60.0,60.0,0.0,0.0,6.0,0.0,1.0,0.0,0.0,60.0,1.0,0.0,1.0,0.0,60.0,0.0
52.0,1685.7516,842.8758,0.0,0.0,117.034485,5.8333335,0.0035592432,1400.0,7.067603e+08,4.958093e+07,0.0,1.4745112e+08,1.6857516e+09,65535.0,6.0,301.0,93.91428,66.0,66.267586,547.8333,93.91428,0.0,0.0,0.9388746,42478.0,0.0,12.0,65535.0,4.0266905,1.6857516e+09,7.067603e+08,2.957459e+07,0.0,1.1644953e+08,0.034406018,3.8333333,0.0035592432,920.0,7.067609e+08,7.662501e+07,297.06955,1.7756365e+08,1.6857501e+09,5.0,453.0,152.21739,66.0,158.56146,583.5,152.21739,0.0,1685.7516,842.8758,0.0,0.0,11.0,453.0,117.034485,66.0,115.9026,13433.413,6.0,0.0,12.0,3287.0,35.0,3501.0,23.0,35.0,23.0,3287.0,3501.0,0.0
1.0,2.7894974e-05,1.3947487e-05,0.0,0.0,64.0,1.0,35848.754,40.0,0.0,0.0,0.0,0.0,0.0,65535.0,0.0,74.0,74.0,74.0,0.0,74.0,74.0,0.0,0.0,1.3703704,35968.0,0.0,0.0,65535.0,4.5886405e+06,27.0,27.894974,27.894974,27.894974,0.0,71697.51,1.0,35848.754,40.0,0.0,0.0,0.0,0.0,0.0,0.0,54.0,54.0,54.0,0.0,54.0,54.0,0.0,2.7894974e-05,1.3947487e-05,0.0,0.0,0.0,74.0,64.0,54.0,10.0,100.0,6.0,1.0,1.0,74.0,1.0,54.0,1.0,1.0,1.0,74.0,54.0,0.0
0.0,6053.2246,3026.6123,0.0,0.0,95.333336,1.0,0.0004956036,84.0,5.7455923e+09,3.0266125e+09,3.0763254e+08,2.7189798e+09,6.053225e+09,0.0,0.0,96.0,95.333336,94.0,0.94280905,95.333336,95.333336,0.0,0.0,0.0,55416.0,0.0,0.0,0.0,0.047247544,6.053225e+09,5.7455923e+09,3.0266125e+09,3.0763254e+08,2.7189798e+09,0.0004956036,0.0,0.0,0.0,0.0,0.0,0.0,0.0,0.0,0.0,0.0,0.0,0.0,0.0,0.0,0.0,0.0,6053.2246,3026.6123,0.0,0.0,0.0,96.0,95.333336,94.0,0.94280905,0.8888889,17.0,0.0,0.0,286.0,3.0,0.0,0.0,3.0,0.0,286.0,0.0,0.0
15.0,0.009310961,0.0046554804,0.0,0.0,936.0,9.0,107.4003,360.0,4806.9956,1163.8701,0.0,1521.0386,9310.961,65535.0,2.0,2600.0,367.55554,66.0,791.088,3308.0,367.55554,0.0,0.0,0.28351045,35466.0,0.0,2.0,65535.0,1.6084269e+06,9310.0,4806.9956,620.7307,0.0,1149.2228,1718.4048,7.0,107.4003,280.0,5692.0054,1507.6796,275.13504,1889.14,9046.078,3.0,5858.0,1666.8572,66.0,2523.1475,11668.0,1666.8572,0.0,0.009310961,0.0046554804,0.0,0.0,5.0,5858.0,936.0,66.0,1884.866,3.55272e+06,6.0,0.0,2.0,3308.0,9.0,11668.0,7.0,9.0,7.0,3308.0,11668.0,0.0
0.0,1e-06,5e-07,0.0,0.0,94.0,0.0,0.0,28.0,0.0,0.0,0.0,0.0,0.0,0.0,0.0,94.0,94.0,94.0,0.0,0.0,94.0,0.0,0.0,0.0,36182.0,0.0,0.0,0.0,9.4e+07,1.0,0.0,0.0,0.0,0.0,1e+06,0.0,0.0,0.0,0.0,0.0,0.0,0.0,0.0,0.0,0.0,0.0,0.0,0.0,0.0,0.0,0.0,1e-06,5e-07,0.0,0.0,0.0,94.0,94.0,94.0,0.0,0.0,17.0,0.0,0.0,94.0,1.0,0.0,0.0,1.0,0.0,94.0,0.0,0.0
0.0,1e-06,5e-07,0.0,0.0,60.0,0.0,0.0,28.0,0.0,0.0,0.0,0.0,0.0,0.0,0.0,60.0,60.0,60.0,0.0,0.0,60.0,0.0,0.0,0.0,60902.0,0.0,0.0,0.0,6e+07,1.0,0.0,0.0,0.0,0.0,1e+06,0.0,0.0,0.0,0.0,0.0,0.0,0.0,0.0,0.0,0.0,0.0,0.0,0.0,0.0,0.0,0.0,1e-06,5e-07,0.0,0.0,0.0,60.0,60.0,60.0,0.0,0.0,17.0,0.0,0.0,60.0,1.0,0.0,0.0,1.0,0.0,60.0,0.0,0.0
9.0,0.011111021,0.0055555105,0.0,0.0,321.6,6.0,90.00073,240.0,7863.9985,2222.204,0.0,2999.5068,11111.021,65535.0,1.0,2509.0,474.5,66.0,909.8608,2847.0,474.5,0.0,0.0,7.715447,50777.0,0.0,2.0,65535.0,289442.34,11111.0,7436.037,1234.5579,0.0,2344.9873,900.0073,4.0,90.00073,160.0,7436.037,3549.6553,147.81952,2995.0645,10648.966,2.0,129.0,92.25,66.0,24.661457,369.0,92.25,0.0,0.011111021,0.0055555105,0.0,0.0,3.0,2509.0,321.6,66.0,729.39624,532018.8,6.0,0.0,2.0,2847.0,6.0,369.0,4.0,6.0,4.0,2847.0,369.0,0.0
43.0,600.2588,300.1294,0.0,0.0,116.479164,5.8,0.008329741,1160.0,2.9698397e+08,2.1437814e+07,0.0,6.2015172e+07,6.0025875e+08,65535.0,5.0,318.0,94.793106,66.0,70.45095,549.8,94.793106,0.0,0.0,0.9672766,41616.0,0.0,10.0,65535.0,9.314316,6.0025875e+08,2.9698397e+08,1.2771463e+07,0.0,4.9008628e+07,0.07996551,3.8,0.008329741,760.0,2.9698413e+08,3.3347666e+07,349.0448,7.47351e+07,6.00258e+08,4.0,453.0,149.57895,66.0,156.72179,568.4,149.57895,0.0,600.2588,300.1294,0.0,0.0,9.0,453.0,116.479164,66.0,115.92598,13438.833,6.0,0.0,10.0,2749.0,29.0,2842.0,19.0,29.0,19.0,2749.0,2842.0,0.0
1.0,0.00031399727,0.00015699863,0.0,0.0,60.0,0.0,0.0,40.0,0.0,0.0,0.0,0.0,0.0,65535.0,0.0,60.0,60.0,60.0,0.0,0.0,60.0,0.0,0.0,1.0,40584.0,0.0,0.0,65535.0,382168.94,313.0,313.99725,313.99725,313.99725,0.0,6369.482,0.0,0.0,40.0,0.0,0.0,0.0,0.0,0.0,0.0,60.0,60.0,60.0,0.0,0.0,60.0,0.0,0.00031399727,0.00015699863,0.0,0.0,0.0,60.0,60.0,60.0,0.0,0.0,6.0,1.0,1.0,60.0,1.0,60.0,1.0,1.0,1.0,60.0,60.0,0.0
28.0,3409.7776,1704.8888,0.0,0.0,181.51613,5.0,0.00087982276,600.0,3.3997965e+09,2.4355509e+08,0.0,8.753875e+08,3.4097713e+09,65535.0,6.0,1106.0,183.93333,60.0,282.56454,919.6667,183.93333,0.0,0.0,0.9619944,22.0,0.0,2.0,65535.0,1.6502542,3.4097777e+09,3.3997962e+09,1.13659256e+08,0.0,6.1022285e+08,0.009091502,5.3333335,0.00087982276,640.0,3.3997967e+09,2.2731851e+08,259.87625,8.4788397e+08,3.4097777e+09,7.0,1602.0,179.25,66.0,368.0067,956.0,179.25,0.0,3409.7776,1704.8888,0.0,0.0,13.0,1602.0,181.51613,60.0,329.45084,108537.86,6.0,2.0,4.0,2759.0,15.0,2868.0,16.0,15.0,16.0,2759.0,2868.0,0.0
9.0,3.009299,1.5046495,0.0,0.0,233.4,1.3333334,0.9969099,160.0,2.0045619e+06,1.0029836e+06,676.87036,818082.8,3.008951e+06,65535.0,0.0,74.0,68.0,66.0,3.4641016,90.666664,68.0,0.0,0.0,0.13191077,9092.0,0.0,2.0,65535.0,775.5959,3.009299e+06,2.003834e+06,334366.56,0.0,667983.06,3.323033,2.0,0.9969099,240.0,2.0042171e+06,601859.8,0.0,801662.44,3.009299e+06,2.0,1547.0,343.66666,66.0,541.935,687.3333,343.66666,0.0,3.009299,1.5046495,0.0,0.0,2.0,1547.0,233.4,66.0,440.9751,194459.05,6.0,0.0,2.0,272.0,4.0,2062.0,6.0,4.0,6.0,272.0,2062.0,0.0
0.0,1e-06,5e-07,0.0,0.0,60.0,0.0,0.0,28.0,0.0,0.0,0.0,0.0,0.0,0.0,0.0,60.0,60.0,60.0,0.0,0.0,60.0,0.0,0.0,0.0,36832.0,0.0,0.0,0.0,6e+07,1.0,0.0,0.0,0.0,0.0,1e+06,0.0,0.0,0.0,0.0,0.0,0.0,0.0,0.0,0.0,0.0,0.0,0.0,0.0,0.0,0.0,0.0,1e-06,5e-07,0.0,0.0,0.0,60.0,60.0,60.0,0.0,0.0,17.0,0.0,0.0,60.0,1.0,0.0,0.0,1.0,0.0,60.0,0.0,0.0
1.0,1e-06,5e-07,0.0,0.0,67.0,1.0,1e+06,40.0,0.0,0.0,0.0,0.0,0.0,65535.0,0.0,74.0,74.0,74.0,0.0,74.0,74.0,0.0,0.0,1.2333333,38561.0,0.0,0.0,65535.0,1.34e+08,1.0,0.0,0.0,0.0,0.0,2e+06,1.0,1e+06,40.0,0.0,0.0,0.0,0.0,0.0,0.0,60.0,60.0,60.0,0.0,60.0,60.0,0.0,1e-06,5e-07,0.0,0.0,0.0,74.0,67.0,60.0,7.0,49.0,6.0,1.0,1.0,74.0,1.0,60.0,1.0,1.0,1.0,74.0,60.0,0.0
1.0,0.00014400482,7.200241e-05,0.0,0.0,60.0,1.0,6944.212,40.0,0.0,0.0,0.0,0.0,0.0,65535.0,0.0,60.0,60.0,60.0,0.0,60.0,60.0,0.0,0.0,1.0,1192.0,0.0,0.0,65535.0,833305.44,144.0,144.00482,144.00482,144.00482,0.0,13888.424,1.0,6944.212,40.0,0.0,0.0,0.0,0.0,0.0,0.0,60.0,60.0,60.0,0.0,60.0,60.0,0.0,0.00014400482,7.200241e-05,0.0,0.0,0.0,60.0,60.0,60.0,0.0,0.0,6.0,1.0,1.0,60.0,1.0,60.0,1.0,1.0,1.0,60.0,60.0,0.0
74.0,11550.332,5775.166,0.0,0.0,252.40244,6.125,0.00069262076,1960.0,6.4489134e+09,2.4063192e+08,0.0,9.705369e+08,1.1550332e+10,65535.0,8.0,323.0,89.89796,66.0,55.940292,550.625,89.89796,0.0,0.0,0.2703781,42212.0,0.0,16.0,65535.0,1.7918965,1.1550332e+10,6.4489134e+09,1.425967e+08,0.0,7.564174e+08,0.0070993626,4.125,0.00069262076,1320.0,6.4489134e+09,3.6094787e+08,39.100647,1.1702501e+09,1.1550332e+10,9.0,7306.0,493.69696,66.0,1382.3665,2036.5,493.69696,0.0,11550.332,5775.166,0.0,0.0,17.0,7306.0,252.40244,66.0,900.06506,810117.06,6.0,0.0,16.0,4405.0,49.0,16292.0,33.0,49.0,33.0,4405.0,16292.0,0.0
0.0,1e-06,5e-07,0.0,0.0,89.0,1.0,1e+06,28.0,0.0,0.0,0.0,0.0,0.0,0.0,0.0,89.0,89.0,89.0,0.0,89.0,89.0,0.0,0.0,0.0,33237.0,0.0,0.0,0.0,8.9e+07,1.0,0.0,0.0,0.0,0.0,1e+06,0.0,0.0,0.0,0.0,0.0,0.0,0.0,0.0,0.0,0.0,0.0,0.0,0.0,0.0,0.0,0.0,1e-06,5e-07,0.0,0.0,0.0,89.0,89.0,89.0,0.0,0.0,17.0,0.0,0.0,89.0,1.0,0.0,0.0,1.0,0.0,89.0,0.0,0.0
7.0,0.0012149811,0.00060749054,0.0,0.0,74.666664,5.0,823.0581,200.0,421.0472,303.74527,0.9536743,175.10437,1214.9811,65535.0,1.0,92.0,71.6,60.0,11.128343,358.0,71.6,0.0,0.0,1.1401274,22.0,0.0,0.0,65535.0,553095.06,1214.0,421.0472,151.87263,0.0,195.94914,7407.523,4.0,823.0581,160.0,818.96783,272.98926,0.0,386.06512,818.96783,1.0,108.0,78.5,66.0,17.342146,314.0,78.5,0.0,0.0012149811,0.00060749054,0.0,0.0,2.0,108.0,74.666664,60.0,14.6363325,214.22223,6.0,2.0,2.0,358.0,5.0,314.0,4.0,5.0,4.0,358.0,314.0,0.0
0.0,0.0005619526,0.0002809763,0.0,0.0,141.0,1.0,1779.5095,28.0,0.0,0.0,0.0,0.0,0.0,0.0,0.0,108.0,108.0,108.0,0.0,108.0,108.0,0.0,0.0,0.62068963,37304.0,0.0,0.0,0.0,501821.7,561.0,561.9526,561.9526,561.9526,0.0,3559.019,1.0,1779.5095,28.0,0.0,0.0,0.0,0.0,0.0,0.0,174.0,174.0,174.0,0.0,174.0,174.0,0.0,0.0005619526,0.0002809763,0.0,0.0,0.0,174.0,141.0,108.0,33.0,1089.0,17.0,0.0,0.0,108.0,1.0,174.0,1.0,1.0,1.0,108.0,174.0,0.0
0.0,0.001101017,0.0005505085,0.0,0.0,116.0,1.0,908.2512,28.0,0.0,0.0,0.0,0.0,0.0,0.0,0.0,100.0,100.0,100.0,0.0,100.0,100.0,0.0,0.0,0.75757575,46946.0,0.0,0.0,0.0,210714.28,1101.0,1101.017,1101.017,1101.017,0.0,1816.5024,1.0,908.2512,28.0,0.0,0.0,0.0,0.0,0.0,0.0,132.0,132.0,132.0,0.0,132.0,132.0,0.0,0.001101017,0.0005505085,0.0,0.0,0.0,132.0,116.0,100.0,16.0,256.0,17.0,0.0,0.0,100.0,1.0,132.0,1.0,1.0,1.0,100.0,132.0,0.0
0.0,1e-06,5e-07,0.0,0.0,60.0,0.0,0.0,0.0,0.0,0.0,0.0,0.0,0.0,0.0,0.0,0.0,0.0,0.0,0.0,0.0,0.0,0.0,0.0,0.0,110.0,0.0,0.0,65535.0,6e+07,1.0,0.0,0.0,0.0,0.0,1e+06,0.0,0.0,40.0,0.0,0.0,0.0,0.0,0.0,0.0,60.0,60.0,60.0,0.0,0.0,60.0,0.0,1e-06,5e-07,0.0,0.0,0.0,60.0,60.0,60.0,0.0,0.0,6.0,0.0,1.0,0.0,0.0,60.0,1.0,0.0,1.0,0.0,60.0,0.0
1.0,1e-06,5e-07,0.0,0.0,60.0,0.0,0.0,0.0,0.0,0.0,0.0,0.0,0.0,0.0,0.0,0.0,0.0,0.0,0.0,0.0,0.0,0.0,0.0,0.0,42006.0,0.0,0.0,65535.0,6e+07,1.0,0.0,0.0,0.0,0.0,1e+06,0.0,0.0,40.0,0.0,0.0,0.0,0.0,0.0,0.0,60.0,60.0,60.0,0.0,0.0,60.0,0.0,1e-06,5e-07,0.0,0.0,0.0,60.0,60.0,60.0,0.0,0.0,6.0,1.0,0.0,0.0,0.0,60.0,1.0,0.0,1.0,0.0,60.0,0.0
0.0,1e-06,5e-07,0.0,0.0,100.0,1.0,1e+06,28.0,0.0,0.0,0.0,0.0,0.0,0.0,0.0,100.0,100.0,100.0,0.0,100.0,100.0,0.0,0.0,0.0,53.0,0.0,0.0,0.0,1e+08,1.0,0.0,0.0,0.0,0.0,1e+06,0.0,0.0,0.0,0.0,0.0,0.0,0.0,0.0,0.0,0.0,0.0,0.0,0.0,0.0,0.0,0.0,1e-06,5e-07,0.0,0.0,0.0,100.0,100.0,100.0,0.0,0.0,17.0,0.0,0.0,100.0,1.0,0.0,0.0,1.0,0.0,100.0,0.0,0.0
1.0,2.002716e-05,1.001358e-05,0.0,0.0,64.0,1.0,49932.19,40.0,0.0,0.0,0.0,0.0,0.0,65535.0,0.0,74.0,74.0,74.0,0.0,74.0,74.0,0.0,0.0,1.3703704,49752.0,0.0,0.0,65535.0,6.3913205e+06,20.0,20.02716,20.02716,20.02716,0.0,99864.38,1.0,49932.19,40.0,0.0,0.0,0.0,0.0,0.0,0.0,54.0,54.0,54.0,0.0,54.0,54.0,0.0,2.002716e-05,1.001358e-05,0.0,0.0,0.0,74.0,64.0,54.0,10.0,100.0,6.0,1.0,1.0,74.0,1.0,54.0,1.0,1.0,1.0,74.0,54.0,0.0
27.0,188.22841,94.114204,0.0,0.0,192.56667,6.0,0.015938083,720.0,1.0302225e+08,1.1072259e+07,0.0,3.0473344e+07,1.882284e+08,65535.0,3.0,264.0,94.0,66.0,61.647743,564.0,94.0,0.0,0.0,0.41419828,44703.0,0.0,6.0,65535.0,30.691435,1.882284e+08,1.0302225e+08,6.4906345e+06,0.0,2.3960464e+07,0.15938084,4.0,0.015938083,480.0,1.03023304e+08,1.7111588e+07,246.04797,3.6494336e+07,1.8822747e+08,3.0,1681.0,340.41666,66.0,506.01556,1361.6666,340.41666,0.0,188.22841,94.114204,0.0,0.0,6.0,1681.0,192.56667,66.0,345.36075,119274.05,6.0,0.0,6.0,1692.0,18.0,4085.0,12.0,18.0,12.0,1692.0,4085.0,0.0
15.0,0.0051209927,0.0025604963,0.0,0.0,84.4375,9.0,195.27464,360.0,2810.955,640.1241,0.0,897.2992,5120.9927,65535.0,2.0,117.0,73.666664,66.0,15.76212,663.0,73.666664,0.0,0.0,0.9636628,37062.0,0.0,2.0,65535.0,263816.03,5120.0,2654.0757,341.3995,0.0,681.2573,3124.3943,7.0,195.27464,280.0,2654.0757,753.6411,0.0,938.5428,4521.8467,4.0,152.0,98.28571,66.0,35.232754,688.0,98.28571,0.0,0.0051209927,0.0025604963,0.0,0.0,6.0,152.0,84.4375,66.0,28.844343,831.9961,6.0,0.0,2.0,663.0,9.0,688.0,7.0,9.0,7.0,663.0,688.0,0.0
1.0,0.00015711784,7.855892e-05,0.0,0.0,60.0,1.0,6364.6494,40.0,0.0,0.0,0.0,0.0,0.0,65535.0,0.0,60.0,60.0,60.0,0.0,60.0,60.0,0.0,0.0,1.0,2009.0,0.0,0.0,65535.0,763757.94,157.0,157.11784,157.11784,157.11784,0.0,12729.299,1.0,6364.6494,40.0,0.0,0.0,0.0,0.0,0.0,0.0,60.0,60.0,60.0,0.0,60.0,60.0,0.0,0.00015711784,7.855892e-05,0.0,0.0,0.0,60.0,60.0,60.0,0.0,0.0,6.0,1.0,1.0,60.0,1.0,60.0,1.0,1.0,1.0,60.0,60.0,0.0
18.0,344.5725,172.28625,0.0,0.0,145.8,5.5,0.005804294,440.0,3.4455443e+08,3.4457212e+07,0.0,1.0336574e+08,3.4457213e+08,65535.0,2.0,280.0,103.09091,66.0,75.3627,567.0,103.09091,0.0,0.0,0.6363636,45311.0,0.0,4.0,65535.0,8.46266,3.445725e+08,3.4455443e+08,1.8135394e+07,0.0,7.6937704e+07,0.058042936,4.5,0.005804294,360.0,3.4455744e+08,4.3071492e+07,0.0,1.13950984e+08,3.4457194e+08,2.0,1231.0,198.0,66.0,365.23752,891.0,198.0,0.0,344.5725,172.28625,0.0,0.0,4.0,1231.0,145.8,66.0,255.69994,65382.46,6.0,0.0,4.0,1134.0,11.0,1782.0,9.0,11.0,9.0,1134.0,1782.0,0.0
1.0,1e-06,5e-07,0.0,0.0,60.0,0.0,0.0,0.0,0.0,0.0,0.0,0.0,0.0,0.0,0.0,0.0,0.0,0.0,0.0,0.0,0.0,0.0,0.0,0.0,59487.0,0.0,0.0,65535.0,6e+07,1.0,0.0,0.0,0.0,0.0,1e+06,0.0,0.0,40.0,0.0,0.0,0.0,0.0,0.0,0.0,60.0,60.0,60.0,0.0,0.0,60.0,0.0,1e-06,5e-07,0.0,0.0,0.0,60.0,60.0,60.0,0.0,0.0,6.0,1.0,0.0,0.0,0.0,60.0,1.0,0.0,1.0,0.0,60.0,0.0
0.0,1e-06,5e-07,0.0,0.0,60.0,1.0,1e+06,40.0,0.0,0.0,0.0,0.0,0.0,65535.0,0.0,60.0,60.0,60.0,0.0,60.0,60.0,0.0,0.0,0.0,1503.0,0.0,0.0,0.0,6e+07,1.0,0.0,0.0,0.0,0.0,1e+06,0.0,0.0,0.0,0.0,0.0,0.0,0.0,0.0,0.0,0.0,0.0,0.0,0.0,0.0,0.0,0.0,1e-06,5e-07,0.0,0.0,0.0,60.0,60.0,60.0,0.0,0.0,6.0,0.0,1.0,60.0,1.0,0.0,0.0,1.0,0.0,60.0,0.0,0.0
54.0,1889.4006,944.7003,0.0,0.0,118.183334,5.8333335,0.0031756102,1400.0,7.700251e+08,5.557061e+07,0.0,1.7594315e+08,1.8894006e+09,65535.0,6.0,358.0,97.457146,66.0,69.35801,568.5,97.457146,0.0,0.0,0.9269022,50582.0,0.0,12.0,65535.0,3.753042,1.8894006e+09,7.700251e+08,3.202374e+07,0.0,1.3635654e+08,0.031756103,4.1666665,0.0031756102,1000.0,7.7002554e+08,7.8725016e+07,0.0,2.0501594e+08,1.8894004e+09,6.0,453.0,147.2,66.0,153.1799,613.3333,147.2,0.0,1889.4006,944.7003,0.0,0.0,12.0,453.0,118.183334,66.0,114.822685,13184.25,6.0,0.0,12.0,3411.0,35.0,3680.0,25.0,35.0,25.0,3411.0,3680.0,0.0
1.0,0.00015592575,7.7962875e-05,0.0,0.0,60.0,1.0,6413.309,40.0,0.0,0.0,0.0,0.0,0.0,65535.0,0.0,60.0,60.0,60.0,0.0,60.0,60.0,0.0,0.0,1.0,1503.0,0.0,0.0,65535.0,769597.06,155.0,155.92575,155.92575,155.92575,0.0,12826.618,1.0,6413.309,40.0,0.0,0.0,0.0,0.0,0.0,0.0,60.0,60.0,60.0,0.0,60.0,60.0,0.0,0.00015592575,7.7962875e-05,0.0,0.0,0.0,60.0,60.0,60.0,0.0,0.0,6.0,1.0,1.0,60.0,1.0,60.0,1.0,1.0,1.0,60.0,60.0,0.0
0.0,1e-06,5e-07,0.0,0.0,60.0,0.0,0.0,0.0,0.0,0.0,0.0,0.0,0.0,0.0,0.0,0.0,0.0,0.0,0.0,0.0,0.0,0.0,0.0,0.0,632.0,0.0,0.0,65535.0,6e+07,1.0,0.0,0.0,0.0,0.0,1e+06,0.0,0.0,40.0,0.0,0.0,0.0,0.0,0.0,0.0,60.0,60.0,60.0,0.0,0.0,60.0,0.0,1e-06,5e-07,0.0,0.0,0.0,60.0,60.0,60.0,0.0,0.0,6.0,0.0,1.0,0.0,0.0,60.0,1.0,0.0,1.0,0.0,60.0,0.0
1.0,3.4093857e-05,1.7046928e-05,0.0,0.0,57.0,1.0,29330.797,40.0,0.0,0.0,0.0,0.0,0.0,65535.0,0.0,60.0,60.0,60.0,0.0,60.0,60.0,0.0,0.0,1.1111112,2807.0,0.0,0.0,65535.0,3.343711e+06,34.0,34.093857,34.093857,34.093857,0.0,58661.594,1.0,29330.797,40.0,0.0,0.0,0.0,0.0,0.0,0.0,54.0,54.0,54.0,0.0,54.0,54.0,0.0,3.4093857e-05,1.7046928e-05,0.0,0.0,0.0,60.0,57.0,54.0,3.0,9.0,6.0,1.0,1.0,60.0,1.0,54.0,1.0,1.0,1.0,60.0,54.0,0.0
1.0,0.00017809868,8.904934e-05,0.0,0.0,60.0,1.0,5614.8647,40.0,0.0,0.0,0.0,0.0,0.0,65535.0,0.0,60.0,60.0,60.0,0.0,60.0,60.0,0.0,0.0,1.0,2962.0,0.0,0.0,65535.0,673783.75,178.0,178.09868,178.09868,178.09868,0.0,11229.7295,1.0,5614.8647,40.0,0.0,0.0,0.0,0.0,0.0,0.0,60.0,60.0,60.0,0.0,60.0,60.0,0.0,0.00017809868,8.904934e-05,0.0,0.0,0.0,60.0,60.0,60.0,0.0,0.0,6.0,1.0,1.0,60.0,1.0,60.0,1.0,1.0,1.0,60.0,60.0,0.0
0.0,1e-06,5e-07,0.0,0.0,60.0,0.0,0.0,28.0,0.0,0.0,0.0,0.0,0.0,0.0,0.0,60.0,60.0,60.0,0.0,0.0,60.0,0.0,0.0,0.0,12653.0,0.0,0.0,0.0,6e+07,1.0,0.0,0.0,0.0,0.0,1e+06,0.0,0.0,0.0,0.0,0.0,0.0,0.0,0.0,0.0,0.0,0.0,0.0,0.0,0.0,0.0,0.0,1e-06,5e-07,0.0,0.0,0.0,60.0,60.0,60.0,0.0,0.0,17.0,0.0,0.0,60.0,1.0,0.0,0.0,1.0,0.0,60.0,0.0,0.0
17.0,1795.9967,897.99835,0.0,0.0,78.5,6.5,0.0011135878,520.0,1.7958362e+09,1.496664e+08,0.0,4.9633885e+08,1.7959968e+09,65535.0,2.0,245.0,79.69231,60.0,47.91079,518.0,79.69231,0.0,0.0,1.4992764,56952.0,0.0,2.0,65535.0,0.961583,1.7959968e+09,1.7958362e+09,8.5523656e+07,0.0,3.824375e+08,0.012249465,4.5,0.0011135878,360.0,1.7958367e+09,2.2449946e+08,0.0,5.939096e+08,1.7959956e+09,3.0,107.0,76.77778,66.0,13.180607,345.5,76.77778,0.0,1795.9967,897.99835,0.0,0.0,5.0,245.0,78.5,60.0,37.80903,1429.5227,6.0,5.0,4.0,1036.0,13.0,691.0,9.0,13.0,9.0,1036.0,691.0,0.0
11.0,0.0014100075,0.00070500374,0.0,0.0,77.666664,7.0,709.2161,280.0,479.93658,235.00125,0.0,197.697,1410.0074,65535.0,3.0,147.0,84.28571,66.0,28.42893,590.0,84.28571,0.0,0.0,1.7251462,41090.0,0.0,2.0,65535.0,660989.4,1410.0,319.95773,128.1825,0.0,91.98471,8510.593,5.0,709.2161,200.0,491.8575,231.26602,0.0,183.34831,925.0641,1.0,74.0,68.4,66.0,3.2,342.0,68.4,0.0,0.0014100075,0.00070500374,0.0,0.0,4.0,147.0,77.666664,66.0,23.17446,537.05554,6.0,0.0,2.0,590.0,7.0,342.0,5.0,7.0,5.0,590.0,342.0,0.0
9.0,0.0022921562,0.0011460781,0.0,0.0,150.6,5.0,436.27045,200.0,1219.9879,510.5138,192.16537,414.12958,2042.0552,65535.0,1.0,889.0,232.2,66.0,328.4146,1161.0,232.2,0.0,0.0,3.3652174,45657.0,0.0,2.0,65535.0,657023.25,2292.0,601.0532,254.68402,0.0,173.8542,4362.7046,5.0,436.27045,200.0,755.07166,573.03906,321.86508,157.08316,2292.1562,1.0,74.0,69.0,66.0,3.6878178,345.0,69.0,0.0,0.0022921562,0.0011460781,0.0,0.0,2.0,889.0,150.6,66.0,246.15735,60593.44,6.0,0.0,2.0,1161.0,5.0,345.0,5.0,5.0,5.0,1161.0,345.0,0.0
0.0,1e-06,5e-07,0.0,0.0,100.0,1.0,1e+06,28.0,0.0,0.0,0.0,0.0,0.0,0.0,0.0,100.0,100.0,100.0,0.0,100.0,100.0,0.0,0.0,0.0,53.0,0.0,0.0,0.0,1e+08,1.0,0.0,0.0,0.0,0.0,1e+06,0.0,0.0,0.0,0.0,0.0,0.0,0.0,0.0,0.0,0.0,0.0,0.0,0.0,0.0,0.0,0.0,1e-06,5e-07,0.0,0.0,0.0,100.0,100.0,100.0,0.0,0.0,17.0,0.0,0.0,100.0,1.0,0.0,0.0,1.0,0.0,100.0,0.0,0.0
1.0,0.00086808205,0.00043404102,0.0,0.0,60.0,1.0,1151.9648,40.0,0.0,0.0,0.0,0.0,0.0,65535.0,0.0,60.0,60.0,60.0,0.0,60.0,60.0,0.0,0.0,1.0,2511.0,0.0,0.0,65535.0,138235.78,868.0,868.08203,868.08203,868.08203,0.0,2303.9297,1.0,1151.9648,40.0,0.0,0.0,0.0,0.0,0.0,0.0,60.0,60.0,60.0,0.0,60.0,60.0,0.0,0.00086808205,0.00043404102,0.0,0.0,0.0,60.0,60.0,60.0,0.0,0.0,6.0,1.0,1.0,60.0,1.0,60.0,1.0,1.0,1.0,60.0,60.0,0.0
0.0,1e-06,5e-07,0.0,0.0,100.0,1.0,1e+06,28.0,0.0,0.0,0.0,0.0,0.0,0.0,0.0,100.0,100.0,100.0,0.0,100.0,100.0,0.0,0.0,0.0,53.0,0.0,0.0,0.0,1e+08,1.0,0.0,0.0,0.0,0.0,1e+06,0.0,0.0,0.0,0.0,0.0,0.0,0.0,0.0,0.0,0.0,0.0,0.0,0.0,0.0,0.0,0.0,1e-06,5e-07,0.0,0.0,0.0,100.0,100.0,100.0,0.0,0.0,17.0,0.0,0.0,100.0,1.0,0.0,0.0,1.0,0.0,100.0,0.0,0.0
0.0,1309.903,654.9515,0.0,0.0,95.0,0.0,0.0,56.0,1.309903e+09,1.309903e+09,1.309903e+09,0.0,1.309903e+09,0.0,0.0,96.0,95.0,94.0,1.4142135,0.0,95.0,0.0,0.0,0.0,45351.0,0.0,0.0,0.0,0.14504892,1.309903e+09,1.309903e+09,1.309903e+09,1.309903e+09,0.0,0.0015268307,0.0,0.0,0.0,0.0,0.0,0.0,0.0,0.0,0.0,0.0,0.0,0.0,0.0,0.0,0.0,0.0,1309.903,654.9515,0.0,0.0,0.0,96.0,95.0,94.0,1.4142135,2.0,17.0,0.0,0.0,190.0,2.0,0.0,0.0,2.0,0.0,190.0,0.0,0.0
0.0,1e-06,5e-07,0.0,0.0,60.0,0.0,0.0,28.0,0.0,0.0,0.0,0.0,0.0,0.0,0.0,60.0,60.0,60.0,0.0,0.0,60.0,0.0,0.0,0.0,42780.0,0.0,0.0,0.0,6e+07,1.0,0.0,0.0,0.0,0.0,1e+06,0.0,0.0,0.0,0.0,0.0,0.0,0.0,0.0,0.0,0.0,0.0,0.0,0.0,0.0,0.0,0.0,1e-06,5e-07,0.0,0.0,0.0,60.0,60.0,60.0,0.0,0.0,17.0,0.0,0.0,60.0,1.0,0.0,0.0,1.0,0.0,60.0,0.0,0.0
1.0,0.00020694733,0.00010347366,0.0,0.0,67.0,1.0,4832.1475,40.0,0.0,0.0,0.0,0.0,0.0,65535.0,0.0,74.0,74.0,74.0,0.0,74.0,74.0,0.0,0.0,1.2333333,58787.0,0.0,0.0,65535.0,647507.75,206.0,206.94733,206.94733,206.94733,0.0,9664.295,1.0,4832.1475,40.0,0.0,0.0,0.0,0.0,0.0,0.0,60.0,60.0,60.0,0.0,60.0,60.0,0.0,0.00020694733,0.00010347366,0.0,0.0,0.0,74.0,67.0,60.0,7.0,49.0,6.0,1.0,1.0,74.0,1.0,60.0,1.0,1.0,1.0,74.0,60.0,0.0
9.0,1.8505459,0.92527294,0.0,0.0,73.9,3.0,1.0807621,240.0,1.833314e+06,370109.2,0.0,731631.1,1.8505459e+06,65535.0,1.0,78.0,69.333336,66.0,4.8534064,208.0,69.333336,0.0,0.0,1.2879257,33796.0,0.0,2.0,65535.0,399.3416,1.850545e+06,1.8326421e+06,205616.2,0.0,575263.06,5.403811,2.0,1.0807621,160.0,1.832799e+06,616624.7,560.9989,859989.75,1.849874e+06,1.0,117.0,80.75,66.0,21.182245,161.5,80.75,0.0,1.8505459,0.92527294,0.0,0.0,2.0,117.0,73.9,66.0,14.996333,224.89,6.0,0.0,2.0,416.0,6.0,323.0,4.0,6.0,4.0,416.0,323.0,0.0
0.0,1e-06,5e-07,0.0,0.0,60.0,0.0,0.0,28.0,0.0,0.0,0.0,0.0,0.0,0.0,0.0,60.0,60.0,60.0,0.0,0.0,60.0,0.0,0.0,0.0,46970.0,0.0,0.0,0.0,6e+07,1.0,0.0,0.0,0.0,0.0,1e+06,0.0,0.0,0.0,0.0,0.0,0.0,0.0,0.0,0.0,0.0,0.0,0.0,0.0,0.0,0.0,0.0,1e-06,5e-07,0.0,0.0,0.0,60.0,60.0,60.0,0.0,0.0,17.0,0.0,0.0,60.0,1.0,0.0,0.0,1.0,0.0,60.0,0.0,0.0
9.0,0.001680851,0.0008404255,0.0,0.0,169.5,6.0,594.93677,240.0,632.04767,336.1702,0.0,200.65707,1680.851,65535.0,1.0,258.0,99.333336,66.0,71.018,596.0,99.333336,0.0,0.0,0.5423112,37021.0,0.0,2.0,65535.0,1.00841775e+06,1680.0,473.97614,186.76122,0.0,157.17654,5949.367,4.0,594.93677,160.0,696.18225,478.34714,138.99803,243.15674,1435.0414,1.0,893.0,274.75,66.0,356.96173,1099.0,274.75,0.0,0.001680851,0.0008404255,0.0,0.0,2.0,893.0,169.5,66.0,247.74957,61379.85,6.0,0.0,2.0,596.0,6.0,1099.0,4.0,6.0,4.0,596.0,1099.0,0.0
1.0,3.0994415e-06,1.5497208e-06,0.0,0.0,57.0,0.0,0.0,40.0,0.0,0.0,0.0,0.0,0.0,65535.0,0.0,60.0,60.0,60.0,0.0,0.0,60.0,0.0,0.0,1.1111112,47435.0,0.0,0.0,65535.0,3.678082e+07,3.0,3.0994415,3.0994415,3.0994415,0.0,645277.56,0.0,0.0,40.0,0.0,0.0,0.0,0.0,0.0,0.0,54.0,54.0,54.0,0.0,0.0,54.0,0.0,3.0994415e-06,1.5497208e-06,0.0,0.0,0.0,60.0,57.0,54.0,4.2426405,18.0,6.0,1.0,1.0,60.0,1.0,54.0,1.0,1.0,1.0,60.0,54.0,0.0
0.0,1e-06,5e-07,0.0,0.0,102.0,1.0,1e+06,28.0,0.0,0.0,0.0,0.0,0.0,0.0,0.0,102.0,102.0,102.0,0.0,102.0,102.0,0.0,0.0,0.0,53.0,0.0,0.0,0.0,1.02e+08,1.0,0.0,0.0,0.0,0.0,1e+06,0.0,0.0,0.0,0.0,0.0,0.0,0.0,0.0,0.0,0.0,0.0,0.0,0.0,0.0,0.0,0.0,1e-06,5e-07,0.0,0.0,0.0,102.0,102.0,102.0,0.0,0.0,17.0,0.0,0.0,102.0,1.0,0.0,0.0,1.0,0.0,102.0,0.0,0.0
0.0,1e-06,5e-07,0.0,0.0,60.0,0.0,0.0,28.0,0.0,0.0,0.0,0.0,0.0,0.0,0.0,60.0,60.0,60.0,0.0,0.0,60.0,0.0,0.0,0.0,117.0,0.0,0.0,0.0,6e+07,1.0,0.0,0.0,0.0,0.0,1e+06,0.0,0.0,0.0,0.0,0.0,0.0,0.0,0.0,0.0,0.0,0.0,0.0,0.0,0.0,0.0,0.0,1e-06,5e-07,0.0,0.0,0.0,60.0,60.0,60.0,0.0,0.0,17.0,0.0,0.0,60.0,1.0,0.0,0.0,1.0,0.0,60.0,0.0,0.0
1.0,1e-06,5e-07,0.0,0.0,60.0,1.0,1e+06,40.0,0.0,0.0,0.0,0.0,0.0,65535.0,0.0,60.0,60.0,60.0,0.0,60.0,60.0,0.0,0.0,1.0,2059.0,0.0,0.0,65535.0,1.2e+08,1.0,0.0,0.0,0.0,0.0,2e+06,1.0,1e+06,40.0,0.0,0.0,0.0,0.0,0.0,0.0,60.0,60.0,60.0,0.0,60.0,60.0,0.0,1e-06,5e-07,0.0,0.0,0.0,60.0,60.0,60.0,0.0,0.0,6.0,1.0,1.0,60.0,1.0,60.0,1.0,1.0,1.0,60.0,60.0,0.0
9.0,0.0047740936,0.0023870468,0.0,0.0,86.1,5.0,209.46384,200.0,1663.9232,1191.9736,238.18016,572.2313,4767.8945,65535.0,1.0,244.0,103.2,66.0,70.46815,516.0,103.2,0.0,0.0,1.4956522,40181.0,0.0,2.0,65535.0,180348.38,4774.0,1607.8949,530.45483,6.198883,557.02325,2094.6384,5.0,209.46384,200.0,1895.1893,1130.5212,144.00482,629.06866,4522.085,1.0,74.0,69.0,66.0,3.6878178,345.0,69.0,0.0,0.0047740936,0.0023870468,0.0,0.0,2.0,244.0,86.1,66.0,52.74552,2782.09,6.0,0.0,2.0,516.0,5.0,345.0,5.0,5.0,5.0,516.0,345.0,0.0
0.0,1e-06,5e-07,0.0,0.0,60.0,0.0,0.0,28.0,0.0,0.0,0.0,0.0,0.0,0.0,0.0,60.0,60.0,60.0,0.0,0.0,60.0,0.0,0.0,0.0,22695.0,0.0,0.0,0.0,6e+07,1.0,0.0,0.0,0.0,0.0,1e+06,0.0,0.0,0.0,0.0,0.0,0.0,0.0,0.0,0.0,0.0,0.0,0.0,0.0,0.0,0.0,0.0,1e-06,5e-07,0.0,0.0,0.0,60.0,60.0,60.0,0.0,0.0,17.0,0.0,0.0,60.0,1.0,0.0,0.0,1.0,0.0,60.0,0.0,0.0
0.0,1e-06,5e-07,0.0,0.0,60.0,0.0,0.0,28.0,0.0,0.0,0.0,0.0,0.0,0.0,0.0,60.0,60.0,60.0,0.0,0.0,60.0,0.0,0.0,0.0,400.0,0.0,0.0,0.0,6e+07,1.0,0.0,0.0,0.0,0.0,1e+06,0.0,0.0,0.0,0.0,0.0,0.0,0.0,0.0,0.0,0.0,0.0,0.0,0.0,0.0,0.0,0.0,1e-06,5e-07,0.0,0.0,0.0,60.0,60.0,60.0,0.0,0.0,17.0,0.0,0.0,60.0,1.0,0.0,0.0,1.0,0.0,60.0,0.0,0.0
1.0,1e-06,5e-07,0.0,0.0,58.0,0.0,0.0,0.0,0.0,0.0,0.0,0.0,0.0,0.0,0.0,0.0,0.0,0.0,0.0,0.0,0.0,0.0,0.0,0.0,42055.0,0.0,0.0,65535.0,5.8e+07,1.0,0.0,0.0,0.0,0.0,1e+06,0.0,0.0,40.0,0.0,0.0,0.0,0.0,0.0,0.0,58.0,58.0,58.0,0.0,0.0,58.0,0.0,1e-06,5e-07,0.0,0.0,0.0,58.0,58.0,58.0,0.0,0.0,6.0,0.0,1.0,0.0,0.0,58.0,1.0,0.0,1.0,0.0,58.0,0.0
1.0,1e-06,5e-07,0.0,0.0,113.0,1.0,1e+06,40.0,0.0,0.0,0.0,0.0,0.0,65535.0,1.0,113.0,113.0,113.0,0.0,113.0,113.0,0.0,0.0,0.0,3128.0,0.0,0.0,0.0,1.13e+08,1.0,0.0,0.0,0.0,0.0,1e+06,0.0,0.0,0.0,0.0,0.0,0.0,0.0,0.0,0.0,0.0,0.0,0.0,0.0,0.0,0.0,0.0,1e-06,5e-07,0.0,0.0,1.0,113.0,113.0,113.0,0.0,0.0,6.0,0.0,0.0,113.0,1.0,0.0,0.0,1.0,0.0,113.0,0.0,0.0
1.0,1.4066696e-05,7.033348e-06,0.0,0.0,57.0,1.0,71089.9,40.0,0.0,0.0,0.0,0.0,0.0,65535.0,0.0,60.0,60.0,60.0,0.0,60.0,60.0,0.0,0.0,1.1111112,1910.0,0.0,0.0,65535.0,8.1042485e+06,14.0,14.066696,14.066696,14.066696,0.0,142179.8,1.0,71089.9,40.0,0.0,0.0,0.0,0.0,0.0,0.0,54.0,54.0,54.0,0.0,54.0,54.0,0.0,1.4066696e-05,7.033348e-06,0.0,0.0,0.0,60.0,57.0,54.0,3.0,9.0,6.0,1.0,1.0,60.0,1.0,54.0,1.0,1.0,1.0,60.0,54.0,0.0
12.0,0.047519207,0.023759604,0.0,0.0,78.15385,7.0,21.044123,280.0,21219.969,7919.8677,1222.1337,6781.3457,47519.207,65535.0,2.0,82.0,70.57143,66.0,5.8274508,494.0,70.57143,0.0,0.0,0.9463602,52160.0,0.0,2.0,65535.0,21380.828,47519.0,16904.115,3959.9338,0.0,4553.2515,273.57358,6.0,21.044123,240.0,18244.982,8898.783,218.86826,6072.2812,44493.914,3.0,156.0,87.0,66.0,31.432467,522.0,87.0,0.0,0.047519207,0.023759604,0.0,0.0,5.0,156.0,78.15385,66.0,23.267164,541.36096,6.0,0.0,2.0,494.0,7.0,522.0,6.0,7.0,6.0,494.0,522.0,0.0
0.0,1e-06,5e-07,0.0,0.0,60.0,0.0,0.0,0.0,0.0,0.0,0.0,0.0,0.0,0.0,0.0,0.0,0.0,0.0,0.0,0.0,0.0,0.0,0.0,0.0,1072.0,0.0,0.0,65535.0,6e+07,1.0,0.0,0.0,0.0,0.0,1e+06,0.0,0.0,40.0,0.0,0.0,0.0,0.0,0.0,0.0,60.0,60.0,60.0,0.0,0.0,60.0,0.0,1e-06,5e-07,0.0,0.0,0.0,60.0,60.0,60.0,0.0,0.0,6.0,0.0,1.0,0.0,0.0,60.0,1.0,0.0,1.0,0.0,60.0,0.0
34.0,5124.922,2562.461,0.0,0.0,74.21739,5.0,0.0009756246,1000.0,3.3108616e+09,2.1353842e+08,0.0,6.916941e+08,5.124922e+09,65535.0,5.0,92.0,71.12,60.0,11.483274,355.6,71.12,0.0,0.0,1.0867971,22.0,0.0,3.0,65535.0,0.6661565,5.124922e+09,3.3108616e+09,1.1388716e+08,0.0,5.162532e+08,0.008975746,4.2,0.0009756246,840.0,3.3108616e+09,2.562461e+08,0.0,7.5045664e+08,5.124922e+09,5.0,108.0,77.90476,66.0,17.132273,327.2,77.90476,0.0,5124.922,2562.461,0.0,0.0,10.0,108.0,74.21739,60.0,14.733743,217.08318,6.0,10.0,10.0,1778.0,25.0,1636.0,21.0,25.0,21.0,1778.0,1636.0,0.0
0.0,1e-06,5e-07,0.0,0.0,60.0,0.0,0.0,0.0,0.0,0.0,0.0,0.0,0.0,0.0,0.0,0.0,0.0,0.0,0.0,0.0,0.0,0.0,0.0,0.0,950.0,0.0,0.0,65535.0,6e+07,1.0,0.0,0.0,0.0,0.0,1e+06,0.0,0.0,40.0,0.0,0.0,0.0,0.0,0.0,0.0,60.0,60.0,60.0,0.0,0.0,60.0,0.0,1e-06,5e-07,0.0,0.0,0.0,60.0,60.0,60.0,0.0,0.0,6.0,0.0,1.0,0.0,0.0,60.0,1.0,0.0,1.0,0.0,60.0,0.0
1.0,1.4781952e-05,7.390976e-06,0.0,0.0,64.0,0.0,0.0,40.0,0.0,0.0,0.0,0.0,0.0,65535.0,0.0,74.0,74.0,74.0,0.0,0.0,74.0,0.0,0.0,1.3703704,58839.0,0.0,0.0,65535.0,8.659208e+06,14.0,14.781952,14.781952,14.781952,0.0,135300.12,0.0,0.0,40.0,0.0,0.0,0.0,0.0,0.0,0.0,54.0,54.0,54.0,0.0,0.0,54.0,0.0,1.4781952e-05,7.390976e-06,0.0,0.0,0.0,74.0,64.0,54.0,14.142136,200.0,6.0,1.0,1.0,74.0,1.0,54.0,1.0,1.0,1.0,74.0,54.0,0.0
18.0,857.1773,428.58865,0.0,0.0,445.25,5.0,0.0023332394,400.0,8.571733e+08,9.524192e+07,0.0,2.6938342e+08,8.571773e+08,65535.0,2.0,407.0,134.9,66.0,133.851,674.5,134.9,0.0,0.0,0.17853361,56896.0,0.0,4.0,65535.0,10.388749,8.5717734e+08,8.571733e+08,4.5114596e+07,0.0,1.9140408e+08,0.023332395,5.0,0.0023332394,400.0,8.571733e+08,9.524192e+07,66.04195,2.6938342e+08,8.571773e+08,2.0,3506.0,755.6,66.0,1375.2035,3778.0,755.6,0.0,857.1773,428.58865,0.0,0.0,4.0,3506.0,445.25,66.0,1025.1183,1.0508675e+06,6.0,0.0,4.0,1349.0,10.0,7556.0,10.0,10.0,10.0,1349.0,7556.0,0.0
0.0,1e-06,5e-07,0.0,0.0,60.0,0.0,0.0,28.0,0.0,0.0,0.0,0.0,0.0,0.0,0.0,60.0,60.0,60.0,0.0,0.0,60.0,0.0,0.0,0.0,11589.0,0.0,0.0,0.0,6e+07,1.0,0.0,0.0,0.0,0.0,1e+06,0.0,0.0,0.0,0.0,0.0,0.0,0.0,0.0,0.0,0.0,0.0,0.0,0.0,0.0,0.0,0.0,1e-06,5e-07,0.0,0.0,0.0,60.0,60.0,60.0,0.0,0.0,17.0,0.0,0.0,60.0,1.0,0.0,0.0,1.0,0.0,60.0,0.0,0.0
0.0,1e-06,5e-07,0.0,0.0,60.0,1.0,1e+06,28.0,0.0,0.0,0.0,0.0,0.0,0.0,0.0,60.0,60.0,60.0,0.0,60.0,60.0,0.0,0.0,0.0,34706.0,0.0,0.0,0.0,6e+07,1.0,0.0,0.0,0.0,0.0,1e+06,0.0,0.0,0.0,0.0,0.0,0.0,0.0,0.0,0.0,0.0,0.0,0.0,0.0,0.0,0.0,0.0,1e-06,5e-07,0.0,0.0,0.0,60.0,60.0,60.0,0.0,0.0,17.0,0.0,0.0,60.0,1.0,0.0,0.0,1.0,0.0,60.0,0.0,0.0
0.0,1e-06,5e-07,0.0,0.0,96.0,1.0,1e+06,28.0,0.0,0.0,0.0,0.0,0.0,0.0,0.0,96.0,96.0,96.0,0.0,96.0,96.0,0.0,0.0,0.0,54293.0,0.0,0.0,0.0,9.6e+07,1.0,0.0,0.0,0.0,0.0,1e+06,0.0,0.0,0.0,0.0,0.0,0.0,0.0,0.0,0.0,0.0,0.0,0.0,0.0,0.0,0.0,0.0,1e-06,5e-07,0.0,0.0,0.0,96.0,96.0,96.0,0.0,0.0,17.0,0.0,0.0,96.0,1.0,0.0,0.0,1.0,0.0,96.0,0.0,0.0
1.0,6.318092e-05,3.159046e-05,0.0,0.0,57.0,0.0,0.0,40.0,0.0,0.0,0.0,0.0,0.0,65535.0,0.0,60.0,60.0,60.0,0.0,0.0,60.0,0.0,0.0,1.1111112,41385.0,0.0,0.0,65535.0,1.8043421e+06,63.0,63.180923,63.180923,63.180923,0.0,31655.125,0.0,0.0,40.0,0.0,0.0,0.0,0.0,0.0,0.0,54.0,54.0,54.0,0.0,0.0,54.0,0.0,6.318092e-05,3.159046e-05,0.0,0.0,0.0,60.0,57.0,54.0,4.2426405,18.0,6.0,1.0,1.0,60.0,1.0,54.0,1.0,1.0,1.0,60.0,54.0,0.0
9.0,5.001486,2.500743,0.0,0.0,359.0,1.3333334,0.59982175,160.0,3.9944682e+06,1.6670411e+06,990.15234,1.6960799e+06,5.001123e+06,65535.0,0.0,74.0,68.0,66.0,3.4641016,90.666664,68.0,0.0,0.0,0.08197709,9092.0,0.0,2.0,65535.0,717.7867,5.001486e+06,3.994183e+06,555720.7,0.0,1.2554278e+06,1.9994057,2.0,0.59982175,240.0,3.994453e+06,1.0002972e+06,370.02563,1.5468356e+06,5.001486e+06,2.0,2793.0,553.0,66.0,1004.03754,1106.0,553.0,0.0,5.001486,2.500743,0.0,0.0,2.0,2793.0,359.0,66.0,813.2119,661313.6,6.0,0.0,2.0,272.0,4.0,3318.0,6.0,4.0,6.0,272.0,3318.0,0.0
15.0,0.004565954,0.002282977,0.0,0.0,84.8125,9.0,219.01227,360.0,2007.0076,570.74426,0.0,653.32367,4565.954,65535.0,2.0,123.0,74.333336,66.0,17.600506,669.0,74.333336,0.0,0.0,0.97238374,46078.0,0.0,2.0,65535.0,297199.66,4565.0,1734.972,304.39694,0.0,456.5161,3504.1963,7.0,219.01227,280.0,1734.972,628.31244,0.0,650.2406,3769.8745,4.0,152.0,98.28571,66.0,35.232754,688.0,98.28571,0.0,0.004565954,0.002282977,0.0,0.0,6.0,152.0,84.8125,66.0,29.300638,858.52734,6.0,0.0,2.0,669.0,9.0,688.0,7.0,9.0,7.0,669.0,688.0,0.0
0.0,45.406334,22.703167,0.0,0.0,60.0,0.0,0.0,0.0,0.0,0.0,0.0,0.0,0.0,0.0,0.0,0.0,0.0,0.0,0.0,0.0,0.0,0.0,0.0,0.0,80.0,0.0,0.0,65535.0,3.9642048,4.5406332e+07,4.4539252e+07,2.2703166e+07,867079.0,3.088089e+07,0.06607008,0.0,0.0,120.0,4.4539252e+07,2.2703166e+07,867079.0,3.088089e+07,4.5406332e+07,0.0,60.0,60.0,60.0,0.0,0.0,60.0,0.0,45.406334,22.703167,0.0,0.0,0.0,60.0,60.0,60.0,0.0,0.0,6.0,1.0,2.0,0.0,0.0,180.0,3.0,0.0,3.0,0.0,180.0,0.0
0.0,1e-06,5e-07,0.0,0.0,60.0,1.0,1e+06,40.0,0.0,0.0,0.0,0.0,0.0,65535.0,0.0,60.0,60.0,60.0,0.0,60.0,60.0,0.0,0.0,0.0,43821.0,0.0,0.0,0.0,6e+07,1.0,0.0,0.0,0.0,0.0,1e+06,0.0,0.0,0.0,0.0,0.0,0.0,0.0,0.0,0.0,0.0,0.0,0.0,0.0,0.0,0.0,0.0,1e-06,5e-07,0.0,0.0,0.0,60.0,60.0,60.0,0.0,0.0,6.0,0.0,1.0,60.0,1.0,0.0,0.0,1.0,0.0,60.0,0.0,0.0
0.0,1e-06,5e-07,0.0,0.0,60.0,0.0,0.0,28.0,0.0,0.0,0.0,0.0,0.0,0.0,0.0,60.0,60.0,60.0,0.0,0.0,60.0,0.0,0.0,0.0,36929.0,0.0,0.0,0.0,6e+07,1.0,0.0,0.0,0.0,0.0,1e+06,0.0,0.0,0.0,0.0,0.0,0.0,0.0,0.0,0.0,0.0,0.0,0.0,0.0,0.0,0.0,0.0,1e-06,5e-07,0.0,0.0,0.0,60.0,60.0,60.0,0.0,0.0,17.0,0.0,0.0,60.0,1.0,0.0,0.0,1.0,0.0,60.0,0.0,0.0
0.0,42.068157,21.034079,0.0,0.0,60.0,0.0,0.0,0.0,0.0,0.0,0.0,0.0,0.0,0.0,0.0,0.0,0.0,0.0,0.0,0.0,0.0,0.0,0.0,0.0,80.0,0.0,0.0,65535.0,4.278771,4.2068156e+07,3.970114e+07,2.1034078e+07,2.367015e+06,2.6399214e+07,0.071312845,0.0,0.0,120.0,3.970114e+07,2.1034078e+07,2.367015e+06,2.6399214e+07,4.2068156e+07,0.0,60.0,60.0,60.0,0.0,0.0,60.0,0.0,42.068157,21.034079,0.0,0.0,0.0,60.0,60.0,60.0,0.0,0.0,6.0,0.0,3.0,0.0,0.0,180.0,3.0,0.0,3.0,0.0,180.0,0.0
1.0,7.081032e-05,3.540516e-05,0.0,0.0,57.0,1.0,14122.235,40.0,0.0,0.0,0.0,0.0,0.0,65535.0,0.0,60.0,60.0,60.0,0.0,60.0,60.0,0.0,0.0,1.1111112,1580.0,0.0,0.0,65535.0,1.6099349e+06,70.0,70.81032,70.81032,70.81032,0.0,28244.47,1.0,14122.235,40.0,0.0,0.0,0.0,0.0,0.0,0.0,54.0,54.0,54.0,0.0,54.0,54.0,0.0,7.081032e-05,3.540516e-05,0.0,0.0,0.0,60.0,57.0,54.0,3.0,9.0,6.0,1.0,1.0,60.0,1.0,54.0,1.0,1.0,1.0,60.0,54.0,0.0
0.0,0.0,0.0,0.0,0.0,60.0,0.0,0.0,56.0,0.0,0.0,0.0,0.0,0.0,0.0,0.0,60.0,60.0,60.0,0.0,0.0,60.0,0.0,0.0,0.0,2156.0,0.0,0.0,0.0,0.0,0.0,0.0,0.0,0.0,0.0,0.0,0.0,0.0,0.0,0.0,0.0,0.0,0.0,0.0,0.0,0.0,0.0,0.0,0.0,0.0,0.0,0.0,0.0,0.0,0.0,0.0,0.0,60.0,60.0,60.0,0.0,0.0,17.0,0.0,0.0,120.0,2.0,0.0,0.0,2.0,0.0,120.0,0.0,0.0
12.0,0.0065350533,0.0032675266,0.0,0.0,94.84615,7.0,153.02094,280.0,2726.0781,1089.1755,0.0,863.4624,6535.053,65535.0,2.0,160.0,86.28571,66.0,32.992268,604.0,86.28571,0.0,0.0,0.9602544,40680.0,0.0,2.0,65535.0,188674.83,6535.0,2103.0903,544.58777,0.0,598.51166,1989.2722,6.0,153.02094,240.0,2482.1758,1218.605,137.80594,875.57697,6093.0254,3.0,177.0,104.833336,66.0,46.609787,629.0,104.833336,0.0,0.0065350533,0.0032675266,0.0,0.0,5.0,177.0,94.84615,66.0,40.918015,1674.284,6.0,0.0,2.0,604.0,7.0,629.0,6.0,7.0,6.0,604.0,629.0,0.0
0.0,1e-06,5e-07,0.0,0.0,60.0,1.0,1e+06,40.0,0.0,0.0,0.0,0.0,0.0,65535.0,0.0,60.0,60.0,60.0,0.0,60.0,60.0,0.0,0.0,0.0,8188.0,0.0,0.0,0.0,6e+07,1.0,0.0,0.0,0.0,0.0,1e+06,0.0,0.0,0.0,0.0,0.0,0.0,0.0,0.0,0.0,0.0,0.0,0.0,0.0,0.0,0.0,0.0,1e-06,5e-07,0.0,0.0,0.0,60.0,60.0,60.0,0.0,0.0,6.0,0.0,1.0,60.0,1.0,0.0,0.0,1.0,0.0,60.0,0.0,0.0
11.0,0.0028071404,0.0014035702,0.0,0.0,1247.8334,7.0,356.2344,280.0,1005.1727,467.85672,0.0,340.8441,2807.1404,65535.0,1.0,3059.0,494.7143,66.0,1046.8689,3463.0,494.7143,0.0,0.0,0.30084267,34430.0,0.0,2.0,65535.0,5.334254e+06,2807.0,651.12115,255.19458,0.0,226.65509,4274.813,5.0,356.2344,200.0,960.11163,554.502,97.990036,306.13147,2218.008,2.0,7306.0,2302.2,66.0,2928.59,11511.0,2302.2,0.0,0.0028071404,0.0014035702,0.0,0.0,3.0,7306.0,1247.8334,66.0,2237.6235,5.006959e+06,6.0,0.0,2.0,3463.0,7.0,11511.0,5.0,7.0,5.0,3463.0,11511.0,0.0
9.0,0.002398014,0.001199007,0.0,0.0,235.8,6.0,417.01172,240.0,794.8876,479.6028,208.85468,196.07864,2398.0142,65535.0,1.0,921.0,209.83333,66.0,318.05682,1259.0,209.83333,0.0,0.0,1.1455868,33363.0,0.0,2.0,65535.0,983313.7,2398.0,794.8876,266.446,10.967255,219.3324,4170.117,4.0,417.01172,160.0,1242.1608,694.3544,256.06155,409.95352,2083.0632,1.0,893.0,274.75,66.0,356.96173,1099.0,274.75,0.0,0.002398014,0.001199007,0.0,0.0,2.0,921.0,235.8,66.0,335.6727,112676.16,6.0,0.0,2.0,1259.0,6.0,1099.0,4.0,6.0,4.0,1259.0,1099.0,0.0
4.0,32.266636,16.133318,0.0,0.0,58.0,0.0,0.0,0.0,0.0,0.0,0.0,0.0,0.0,0.0,0.0,0.0,0.0,0.0,0.0,0.0,0.0,0.0,0.0,0.0,14656.0,0.0,0.0,65535.0,7.1900897,3.2266634e+07,1.8737398e+07,1.0755545e+07,2.7051892e+06,8.016324e+06,0.12396707,0.0,0.0,160.0,1.8737398e+07,1.0755545e+07,2.7051892e+06,8.016324e+06,3.2266634e+07,0.0,58.0,58.0,58.0,0.0,0.0,58.0,0.0,32.266636,16.133318,0.0,0.0,0.0,58.0,58.0,58.0,0.0,0.0,6.0,0.0,4.0,0.0,0.0,232.0,4.0,0.0,4.0,0.0,232.0,0.0
0.0,76.99073,38.495365,0.0,0.0,126.0,1.0,0.025977153,56.0,7.698967e+07,7.698967e+07,7.698967e+07,0.0,7.698967e+07,0.0,0.0,102.0,101.5,101.0,0.5,101.5,101.5,0.0,0.0,0.6744186,56514.0,0.0,0.0,0.0,6.5462427,7.699073e+07,7.69492e+07,2.5663576e+07,1059.0553,3.6264416e+07,0.051954307,1.0,0.025977153,56.0,7.695026e+07,7.695026e+07,7.695026e+07,0.0,7.695026e+07,0.0,168.0,150.5,133.0,17.5,150.5,150.5,0.0,76.99073,38.495365,0.0,0.0,0.0,168.0,126.0,101.0,27.449955,753.5,17.0,0.0,0.0,203.0,2.0,301.0,2.0,2.0,2.0,203.0,301.0,0.0
1.0,2.002716e-05,1.001358e-05,0.0,0.0,64.0,1.0,49932.19,40.0,0.0,0.0,0.0,0.0,0.0,65535.0,0.0,74.0,74.0,74.0,0.0,74.0,74.0,0.0,0.0,1.3703704,47516.0,0.0,0.0,65535.0,6.3913205e+06,20.0,20.02716,20.02716,20.02716,0.0,99864.38,1.0,49932.19,40.0,0.0,0.0,0.0,0.0,0.0,0.0,54.0,54.0,54.0,0.0,54.0,54.0,0.0,2.002716e-05,1.001358e-05,0.0,0.0,0.0,74.0,64.0,54.0,10.0,100.0,6.0,1.0,1.0,74.0,1.0,54.0,1.0,1.0,1.0,74.0,54.0,0.0
0.0,1626.76,813.38,0.0,0.0,124.333336,0.0,0.0,84.0,9.9593594e+08,8.133799e+08,6.308238e+08,2.5817328e+08,1.6267598e+09,0.0,0.0,94.0,92.333336,90.0,2.081666,0.0,92.333336,0.0,0.0,0.5906183,54317.0,0.0,0.0,0.0,0.45858026,1.6267601e+09,9.9593574e+08,3.25352e+08,195.0264,4.6383094e+08,0.0036883128,0.0,0.0,84.0,9.95936e+08,8.133798e+08,6.308236e+08,2.5817347e+08,1.6267596e+09,0.0,174.0,156.33333,125.0,27.209066,0.0,156.33333,0.0,1626.76,813.38,0.0,0.0,0.0,174.0,124.333336,90.0,39.072582,1526.6666,17.0,0.0,0.0,277.0,3.0,469.0,3.0,3.0,3.0,277.0,469.0,0.0
0.0,1e-06,5e-07,0.0,0.0,60.0,0.0,0.0,28.0,0.0,0.0,0.0,0.0,0.0,0.0,0.0,60.0,60.0,60.0,0.0,0.0,60.0,0.0,0.0,0.0,50228.0,0.0,0.0,0.0,6e+07,1.0,0.0,0.0,0.0,0.0,1e+06,0.0,0.0,0.0,0.0,0.0,0.0,0.0,0.0,0.0,0.0,0.0,0.0,0.0,0.0,0.0,0.0,1e-06,5e-07,0.0,0.0,0.0,60.0,60.0,60.0,0.0,0.0,17.0,0.0,0.0,60.0,1.0,0.0,0.0,1.0,0.0,60.0,0.0,0.0
0.0,1e-06,5e-07,0.0,0.0,60.0,0.0,0.0,28.0,0.0,0.0,0.0,0.0,0.0,0.0,0.0,60.0,60.0,60.0,0.0,0.0,60.0,0.0,0.0,0.0,3135.0,0.0,0.0,0.0,6e+07,1.0,0.0,0.0,0.0,0.0,1e+06,0.0,0.0,0.0,0.0,0.0,0.0,0.0,0.0,0.0,0.0,0.0,0.0,0.0,0.0,0.0,0.0,1e-06,5e-07,0.0,0.0,0.0,60.0,60.0,60.0,0.0,0.0,17.0,0.0,0.0,60.0,1.0,0.0,0.0,1.0,0.0,60.0,0.0,0.0
0.0,0.00014710426,7.355213e-05,0.0,0.0,141.0,1.0,6797.8994,28.0,0.0,0.0,0.0,0.0,0.0,0.0,0.0,108.0,108.0,108.0,0.0,108.0,108.0,0.0,0.0,0.62068963,38410.0,0.0,0.0,0.0,1.9170076e+06,147.0,147.10426,147.10426,147.10426,0.0,13595.799,1.0,6797.8994,28.0,0.0,0.0,0.0,0.0,0.0,0.0,174.0,174.0,174.0,0.0,174.0,174.0,0.0,0.00014710426,7.355213e-05,0.0,0.0,0.0,174.0,141.0,108.0,33.0,1089.0,17.0,0.0,0.0,108.0,1.0,174.0,1.0,1.0,1.0,108.0,174.0,0.0
63.0,1226.5925,613.29626,0.0,0.0,126.65714,6.0,0.0057068663,1680.0,3.350948e+08,2.9916892e+07,0.0,8.097477e+07,1.2265925e+09,65535.0,7.0,376.0,101.2619,66.0,78.75279,607.5714,101.2619,0.0,0.0,0.9219597,42592.0,0.0,14.0,65535.0,7.228154,1.2265925e+09,3.350948e+08,1.7776704e+07,0.0,6.412448e+07,0.057068665,4.0,0.0057068663,1120.0,3.350951e+08,4.5429344e+07,234.12704,9.618786e+07,1.2265923e+09,7.0,453.0,164.75,66.0,166.45326,659.0,164.75,0.0,1226.5925,613.29626,0.0,0.0,14.0,453.0,126.65714,66.0,125.58366,15771.254,6.0,0.0,14.0,4253.0,42.0,4613.0,28.0,42.0,28.0,4253.0,4613.0,0.0
1.0,0.0002617836,0.0001308918,0.0,0.0,67.0,1.0,3819.949,40.0,0.0,0.0,0.0,0.0,0.0,65535.0,0.0,60.0,60.0,60.0,0.0,60.0,60.0,0.0,0.0,0.8108108,3306.0,0.0,0.0,65535.0,511873.16,261.0,261.7836,261.7836,261.7836,0.0,7639.898,1.0,3819.949,40.0,0.0,0.0,0.0,0.0,0.0,0.0,74.0,74.0,74.0,0.0,74.0,74.0,0.0,0.0002617836,0.0001308918,0.0,0.0,0.0,74.0,67.0,60.0,7.0,49.0,6.0,1.0,1.0,60.0,1.0,74.0,1.0,1.0,1.0,60.0,74.0,0.0
0.0,5842.907,2921.4536,0.0,0.0,96.5,0.0,0.0,0.0,0.0,0.0,0.0,0.0,0.0,0.0,0.0,0.0,0.0,0.0,0.0,0.0,0.0,0.0,0.0,0.0,53.0,0.0,0.0,0.0,0.0330315,5.842907e+09,5.842907e+09,5.842907e+09,5.842907e+09,0.0,0.00034229536,1.0,0.00034229536,56.0,5.842907e+09,5.842907e+09,5.842907e+09,0.0,5.842907e+09,0.0,100.0,96.5,93.0,3.5,96.5,96.5,0.0,5842.907,2921.4536,0.0,0.0,0.0,100.0,96.5,93.0,3.5,12.25,17.0,0.0,0.0,0.0,0.0,193.0,2.0,0.0,2.0,0.0,193.0,0.0
0.0,0.0008869171,0.00044345856,0.0,0.0,117.0,1.0,1127.5011,28.0,0.0,0.0,0.0,0.0,0.0,0.0,0.0,101.0,101.0,101.0,0.0,101.0,101.0,0.0,0.0,0.7593985,51932.0,0.0,0.0,0.0,263835.25,886.0,886.9171,886.9171,886.9171,0.0,2255.0022,1.0,1127.5011,28.0,0.0,0.0,0.0,0.0,0.0,0.0,133.0,133.0,133.0,0.0,133.0,133.0,0.0,0.0008869171,0.00044345856,0.0,0.0,0.0,133.0,117.0,101.0,16.0,256.0,17.0,0.0,0.0,101.0,1.0,133.0,1.0,1.0,1.0,101.0,133.0,0.0
0.0,1e-06,5e-07,0.0,0.0,60.0,0.0,0.0,0.0,0.0,0.0,0.0,0.0,0.0,0.0,0.0,0.0,0.0,0.0,0.0,0.0,0.0,0.0,0.0,0.0,3260.0,0.0,0.0,65535.0,6e+07,1.0,0.0,0.0,0.0,0.0,1e+06,0.0,0.0,40.0,0.0,0.0,0.0,0.0,0.0,0.0,60.0,60.0,60.0,0.0,0.0,60.0,0.0,1e-06,5e-07,0.0,0.0,0.0,60.0,60.0,60.0,0.0,0.0,6.0,0.0,1.0,0.0,0.0,60.0,1.0,0.0,1.0,0.0,60.0,0.0
11.0,0.004550934,0.002275467,0.0,0.0,81.5,6.0,219.73512,240.0,2586.1262,872.42126,216.9609,890.0082,4362.1064,65535.0,2.0,138.0,88.166664,66.0,29.179996,529.0,88.166664,0.0,0.0,1.1781737,55740.0,0.0,2.0,65535.0,214900.95,4550.0,2110.958,413.72125,121.11664,544.17426,2636.8215,6.0,219.73512,240.0,2110.958,856.5903,134.94492,681.5388,4282.951,2.0,107.0,74.833336,66.0,14.678972,449.0,74.833336,0.0,0.004550934,0.002275467,0.0,0.0,4.0,138.0,81.5,66.0,24.039898,577.9167,6.0,0.0,2.0,529.0,6.0,449.0,6.0,6.0,6.0,529.0,449.0,0.0
54.0,1270.1991,635.09955,0.0,0.0,119.48333,5.8333335,0.004723669,1400.0,4.186376e+08,3.7358796e+07,0.0,1.0529225e+08,1.270199e+09,65535.0,6.0,326.0,99.685715,66.0,73.06739,581.5,99.685715,0.0,0.0,0.9480978,57072.0,0.0,12.0,65535.0,5.643997,1.270199e+09,4.186376e+08,2.1528798e+07,0.0,8.2034184e+07,0.047236692,4.1666665,0.004723669,1000.0,4.1863776e+08,5.292496e+07,0.0,1.2199186e+08,1.270199e+09,6.0,453.0,147.2,66.0,153.1799,613.3333,147.2,0.0,1270.1991,635.09955,0.0,0.0,12.0,453.0,119.48333,66.0,115.92993,13439.75,6.0,0.0,12.0,3489.0,35.0,3680.0,25.0,35.0,25.0,3489.0,3680.0,0.0
0.0,1e-06,5e-07,0.0,0.0,100.0,1.0,1e+06,28.0,0.0,0.0,0.0,0.0,0.0,0.0,0.0,100.0,100.0,100.0,0.0,100.0,100.0,0.0,0.0,0.0,53.0,0.0,0.0,0.0,1e+08,1.0,0.0,0.0,0.0,0.0,1e+06,0.0,0.0,0.0,0.0,0.0,0.0,0.0,0.0,0.0,0.0,0.0,0.0,0.0,0.0,0.0,0.0,1e-06,5e-07,0.0,0.0,0.0,100.0,100.0,100.0,0.0,0.0,17.0,0.0,0.0,100.0,1.0,0.0,0.0,1.0,0.0,100.0,0.0,0.0
0.0,1e-06,5e-07,0.0,0.0,60.0,0.0,0.0,28.0,0.0,0.0,0.0,0.0,0.0,0.0,0.0,60.0,60.0,60.0,0.0,0.0,60.0,0.0,0.0,0.0,29981.0,0.0,0.0,0.0,6e+07,1.0,0.0,0.0,0.0,0.0,1e+06,0.0,0.0,0.0,0.0,0.0,0.0,0.0,0.0,0.0,0.0,0.0,0.0,0.0,0.0,0.0,0.0,1e-06,5e-07,0.0,0.0,0.0,60.0,60.0,60.0,0.0,0.0,17.0,0.0,0.0,60.0,1.0,0.0,0.0,1.0,0.0,60.0,0.0,0.0
0.0,0.019127846,0.009563923,0.0,0.0,187.5,1.0,52.279804,28.0,0.0,0.0,0.0,0.0,0.0,0.0,0.0,242.0,242.0,242.0,0.0,242.0,242.0,0.0,0.0,1.8195488,53.0,0.0,0.0,0.0,19604.926,19127.0,19127.846,19127.846,19127.846,0.0,104.55961,1.0,52.279804,28.0,0.0,0.0,0.0,0.0,0.0,0.0,133.0,133.0,133.0,0.0,133.0,133.0,0.0,0.019127846,0.009563923,0.0,0.0,0.0,242.0,187.5,133.0,54.5,2970.25,17.0,0.0,0.0,242.0,1.0,133.0,1.0,1.0,1.0,242.0,133.0,0.0
0.0,0.10827184,0.05413592,0.0,0.0,116.0,1.0,9.236012,28.0,0.0,0.0,0.0,0.0,0.0,0.0,0.0,100.0,100.0,100.0,0.0,100.0,100.0,0.0,0.0,0.75757575,52008.0,0.0,0.0,0.0,2142.755,108271.0,108271.836,108271.836,108271.836,0.0,18.472025,1.0,9.236012,28.0,0.0,0.0,0.0,0.0,0.0,0.0,132.0,132.0,132.0,0.0,132.0,132.0,0.0,0.10827184,0.05413592,0.0,0.0,0.0,132.0,116.0,100.0,16.0,256.0,17.0,0.0,0.0,100.0,1.0,132.0,1.0,1.0,1.0,100.0,132.0,0.0
0.0,1e-06,5e-07,0.0,0.0,60.0,0.0,0.0,0.0,0.0,0.0,0.0,0.0,0.0,0.0,0.0,0.0,0.0,0.0,0.0,0.0,0.0,0.0,0.0,0.0,89.0,0.0,0.0,65535.0,6e+07,1.0,0.0,0.0,0.0,0.0,1e+06,0.0,0.0,40.0,0.0,0.0,0.0,0.0,0.0,0.0,60.0,60.0,60.0,0.0,0.0,60.0,0.0,1e-06,5e-07,0.0,0.0,0.0,60.0,60.0,60.0,0.0,0.0,6.0,0.0,1.0,0.0,0.0,60.0,1.0,0.0,1.0,0.0,60.0,0.0
0.0,0.00050878525,0.00025439262,0.0,0.0,109.0,1.0,1965.4658,28.0,0.0,0.0,0.0,0.0,0.0,0.0,0.0,125.0,125.0,125.0,0.0,125.0,125.0,0.0,0.0,1.344086,53.0,0.0,0.0,0.0,428471.53,508.0,508.78525,508.78525,508.78525,0.0,3930.9316,1.0,1965.4658,28.0,0.0,0.0,0.0,0.0,0.0,0.0,93.0,93.0,93.0,0.0,93.0,93.0,0.0,0.00050878525,0.00025439262,0.0,0.0,0.0,125.0,109.0,93.0,16.0,256.0,17.0,0.0,0.0,125.0,1.0,93.0,1.0,1.0,1.0,125.0,93.0,0.0
1.0,3.9100647e-05,1.9550323e-05,0.0,0.0,64.0,1.0,25575.023,40.0,0.0,0.0,0.0,0.0,0.0,65535.0,0.0,74.0,74.0,74.0,0.0,74.0,74.0,0.0,0.0,1.3703704,42273.0,0.0,0.0,65535.0,3.273603e+06,39.0,39.100647,39.100647,39.100647,0.0,51150.047,1.0,25575.023,40.0,0.0,0.0,0.0,0.0,0.0,0.0,54.0,54.0,54.0,0.0,54.0,54.0,0.0,3.9100647e-05,1.9550323e-05,0.0,0.0,0.0,74.0,64.0,54.0,10.0,100.0,6.0,1.0,1.0,74.0,1.0,54.0,1.0,1.0,1.0,74.0,54.0,0.0
2.0,418.95273,209.47636,0.0,0.0,67.0,1.0,0.004773808,80.0,4.1895274e+08,4.1895274e+08,4.1895274e+08,0.0,4.1895274e+08,65535.0,0.0,74.0,74.0,74.0,0.0,74.0,74.0,0.0,0.0,1.2333333,37376.0,0.0,0.0,65535.0,0.6396903,4.1895274e+08,4.1895216e+08,1.3965091e+08,0.0,1.9749582e+08,0.009547616,1.0,0.004773808,80.0,4.1895216e+08,4.1895216e+08,4.1895216e+08,0.0,4.1895216e+08,0.0,60.0,60.0,60.0,0.0,60.0,60.0,0.0,418.95273,209.47636,0.0,0.0,0.0,74.0,67.0,60.0,7.0,49.0,6.0,2.0,2.0,148.0,2.0,120.0,2.0,2.0,2.0,148.0,120.0,0.0
1.0,1e-06,5e-07,0.0,0.0,60.0,1.0,1e+06,40.0,0.0,0.0,0.0,0.0,0.0,65535.0,0.0,60.0,60.0,60.0,0.0,60.0,60.0,0.0,0.0,1.0,50930.0,0.0,0.0,65535.0,1.2e+08,1.0,0.0,0.0,0.0,0.0,2e+06,1.0,1e+06,40.0,0.0,0.0,0.0,0.0,0.0,0.0,60.0,60.0,60.0,0.0,60.0,60.0,0.0,1e-06,5e-07,0.0,0.0,0.0,60.0,60.0,60.0,0.0,0.0,6.0,1.0,1.0,60.0,1.0,60.0,1.0,1.0,1.0,60.0,60.0,0.0
9.0,0.009161949,0.0045809746,0.0,0.0,327.9,6.0,109.14708,240.0,4796.0283,1832.3899,391.00647,1618.9572,9161.949,65535.0,1.0,328.0,111.0,66.0,97.08931,666.0,111.0,0.0,0.0,0.25487944,37874.0,0.0,2.0,65535.0,357893.28,9161.0,4278.183,1017.9943,36.95488,1280.5088,1091.4708,4.0,109.14708,160.0,4278.183,2928.6543,1636.9819,1079.0416,8785.963,1.0,2407.0,653.25,66.0,1012.5333,2613.0,653.25,0.0,0.009161949,0.0045809746,0.0,0.0,2.0,2407.0,327.9,66.0,697.36194,486313.7,6.0,0.0,2.0,666.0,6.0,2613.0,4.0,6.0,4.0,666.0,2613.0,0.0
36.0,2058.7732,1029.3866,0.0,0.0,125.725,6.0,0.0019429047,960.0,1.3357605e+09,8.951188e+07,0.0,2.8572618e+08,2.0587732e+09,65535.0,4.0,309.0,99.708336,66.0,73.3868,598.25,99.708336,0.0,0.0,0.90781486,52852.0,0.0,8.0,65535.0,2.4427168,2.0587732e+09,1.3357605e+09,5.2789056e+07,0.0,2.2379658e+08,0.019429047,4.0,0.0019429047,640.0,1.3357606e+09,1.3725152e+08,277.0424,3.4442448e+08,2.0587729e+09,4.0,453.0,164.75,66.0,166.45326,659.0,164.75,0.0,2058.7732,1029.3866,0.0,0.0,8.0,453.0,125.725,66.0,123.81175,15329.35,6.0,0.0,8.0,2393.0,24.0,2636.0,16.0,24.0,16.0,2393.0,2636.0,0.0
1.0,3.385544e-05,1.692772e-05,0.0,0.0,57.0,1.0,29537.352,40.0,0.0,0.0,0.0,0.0,0.0,65535.0,0.0,60.0,60.0,60.0,0.0,60.0,60.0,0.0,0.0,1.1111112,2146.0,0.0,0.0,65535.0,3.3672582e+06,33.0,33.85544,33.85544,33.85544,0.0,59074.703,1.0,29537.352,40.0,0.0,0.0,0.0,0.0,0.0,0.0,54.0,54.0,54.0,0.0,54.0,54.0,0.0,3.385544e-05,1.692772e-05,0.0,0.0,0.0,60.0,57.0,54.0,3.0,9.0,6.0,1.0,1.0,60.0,1.0,54.0,1.0,1.0,1.0,60.0,54.0,0.0
48.0,421.10654,210.55327,0.0,0.0,222.52,6.0,0.01187348,1200.0,4.0980995e+08,1.4520915e+07,0.0,7.47097e+07,4.2110653e+08,65535.0,10.0,834.0,149.66667,66.0,196.0747,898.0,149.66667,0.0,0.0,0.67661244,38964.0,0.0,4.0,65535.0,26.420868,4.2110653e+08,4.0980995e+08,8.594011e+06,0.0,5.791619e+07,0.1187348,4.0,0.01187348,800.0,4.098103e+08,2.2163496e+07,1727.8195,9.137721e+07,4.211064e+08,12.0,1170.0,331.8,66.0,420.64755,1327.2,331.8,0.0,421.10654,210.55327,0.0,0.0,22.0,1170.0,222.52,66.0,319.07104,101806.33,6.0,0.0,4.0,4490.0,30.0,6636.0,20.0,30.0,20.0,4490.0,6636.0,0.0
0.0,53.297657,26.648829,0.0,0.0,60.0,0.0,0.0,0.0,0.0,0.0,0.0,0.0,0.0,0.0,0.0,0.0,0.0,0.0,0.0,0.0,0.0,0.0,0.0,0.0,80.0,0.0,0.0,65535.0,7.8802714,5.3297656e+07,3.026758e+07,8.882943e+06,467383.16,1.0819764e+07,0.13133785,0.0,0.0,280.0,3.026758e+07,8.882943e+06,467383.16,1.0819764e+07,5.3297656e+07,0.0,60.0,60.0,60.0,0.0,0.0,60.0,0.0,53.297657,26.648829,0.0,0.0,0.0,60.0,60.0,60.0,0.0,0.0,6.0,1.0,6.0,0.0,0.0,420.0,7.0,0.0,7.0,0.0,420.0,0.0
1.0,1e-06,5e-07,0.0,0.0,113.0,1.0,1e+06,40.0,0.0,0.0,0.0,0.0,0.0,65535.0,1.0,113.0,113.0,113.0,0.0,113.0,113.0,0.0,0.0,0.0,3128.0,0.0,0.0,0.0,1.13e+08,1.0,0.0,0.0,0.0,0.0,1e+06,0.0,0.0,0.0,0.0,0.0,0.0,0.0,0.0,0.0,0.0,0.0,0.0,0.0,0.0,0.0,0.0,1e-06,5e-07,0.0,0.0,1.0,113.0,113.0,113.0,0.0,0.0,6.0,0.0,0.0,113.0,1.0,0.0,0.0,1.0,0.0,113.0,0.0,0.0
45.0,1808.5629,904.28143,0.0,0.0,124.38,6.0,0.002764626,1200.0,1.0155486e+09,6.2364236e+07,0.0,2.0046456e+08,1.8085628e+09,65535.0,5.0,310.0,97.46667,66.0,68.49756,584.8,97.46667,0.0,0.0,0.88740516,37438.0,0.0,10.0,65535.0,3.4386418,1.8085628e+09,1.0155486e+09,3.690945e+07,0.0,1.5723579e+08,0.02764626,4.0,0.002764626,800.0,1.015549e+09,9.518748e+07,314.95093,2.4127224e+08,1.8085622e+09,5.0,453.0,164.75,66.0,166.45326,659.0,164.75,0.0,1808.5629,904.28143,0.0,0.0,10.0,453.0,124.38,66.0,122.41044,14984.315,6.0,0.0,10.0,2924.0,30.0,3295.0,20.0,30.0,20.0,2924.0,3295.0,0.0
9.0,0.011970997,0.0059854984,0.0,0.0,85.9,5.0,83.53523,200.0,6314.039,2987.802,1239.0614,2069.1846,11951.208,65535.0,1.0,242.0,102.8,66.0,69.66893,514.0,102.8,0.0,0.0,1.489855,33523.0,0.0,2.0,65535.0,71756.766,11970.0,6314.039,1330.1107,10.01358,1956.2437,835.3523,5.0,83.53523,200.0,6680.9653,2982.4973,69.85664,2371.7058,11929.989,1.0,74.0,69.0,66.0,3.6878178,345.0,69.0,0.0,0.011970997,0.0059854984,0.0,0.0,2.0,242.0,85.9,66.0,52.146812,2719.29,6.0,0.0,2.0,514.0,5.0,345.0,5.0,5.0,5.0,514.0,345.0,0.0
0.0,1e-06,5e-07,0.0,0.0,60.0,0.0,0.0,28.0,0.0,0.0,0.0,0.0,0.0,0.0,0.0,60.0,60.0,60.0,0.0,0.0,60.0,0.0,0.0,0.0,45004.0,0.0,0.0,0.0,6e+07,1.0,0.0,0.0,0.0,0.0,1e+06,0.0,0.0,0.0,0.0,0.0,0.0,0.0,0.0,0.0,0.0,0.0,0.0,0.0,0.0,0.0,0.0,1e-06,5e-07,0.0,0.0,0.0,60.0,60.0,60.0,0.0,0.0,17.0,0.0,0.0,60.0,1.0,0.0,0.0,1.0,0.0,60.0,0.0,0.0
1.0,1e-06,5e-07,0.0,0.0,67.0,1.0,1e+06,40.0,0.0,0.0,0.0,0.0,0.0,65535.0,0.0,74.0,74.0,74.0,0.0,74.0,74.0,0.0,0.0,1.2333333,42564.0,0.0,0.0,65535.0,1.34e+08,1.0,0.0,0.0,0.0,0.0,2e+06,1.0,1e+06,40.0,0.0,0.0,0.0,0.0,0.0,0.0,60.0,60.0,60.0,0.0,60.0,60.0,0.0,1e-06,5e-07,0.0,0.0,0.0,74.0,67.0,60.0,7.0,49.0,6.0,1.0,1.0,74.0,1.0,60.0,1.0,1.0,1.0,74.0,60.0,0.0
45.0,1289.2091,644.60455,0.0,0.0,125.14,6.0,0.0038783469,1200.0,4.453009e+08,4.445549e+07,152.82631,1.240061e+08,1.2892091e+09,65535.0,5.0,311.0,98.73333,66.0,71.87857,592.4,98.73333,0.0,0.0,0.89893776,42646.0,0.0,10.0,65535.0,4.853363,1.2892091e+09,4.453009e+08,2.631039e+07,6.914139,9.786921e+07,0.03878347,4.0,0.0038783469,800.0,4.4530115e+08,6.7853096e+07,271.0819,1.4793035e+08,1.2892088e+09,5.0,453.0,164.75,66.0,166.45326,659.0,164.75,0.0,1289.2091,644.60455,0.0,0.0,10.0,453.0,125.14,66.0,123.40405,15228.561,6.0,0.0,10.0,2962.0,30.0,3295.0,20.0,30.0,20.0,2962.0,3295.0,0.0
1.0,1e-06,5e-07,0.0,0.0,67.0,1.0,1e+06,40.0,0.0,0.0,0.0,0.0,0.0,65535.0,0.0,74.0,74.0,74.0,0.0,74.0,74.0,0.0,0.0,1.2333333,57486.0,0.0,0.0,65535.0,1.34e+08,1.0,0.0,0.0,0.0,0.0,2e+06,1.0,1e+06,40.0,0.0,0.0,0.0,0.0,0.0,0.0,60.0,60.0,60.0,0.0,60.0,60.0,0.0,1e-06,5e-07,0.0,0.0,0.0,74.0,67.0,60.0,7.0,49.0,6.0,1.0,1.0,74.0,1.0,60.0,1.0,1.0,1.0,74.0,60.0,0.0
0.0,1.6251318,0.8125659,0.0,0.0,60.0,0.0,0.0,0.0,0.0,0.0,0.0,0.0,0.0,0.0,0.0,0.0,0.0,0.0,0.0,0.0,0.0,0.0,0.0,0.0,80.0,0.0,0.0,65535.0,110.76025,1.625131e+06,1.0969119e+06,812565.94,528219.94,402125.94,1.8460041,0.0,0.0,120.0,1.0969119e+06,812565.94,528219.94,402125.94,1.6251319e+06,0.0,60.0,60.0,60.0,0.0,0.0,60.0,0.0,1.6251318,0.8125659,0.0,0.0,0.0,60.0,60.0,60.0,0.0,0.0,6.0,1.0,2.0,0.0,0.0,180.0,3.0,0.0,3.0,0.0,180.0,0.0
87.0,9293.142,4646.571,0.0,0.0,421.70834,5.3333335,0.0009684562,1920.0,2.3725716e+09,1.977264e+08,0.0,5.402113e+08,9.293141e+09,65535.0,9.0,437.0,130.91667,66.0,131.61906,698.2222,130.91667,0.0,0.0,0.18374269,50078.0,0.0,18.0,65535.0,4.3563313,9.293141e+09,2.3725714e+09,9.7822536e+07,0.0,3.9262074e+08,0.010330199,5.3333335,0.0009684562,1920.0,2.3725714e+09,1.977264e+08,33.85544,5.402113e+08,9.293141e+09,12.0,3506.0,712.5,66.0,1266.4603,3800.0,712.5,0.0,9293.142,4646.571,0.0,0.0,21.0,3506.0,421.70834,66.0,946.1408,895182.44,6.0,0.0,18.0,6284.0,48.0,34200.0,48.0,48.0,48.0,6284.0,34200.0,0.0
15.0,0.012011051,0.0060055256,0.0,0.0,843.125,9.0,83.25666,360.0,6168.127,1501.3813,0.0,1968.3915,12011.051,65535.0,1.0,1311.0,205.22223,66.0,390.95944,1847.0,205.22223,0.0,0.0,0.1586361,33486.0,0.0,2.0,65535.0,1.1231324e+06,12011.0,6168.127,800.73676,0.0,1611.4059,1332.1066,7.0,83.25666,280.0,6719.8276,1971.3243,0.0,2519.743,11827.945,4.0,2962.0,1663.2858,66.0,1387.5201,11643.0,1663.2858,0.0,0.012011051,0.0060055256,0.0,0.0,5.0,2962.0,843.125,66.0,1204.7576,1.4514409e+06,6.0,0.0,2.0,1847.0,9.0,11643.0,7.0,9.0,7.0,1847.0,11643.0,0.0
0.0,1e-06,5e-07,0.0,0.0,94.0,1.0,1e+06,28.0,0.0,0.0,0.0,0.0,0.0,0.0,0.0,94.0,94.0,94.0,0.0,94.0,94.0,0.0,0.0,0.0,34986.0,0.0,0.0,0.0,9.4e+07,1.0,0.0,0.0,0.0,0.0,1e+06,0.0,0.0,0.0,0.0,0.0,0.0,0.0,0.0,0.0,0.0,0.0,0.0,0.0,0.0,0.0,0.0,1e-06,5e-07,0.0,0.0,0.0,94.0,94.0,94.0,0.0,0.0,17.0,0.0,0.0,94.0,1.0,0.0,0.0,1.0,0.0,94.0,0.0,0.0
9.0,0.0016429424,0.0008214712,0.0,0.0,132.6,0.0,0.0,240.0,457.0484,328.5885,222.92137,91.030075,1642.9424,65535.0,1.0,279.0,102.833336,66.0,86.36299,0.0,102.833336,0.0,0.0,0.8702398,36798.0,0.0,2.0,65535.0,807088.56,1642.0,324.96454,182.54916,10.01358,126.149284,6086.6406,0.0,0.0,160.0,606.06006,435.9881,172.85347,231.1114,1307.9644,1.0,503.0,177.25,66.0,217.1994,0.0,177.25,0.0,0.0016429424,0.0008214712,0.0,0.0,2.0,503.0,132.6,66.0,146.10133,21345.6,6.0,0.0,2.0,617.0,6.0,709.0,4.0,6.0,4.0,617.0,709.0,0.0
0.0,1e-06,5e-07,0.0,0.0,60.0,0.0,0.0,28.0,0.0,0.0,0.0,0.0,0.0,0.0,0.0,60.0,60.0,60.0,0.0,0.0,60.0,0.0,0.0,0.0,35403.0,0.0,0.0,0.0,6e+07,1.0,0.0,0.0,0.0,0.0,1e+06,0.0,0.0,0.0,0.0,0.0,0.0,0.0,0.0,0.0,0.0,0.0,0.0,0.0,0.0,0.0,0.0,1e-06,5e-07,0.0,0.0,0.0,60.0,60.0,60.0,0.0,0.0,17.0,0.0,0.0,60.0,1.0,0.0,0.0,1.0,0.0,60.0,0.0,0.0
0.0,0.0,0.0,0.0,0.0,60.0,0.0,0.0,56.0,0.0,0.0,0.0,0.0,0.0,0.0,0.0,60.0,60.0,60.0,0.0,0.0,60.0,0.0,0.0,0.0,19789.0,0.0,0.0,0.0,0.0,0.0,0.0,0.0,0.0,0.0,0.0,0.0,0.0,0.0,0.0,0.0,0.0,0.0,0.0,0.0,0.0,0.0,0.0,0.0,0.0,0.0,0.0,0.0,0.0,0.0,0.0,0.0,60.0,60.0,60.0,0.0,0.0,17.0,0.0,0.0,120.0,2.0,0.0,0.0,2.0,0.0,120.0,0.0,0.0
9.0,0.0038199425,0.0019099712,0.0,0.0,69.0,6.0,261.78406,240.0,2331.0186,763.9885,0.0,852.5869,3819.9424,65535.0,1.0,74.0,68.5,66.0,3.5472994,411.0,68.5,0.0,0.0,1.4731183,40642.0,0.0,2.0,65535.0,180631.0,3819.0,2331.0186,424.43805,0.0,703.05835,2617.8406,4.0,261.78406,160.0,2967.1191,1130.0245,67.949295,1304.2975,3390.0737,1.0,74.0,69.75,66.0,3.7666297,279.0,69.75,0.0,0.0038199425,0.0019099712,0.0,0.0,2.0,74.0,69.0,66.0,3.6878178,13.6,6.0,0.0,2.0,411.0,6.0,279.0,4.0,6.0,4.0,411.0,279.0,0.0
4.0,23.410994,11.705497,0.0,0.0,58.0,0.0,0.0,0.0,0.0,0.0,0.0,0.0,0.0,0.0,0.0,0.0,0.0,0.0,0.0,0.0,0.0,0.0,0.0,0.0,5465.0,0.0,0.0,65535.0,9.909874,2.3410992e+07,2.0385294e+07,7.8036645e+06,1.006336e+06,1.0907777e+07,0.1708599,0.0,0.0,160.0,2.0385294e+07,7.8036645e+06,1.006336e+06,1.0907777e+07,2.3410994e+07,0.0,58.0,58.0,58.0,0.0,0.0,58.0,0.0,23.410994,11.705497,0.0,0.0,0.0,58.0,58.0,58.0,0.0,0.0,6.0,0.0,4.0,0.0,0.0,232.0,4.0,0.0,4.0,0.0,232.0,0.0
1.0,1e-06,5e-07,0.0,0.0,54.0,0.0,0.0,0.0,0.0,0.0,0.0,0.0,0.0,0.0,0.0,0.0,0.0,0.0,0.0,0.0,0.0,0.0,0.0,0.0,55581.0,0.0,0.0,65535.0,5.4e+07,1.0,0.0,0.0,0.0,0.0,1e+06,0.0,0.0,40.0,0.0,0.0,0.0,0.0,0.0,0.0,54.0,54.0,54.0,0.0,0.0,54.0,0.0,1e-06,5e-07,0.0,0.0,0.0,54.0,54.0,54.0,0.0,0.0,6.0,1.0,0.0,0.0,0.0,54.0,1.0,0.0,1.0,0.0,54.0,0.0
13.0,0.005032778,0.002516389,0.0,0.0,97.5,7.0,198.69743,280.0,1627.9221,838.7963,315.9046,543.27893,5032.778,65535.0,1.0,272.0,96.57143,66.0,71.671585,676.0,96.57143,0.0,0.0,0.9811321,54748.0,0.0,2.0,65535.0,271222.0,5032.0,1627.9221,387.13675,0.0,499.05807,2781.764,7.0,198.69743,280.0,1748.8003,838.7963,149.96529,554.80566,5032.778,4.0,173.0,98.42857,66.0,34.512344,689.0,98.42857,0.0,0.005032778,0.002516389,0.0,0.0,5.0,272.0,97.5,66.0,56.256744,3164.8215,6.0,0.0,2.0,676.0,7.0,689.0,7.0,7.0,7.0,676.0,689.0,0.0
8.0,0.02116704,0.01058352,0.0,0.0,81.5,4.0,47.243263,160.0,10833.025,6313.642,0.0,4600.9517,18940.926,65535.0,2.0,100.0,84.75,66.0,15.0229,339.0,84.75,0.0,0.0,0.71218485,22.0,0.0,1.0,65535.0,38503.258,21167.0,10079.1455,2351.8933,0.0,3598.887,472.43262,6.0,47.243263,240.0,10079.1455,4233.408,200.98686,3976.2666,21167.04,1.0,150.0,79.333336,54.0,32.138588,476.0,79.333336,0.0,0.02116704,0.01058352,0.0,0.0,3.0,150.0,81.5,54.0,26.77779,717.05,6.0,1.0,2.0,339.0,4.0,476.0,6.0,4.0,6.0,339.0,476.0,0.0
7.0,0.049853086,0.024926543,0.0,0.0,68.125,3.0,20.058939,120.0,48194.887,24330.496,466.10834,23864.389,48660.992,65535.0,0.0,74.0,68.666664,66.0,3.7712362,206.0,68.666664,0.0,0.0,0.6076696,443.0,0.0,2.0,65535.0,10932.121,49853.0,47549.965,7121.8696,24.080276,16508.787,160.47151,5.0,20.058939,200.0,47549.965,12463.271,59.127808,20262.234,49853.086,1.0,74.0,67.8,66.0,3.1241,339.0,67.8,0.0,0.049853086,0.024926543,0.0,0.0,1.0,74.0,68.125,66.0,3.4072533,11.609375,6.0,0.0,2.0,206.0,3.0,339.0,5.0,3.0,5.0,206.0,339.0,0.0
0.0,1e-06,5e-07,0.0,0.0,60.0,0.0,0.0,28.0,0.0,0.0,0.0,0.0,0.0,0.0,0.0,60.0,60.0,60.0,0.0,0.0,60.0,0.0,0.0,0.0,169.0,0.0,0.0,0.0,6e+07,1.0,0.0,0.0,0.0,0.0,1e+06,0.0,0.0,0.0,0.0,0.0,0.0,0.0,0.0,0.0,0.0,0.0,0.0,0.0,0.0,0.0,0.0,1e-06,5e-07,0.0,0.0,0.0,60.0,60.0,60.0,0.0,0.0,17.0,0.0,0.0,60.0,1.0,0.0,0.0,1.0,0.0,60.0,0.0,0.0
0.0,1e-06,5e-07,0.0,0.0,60.0,0.0,0.0,0.0,0.0,0.0,0.0,0.0,0.0,0.0,0.0,0.0,0.0,0.0,0.0,0.0,0.0,0.0,0.0,0.0,1311.0,0.0,0.0,65535.0,6e+07,1.0,0.0,0.0,0.0,0.0,1e+06,0.0,0.0,40.0,0.0,0.0,0.0,0.0,0.0,0.0,60.0,60.0,60.0,0.0,0.0,60.0,0.0,1e-06,5e-07,0.0,0.0,0.0,60.0,60.0,60.0,0.0,0.0,6.0,0.0,1.0,0.0,0.0,60.0,1.0,0.0,1.0,0.0,60.0,0.0
1.0,0.00030303,0.000151515,0.0,0.0,60.0,0.0,0.0,40.0,0.0,0.0,0.0,0.0,0.0,65535.0,0.0,60.0,60.0,60.0,0.0,0.0,60.0,0.0,0.0,1.0,5877.0,0.0,0.0,65535.0,396000.38,303.0,303.03003,303.03003,303.03003,0.0,6600.0063,0.0,0.0,40.0,0.0,0.0,0.0,0.0,0.0,0.0,60.0,60.0,60.0,0.0,0.0,60.0,0.0,0.00030303,0.000151515,0.0,0.0,0.0,60.0,60.0,60.0,0.0,0.0,6.0,1.0,1.0,60.0,1.0,60.0,1.0,1.0,1.0,60.0,60.0,0.0
9.0,0.0018260479,0.00091302395,0.0,0.0,445.2,5.0,547.63074,200.0,782.01294,454.4854,0.0,309.18893,1817.9417,65535.0,1.0,402.0,134.8,66.0,133.63593,674.0,134.8,0.0,0.0,0.17840128,38142.0,0.0,2.0,65535.0,2.4380522e+06,1826.0,691.89075,202.89421,0.0,234.4401,5476.3076,5.0,547.63074,200.0,808.9542,451.98203,166.17775,235.83125,1807.9281,1.0,3506.0,755.6,66.0,1375.2035,3778.0,755.6,0.0,0.0018260479,0.00091302395,0.0,0.0,2.0,3506.0,445.2,66.0,1025.1194,1.0508698e+06,6.0,0.0,2.0,674.0,5.0,3778.0,5.0,5.0,5.0,674.0,3778.0,0.0
14.0,0.104733944,0.052366972,0.0,0.0,110.86667,7.0,9.548003,280.0,100884.914,17379.324,349.0448,37345.83,104275.945,65535.0,3.0,334.0,117.28571,66.0,91.93587,821.0,117.28571,0.0,0.0,0.9750594,53660.0,0.0,2.0,65535.0,15878.329,104733.0,58341.027,7480.996,0.0,17792.014,143.22005,8.0,9.548003,320.0,58341.027,14943.565,151.87263,23079.215,104604.96,2.0,368.0,105.25,66.0,99.34756,842.0,105.25,0.0,0.104733944,0.052366972,0.0,0.0,5.0,368.0,110.86667,66.0,96.14771,9244.382,6.0,0.0,2.0,821.0,7.0,842.0,8.0,7.0,8.0,821.0,842.0,0.0
1.0,1e-06,5e-07,0.0,0.0,113.0,1.0,1e+06,40.0,0.0,0.0,0.0,0.0,0.0,65535.0,1.0,113.0,113.0,113.0,0.0,113.0,113.0,0.0,0.0,0.0,3128.0,0.0,0.0,0.0,1.13e+08,1.0,0.0,0.0,0.0,0.0,1e+06,0.0,0.0,0.0,0.0,0.0,0.0,0.0,0.0,0.0,0.0,0.0,0.0,0.0,0.0,0.0,0.0,1e-06,5e-07,0.0,0.0,1.0,113.0,113.0,113.0,0.0,0.0,6.0,0.0,0.0,113.0,1.0,0.0,0.0,1.0,0.0,113.0,0.0,0.0
1.0,1e-06,5e-07,0.0,0.0,113.0,1.0,1e+06,40.0,0.0,0.0,0.0,0.0,0.0,65535.0,1.0,113.0,113.0,113.0,0.0,113.0,113.0,0.0,0.0,0.0,8080.0,0.0,0.0,0.0,1.13e+08,1.0,0.0,0.0,0.0,0.0,1e+06,0.0,0.0,0.0,0.0,0.0,0.0,0.0,0.0,0.0,0.0,0.0,0.0,0.0,0.0,0.0,0.0,1e-06,5e-07,0.0,0.0,1.0,113.0,113.0,113.0,0.0,0.0,6.0,0.0,0.0,113.0,1.0,0.0,0.0,1.0,0.0,113.0,0.0,0.0
21.0,0.067099094,0.033549547,0.0,0.0,225.59091,11.0,14.903331,440.0,43228.15,6709.9097,0.0,12442.33,67099.09,65535.0,6.0,1634.0,227.54546,66.0,445.2585,2503.0,227.54546,0.0,0.0,1.0174797,46986.0,0.0,2.0,65535.0,73965.234,67099.0,42948.96,3195.195,0.0,9085.751,327.8733,11.0,14.903331,440.0,44820.785,6675.6963,158.07152,12948.997,66756.96,5.0,1146.0,223.63637,66.0,324.4002,2460.0,223.63637,0.0,0.067099094,0.033549547,0.0,0.0,11.0,1634.0,225.59091,66.0,389.54993,151749.16,6.0,0.0,2.0,2503.0,11.0,2460.0,11.0,11.0,11.0,2503.0,2460.0,0.0
0.0,1e-06,5e-07,0.0,0.0,60.0,0.0,0.0,28.0,0.0,0.0,0.0,0.0,0.0,0.0,0.0,60.0,60.0,60.0,0.0,0.0,60.0,0.0,0.0,0.0,42639.0,0.0,0.0,0.0,6e+07,1.0,0.0,0.0,0.0,0.0,1e+06,0.0,0.0,0.0,0.0,0.0,0.0,0.0,0.0,0.0,0.0,0.0,0.0,0.0,0.0,0.0,0.0,1e-06,5e-07,0.0,0.0,0.0,60.0,60.0,60.0,0.0,0.0,17.0,0.0,0.0,60.0,1.0,0.0,0.0,1.0,0.0,60.0,0.0,0.0
13.0,0.003968954,0.001984477,0.0,0.0,110.14286,7.0,251.95555,280.0,1266.9563,655.3332,0.0,433.94666,3931.9993,65535.0,3.0,334.0,109.42857,66.0,91.92366,766.0,109.42857,0.0,0.0,0.9871134,57652.0,0.0,2.0,65535.0,388515.47,3968.0,787.0197,305.30417,0.0,293.58685,3527.3777,7.0,251.95555,280.0,1487.9703,656.9624,75.81711,463.7175,3941.7744,2.0,368.0,110.85714,66.0,105.01623,776.0,110.85714,0.0,0.003968954,0.001984477,0.0,0.0,5.0,368.0,110.14286,66.0,98.68989,9739.694,6.0,0.0,2.0,766.0,7.0,776.0,7.0,7.0,7.0,766.0,776.0,0.0
21.0,9.997424,4.998712,0.0,0.0,224.90909,5.0,0.20005153,400.0,9.933603e+06,1.1107439e+06,140.90538,3.1193775e+06,9.996695e+06,65535.0,5.0,1146.0,239.4,66.0,336.19287,1197.0,239.4,0.0,0.0,0.9373532,22.0,0.0,2.0,65535.0,494.9275,9.997423e+06,9.889922e+06,476067.8,14.066696,2.105036e+06,2.200567,6.0,0.20005153,480.0,9.889922e+06,908856.7,164.03198,2.840113e+06,9.997424e+06,6.0,1602.0,212.83333,66.0,419.47623,1277.0,212.83333,0.0,9.997424,4.998712,0.0,0.0,11.0,1602.0,224.90909,66.0,384.09454,147528.62,6.0,0.0,2.0,2394.0,10.0,2554.0,12.0,10.0,12.0,2394.0,2554.0,0.0
72.0,2187.949,1093.9745,0.0,0.0,123.625,6.0,0.0036563925,1920.0,5.2175968e+08,4.6552104e+07,0.0,1.2948102e+08,2.1879488e+09,65535.0,8.0,308.0,96.208336,66.0,65.57151,577.25,96.208336,0.0,0.0,0.8759484,55486.0,0.0,16.0,65535.0,4.5202155,2.1879488e+09,5.2175968e+08,2.7695556e+07,0.0,1.024527e+08,0.036563925,4.0,0.0036563925,1280.0,5.2176086e+08,7.0578984e+07,248.909,1.5402178e+08,2.1879485e+09,8.0,453.0,164.75,66.0,166.45326,659.0,164.75,0.0,2187.949,1093.9745,0.0,0.0,16.0,453.0,123.625,66.0,121.613976,14789.959,6.0,0.0,16.0,4618.0,48.0,5272.0,32.0,48.0,32.0,4618.0,5272.0,0.0
0.0,1e-06,5e-07,0.0,0.0,94.0,1.0,1e+06,28.0,0.0,0.0,0.0,0.0,0.0,0.0,0.0,94.0,94.0,94.0,0.0,94.0,94.0,0.0,0.0,0.0,53.0,0.0,0.0,0.0,9.4e+07,1.0,0.0,0.0,0.0,0.0,1e+06,0.0,0.0,0.0,0.0,0.0,0.0,0.0,0.0,0.0,0.0,0.0,0.0,0.0,0.0,0.0,0.0,1e-06,5e-07,0.0,0.0,0.0,94.0,94.0,94.0,0.0,0.0,17.0,0.0,0.0,94.0,1.0,0.0,0.0,1.0,0.0,94.0,0.0,0.0
11.0,0.006102085,0.0030510426,0.0,0.0,1106.0834,7.0,163.8784,280.0,4568.8154,1017.01416,0.0,1602.1013,6102.085,65535.0,1.0,1358.0,251.71428,66.0,451.64767,1762.0,251.71428,0.0,0.0,0.15307097,42423.0,0.0,2.0,65535.0,2.175158e+06,6102.0,4568.8154,554.735,0.0,1277.3998,1966.5409,5.0,163.8784,200.0,5146.0264,1376.2712,41.96167,2177.8687,5505.085,3.0,4410.0,2302.2,66.0,1944.8912,11511.0,2302.2,0.0,0.006102085,0.0030510426,0.0,0.0,4.0,4410.0,1106.0834,66.0,1648.3328,2.7170008e+06,6.0,0.0,2.0,1762.0,7.0,11511.0,5.0,7.0,5.0,1762.0,11511.0,0.0
11.0,3.743932,1.871966,0.0,0.0,371.5,3.0,0.53419775,240.0,3.7258158e+06,748778.0,636.10077,1.4885252e+06,3.74389e+06,65535.0,1.0,276.0,102.333336,66.0,77.72101,307.0,102.333336,0.0,0.0,0.15972945,37792.0,0.0,2.0,65535.0,1190.7268,3.743932e+06,3.7258158e+06,340357.47,41.96167,1.0705819e+06,3.2051864,3.0,0.53419775,240.0,3.728014e+06,748762.8,56.028366,1.489635e+06,3.743814e+06,2.0,2962.0,640.6667,66.0,1056.8322,1922.0,640.6667,0.0,3.743932,1.871966,0.0,0.0,3.0,2962.0,371.5,66.0,796.18976,633918.06,6.0,0.0,2.0,614.0,6.0,3844.0,6.0,6.0,6.0,614.0,3844.0,0.0
0.0,1e-06,5e-07,0.0,0.0,60.0,0.0,0.0,28.0,0.0,0.0,0.0,0.0,0.0,0.0,0.0,60.0,60.0,60.0,0.0,0.0,60.0,0.0,0.0,0.0,50263.0,0.0,0.0,0.0,6e+07,1.0,0.0,0.0,0.0,0.0,1e+06,0.0,0.0,0.0,0.0,0.0,0.0,0.0,0.0,0.0,0.0,0.0,0.0,0.0,0.0,0.0,0.0,1e-06,5e-07,0.0,0.0,0.0,60.0,60.0,60.0,0.0,0.0,17.0,0.0,0.0,60.0,1.0,0.0,0.0,1.0,0.0,60.0,0.0,0.0
0.0,0.00061011314,0.00030505657,0.0,0.0,126.0,1.0,1639.0403,28.0,0.0,0.0,0.0,0.0,0.0,0.0,0.0,158.0,158.0,158.0,0.0,158.0,158.0,0.0,0.0,1.6808511,53.0,0.0,0.0,0.0,413038.16,610.0,610.11316,610.11316,610.11316,0.0,3278.0806,1.0,1639.0403,28.0,0.0,0.0,0.0,0.0,0.0,0.0,94.0,94.0,94.0,0.0,94.0,94.0,0.0,0.00061011314,0.00030505657,0.0,0.0,0.0,158.0,126.0,94.0,32.0,1024.0,17.0,0.0,0.0,158.0,1.0,94.0,1.0,1.0,1.0,158.0,94.0,0.0
9.0,0.009874105,0.0049370527,0.0,0.0,86.1,5.0,101.274994,200.0,3015.0413,2346.7542,1178.0262,726.22485,9387.017,65535.0,1.0,244.0,103.2,66.0,70.46815,516.0,103.2,0.0,0.0,1.4956522,33251.0,0.0,2.0,65535.0,87197.77,9874.0,3015.0413,1097.1228,56.98204,1070.126,1012.75,5.0,101.274994,200.0,4728.0786,2454.2808,62.942505,2045.0848,9817.123,1.0,74.0,69.0,66.0,3.6878178,345.0,69.0,0.0,0.009874105,0.0049370527,0.0,0.0,2.0,244.0,86.1,66.0,52.74552,2782.09,6.0,0.0,2.0,516.0,5.0,345.0,5.0,5.0,5.0,516.0,345.0,0.0
9.0,5.014482,2.507241,0.0,0.0,389.2,1.3333334,0.5982672,160.0,4.0013368e+06,1.6706796e+06,0.0,1.6988921e+06,5.012039e+06,65535.0,0.0,74.0,68.0,66.0,3.4641016,90.666664,68.0,0.0,0.0,0.07513812,9092.0,0.0,2.0,65535.0,776.152,5.014482e+06,4.000141e+06,557164.7,0.0,1.257353e+06,1.994224,2.0,0.5982672,240.0,4.000304e+06,1.0028964e+06,0.0,1.5488461e+06,5.014482e+06,2.0,3084.0,603.3333,66.0,1111.6976,1206.6666,603.3333,0.0,5.014482,2.507241,0.0,0.0,2.0,3084.0,389.2,66.0,900.1707,810307.4,6.0,0.0,2.0,272.0,4.0,3620.0,6.0,4.0,6.0,272.0,3620.0,0.0
1.0,0.00022411346,0.00011205673,0.0,0.0,60.0,1.0,4462.0254,40.0,0.0,0.0,0.0,0.0,0.0,65535.0,0.0,60.0,60.0,60.0,0.0,60.0,60.0,0.0,0.0,1.0,2052.0,0.0,0.0,65535.0,535443.06,224.0,224.11346,224.11346,224.11346,0.0,8924.051,1.0,4462.0254,40.0,0.0,0.0,0.0,0.0,0.0,0.0,60.0,60.0,60.0,0.0,60.0,60.0,0.0,0.00022411346,0.00011205673,0.0,0.0,0.0,60.0,60.0,60.0,0.0,0.0,6.0,1.0,1.0,60.0,1.0,60.0,1.0,1.0,1.0,60.0,60.0,0.0
9.0,4.983511,2.4917555,0.0,0.0,329.6,2.0,0.4013235,160.0,4.954675e+06,1.6607414e+06,7179.022,2.329169e+06,4.982224e+06,65535.0,0.0,74.0,68.0,66.0,3.4641016,136.0,68.0,0.0,0.0,0.08994709,25.0,0.0,2.0,65535.0,661.3811,4.98351e+06,4.952612e+06,553723.44,28.133392,1.555253e+06,2.0066175,3.0,0.4013235,240.0,4.953412e+06,996702.2,1313.9248,1.9783669e+06,4.983511e+06,2.0,2578.0,504.0,66.0,928.3326,1512.0,504.0,0.0,4.983511,2.4917555,0.0,0.0,2.0,2578.0,329.6,66.0,750.1391,562708.6,6.0,0.0,2.0,272.0,4.0,3024.0,6.0,4.0,6.0,272.0,3024.0,0.0
0.0,1239.6726,619.8363,0.0,0.0,94.666664,0.0,0.0,84.0,1.161117e+09,6.198363e+08,7.8555544e+07,7.654866e+08,1.2396726e+09,0.0,0.0,96.0,94.666664,93.0,1.5275252,0.0,94.666664,0.0,0.0,0.0,58639.0,0.0,0.0,0.0,0.22909275,1.2396726e+09,1.161117e+09,6.198363e+08,7.8555544e+07,7.654866e+08,0.0024199937,0.0,0.0,0.0,0.0,0.0,0.0,0.0,0.0,0.0,0.0,0.0,0.0,0.0,0.0,0.0,0.0,1239.6726,619.8363,0.0,0.0,0.0,96.0,94.666664,93.0,1.5275252,2.3333333,17.0,0.0,0.0,284.0,3.0,0.0,0.0,3.0,0.0,284.0,0.0,0.0
14.0,0.10392904,0.05196452,0.0,0.0,110.333336,7.0,9.621949,280.0,100329.164,17314.99,387.90704,37126.05,103889.945,65535.0,3.0,334.0,116.14286,66.0,91.68335,813.0,116.14286,0.0,0.0,0.9655582,36208.0,0.0,2.0,65535.0,15924.326,103929.0,58740.14,7423.503,20.980835,17749.125,144.32924,8.0,9.621949,320.0,58761.12,14838.7295,117.06352,23000.244,103871.11,2.0,368.0,105.25,66.0,99.34756,842.0,105.25,0.0,0.10392904,0.05196452,0.0,0.0,5.0,368.0,110.333336,66.0,96.00116,9216.223,6.0,0.0,2.0,813.0,7.0,842.0,8.0,7.0,8.0,813.0,842.0,0.0
9.0,0.0024688244,0.0012344122,0.0,0.0,111.7,0.0,200.0,0.0,1323.9384,608.2058,0.0,550.70514,2432.8232,65535.0,1.0,301.0,114.6,66.0,104.25833,0.0,114.6,0.0,0.0,1.0533088,56220.0,0.0,2.0,65535.0,452442.06,2468.0,1323.9384,274.3138,0.0,445.11014,4050.511,0.0,200.0,0.0,1642.9424,613.451,53.8826,738.9959,2453.804,1.0,272.0,108.8,66.0,91.29732,0.0,108.8,0.0,0.0024688244,0.0012344122,0.0,0.0,2.0,301.0,111.7,66.0,92.43863,8544.9,6.0,0.0,2.0,573.0,5.0,544.0,5.0,5.0,5.0,573.0,544.0,0.0
11.0,0.0014059544,0.0007029772,0.0,0.0,76.333336,7.0,711.2606,280.0,520.9446,234.32573,0.0,192.88487,1405.9543,65535.0,3.0,131.0,82.0,66.0,23.512915,574.0,82.0,0.0,0.0,1.6783626,48834.0,0.0,2.0,65535.0,651514.75,1405.0,332.11707,127.81403,0.0,119.49174,8535.128,5.0,711.2606,200.0,577.21136,279.54578,36.001205,208.48239,1118.1831,1.0,74.0,68.4,66.0,3.2,342.0,68.4,0.0,0.0014059544,0.0007029772,0.0,0.0,4.0,131.0,76.333336,66.0,19.2801,371.72223,6.0,0.0,2.0,574.0,7.0,342.0,5.0,7.0,5.0,574.0,342.0,0.0
0.0,1e-06,5e-07,0.0,0.0,60.0,0.0,0.0,28.0,0.0,0.0,0.0,0.0,0.0,0.0,0.0,60.0,60.0,60.0,0.0,0.0,60.0,0.0,0.0,0.0,36405.0,0.0,0.0,0.0,6e+07,1.0,0.0,0.0,0.0,0.0,1e+06,0.0,0.0,0.0,0.0,0.0,0.0,0.0,0.0,0.0,0.0,0.0,0.0,0.0,0.0,0.0,0.0,1e-06,5e-07,0.0,0.0,0.0,60.0,60.0,60.0,0.0,0.0,17.0,0.0,0.0,60.0,1.0,0.0,0.0,1.0,0.0,60.0,0.0,0.0
20.0,603.2927,301.64636,0.0,0.0,407.5909,5.5,0.0033151403,440.0,6.0323565e+08,6.0329268e+07,0.0,1.809688e+08,6.032927e+08,65535.0,2.0,395.0,122.27273,66.0,116.233376,672.5,122.27273,0.0,0.0,0.17646287,36286.0,0.0,4.0,65535.0,14.863431,6.0329274e+08,6.0323565e+08,2.8728226e+07,0.0,1.2846376e+08,0.036466543,5.5,0.0033151403,440.0,6.0323565e+08,6.0329268e+07,40.05432,1.809688e+08,6.032927e+08,3.0,3506.0,692.9091,66.0,1213.3093,3811.0,692.9091,0.0,603.2927,301.64636,0.0,0.0,5.0,3506.0,407.5909,66.0,907.86633,824221.3,6.0,0.0,4.0,1345.0,11.0,7622.0,11.0,11.0,11.0,1345.0,7622.0,0.0
7.0,4.998928,2.499464,0.0,0.0,72.125,1.5,0.40008578,120.0,4.997345e+06,2.4992745e+06,1204.0138,2.4980705e+06,4.998549e+06,65535.0,0.0,74.0,68.666664,66.0,3.7712362,103.0,68.666664,0.0,0.0,0.55525607,143.0,0.0,2.0,65535.0,115.42474,4.998928e+06,4.996177e+06,714132.56,15.974045,1.7481374e+06,1.6003431,2.5,0.40008578,200.0,4.996688e+06,1.249732e+06,391.96014,2.1633062e+06,4.998928e+06,1.0,99.0,74.2,66.0,12.781237,185.5,74.2,0.0,4.998928,2.499464,0.0,0.0,1.0,99.0,72.125,66.0,10.705577,114.609375,6.0,0.0,2.0,206.0,3.0,371.0,5.0,3.0,5.0,206.0,371.0,0.0
1.0,0.0007519722,0.0003759861,0.0,0.0,67.0,1.0,1329.8364,40.0,0.0,0.0,0.0,0.0,0.0,65535.0,0.0,74.0,74.0,74.0,0.0,74.0,74.0,0.0,0.0,1.2333333,45578.0,0.0,0.0,65535.0,178198.08,751.0,751.97217,751.97217,751.97217,0.0,2659.6729,1.0,1329.8364,40.0,0.0,0.0,0.0,0.0,0.0,0.0,60.0,60.0,60.0,0.0,60.0,60.0,0.0,0.0007519722,0.0003759861,0.0,0.0,0.0,74.0,67.0,60.0,7.0,49.0,6.0,1.0,1.0,74.0,1.0,60.0,1.0,1.0,1.0,74.0,60.0,0.0
0.0,0.00017118454,8.559227e-05,0.0,0.0,100.0,1.0,5841.649,28.0,0.0,0.0,0.0,0.0,0.0,0.0,0.0,92.0,92.0,92.0,0.0,92.0,92.0,0.0,0.0,0.8518519,37510.0,0.0,0.0,0.0,1.1683298e+06,171.0,171.18454,171.18454,171.18454,0.0,11683.298,1.0,5841.649,28.0,0.0,0.0,0.0,0.0,0.0,0.0,108.0,108.0,108.0,0.0,108.0,108.0,0.0,0.00017118454,8.559227e-05,0.0,0.0,0.0,108.0,100.0,92.0,8.0,64.0,17.0,0.0,0.0,92.0,1.0,108.0,1.0,1.0,1.0,92.0,108.0,0.0
0.0,2854.9502,1427.4751,0.0,0.0,94.333336,1.0,0.0010508064,84.0,2.3233006e+09,1.4274751e+09,5.316497e+08,8.958254e+08,2.8549501e+09,0.0,0.0,96.0,94.333336,93.0,1.2472191,94.333336,94.333336,0.0,0.0,0.0,47815.0,0.0,0.0,0.0,0.09912607,2.8549501e+09,2.3233006e+09,1.4274751e+09,5.316497e+08,8.958254e+08,0.0010508064,0.0,0.0,0.0,0.0,0.0,0.0,0.0,0.0,0.0,0.0,0.0,0.0,0.0,0.0,0.0,0.0,2854.9502,1427.4751,0.0,0.0,0.0,96.0,94.333336,93.0,1.2472191,1.5555556,17.0,0.0,0.0,283.0,3.0,0.0,0.0,3.0,0.0,283.0,0.0,0.0
18.0,173.68884,86.84442,0.0,0.0,120.55,6.0,0.011514844,480.0,1.736837e+08,1.5789895e+07,0.0,4.9930404e+07,1.7368885e+08,65535.0,2.0,210.0,91.083336,66.0,52.595085,546.5,91.083336,0.0,0.0,0.8292868,38274.0,0.0,4.0,65535.0,13.881145,1.7368885e+08,1.736837e+08,9.141518e+06,0.0,3.8782964e+07,0.11514844,4.0,0.011514844,320.0,1.7368394e+08,2.4812606e+07,339.03122,6.0776464e+07,1.7368824e+08,2.0,453.0,164.75,66.0,166.45326,659.0,164.75,0.0,173.68884,86.84442,0.0,0.0,4.0,453.0,120.55,66.0,118.510956,14044.848,6.0,0.0,4.0,1093.0,12.0,1318.0,8.0,12.0,8.0,1093.0,1318.0,0.0
0.0,1e-06,5e-07,0.0,0.0,60.0,0.0,0.0,28.0,0.0,0.0,0.0,0.0,0.0,0.0,0.0,60.0,60.0,60.0,0.0,0.0,60.0,0.0,0.0,0.0,36979.0,0.0,0.0,0.0,6e+07,1.0,0.0,0.0,0.0,0.0,1e+06,0.0,0.0,0.0,0.0,0.0,0.0,0.0,0.0,0.0,0.0,0.0,0.0,0.0,0.0,0.0,0.0,1e-06,5e-07,0.0,0.0,0.0,60.0,60.0,60.0,0.0,0.0,17.0,0.0,0.0,60.0,1.0,0.0,0.0,1.0,0.0,60.0,0.0,0.0
0.0,0.0003950596,0.0001975298,0.0,0.0,138.0,1.0,2531.2637,28.0,0.0,0.0,0.0,0.0,0.0,0.0,0.0,92.0,92.0,92.0,0.0,92.0,92.0,0.0,0.0,0.5,53263.0,0.0,0.0,0.0,698628.8,395.0,395.05957,395.05957,395.05957,0.0,5062.5273,1.0,2531.2637,28.0,0.0,0.0,0.0,0.0,0.0,0.0,184.0,184.0,184.0,0.0,184.0,184.0,0.0,0.0003950596,0.0001975298,0.0,0.0,0.0,184.0,138.0,92.0,46.0,2116.0,17.0,0.0,0.0,92.0,1.0,184.0,1.0,1.0,1.0,92.0,184.0,0.0
22.0,0.02347207,0.011736035,0.0,0.0,80.21739,12.0,42.603825,480.0,6199.1216,2106.6448,0.0,1718.8298,23173.094,65535.0,8.0,117.0,85.333336,66.0,15.595583,1024.0,85.333336,0.0,0.0,1.2472595,21.0,0.0,2.0,65535.0,78604.055,23472.0,3454.9236,1066.9124,0.0,1224.9901,979.888,11.0,42.603825,440.0,6362.915,2263.713,20.02716,2144.0073,22637.129,6.0,95.0,74.63636,66.0,9.650932,821.0,74.63636,0.0,0.02347207,0.011736035,0.0,0.0,14.0,117.0,80.21739,66.0,14.142002,199.99622,6.0,0.0,2.0,1024.0,12.0,821.0,11.0,12.0,11.0,1024.0,821.0,0.0
11.0,0.00243783,0.001218915,0.0,0.0,1010.0,7.0,410.20087,280.0,925.77936,406.305,0.0,356.12454,2437.83,65535.0,1.0,205.0,87.0,66.0,48.25231,609.0,87.0,0.0,0.0,0.052905917,12280.0,0.0,2.0,65535.0,4.9716345e+06,2437.0,759.84,221.62091,0.0,231.7326,4922.4106,5.0,410.20087,200.0,787.9734,407.9938,44.107437,273.21616,1631.9752,2.0,7306.0,2302.2,66.0,2928.59,11511.0,2302.2,0.0,0.00243783,0.001218915,0.0,0.0,3.0,7306.0,1010.0,66.0,2183.4968,4.767659e+06,6.0,0.0,2.0,609.0,7.0,11511.0,5.0,7.0,5.0,609.0,11511.0,0.0
15.0,1.0051689,0.50258446,0.0,0.0,241.0,4.5,1.9897153,360.0,1.00124906e+06,125646.12,0.0,330947.06,1.00516894e+06,65535.0,1.0,2760.0,366.22223,66.0,846.3319,1648.0,366.22223,0.0,0.0,5.885714,44791.0,0.0,2.0,65535.0,3836.1711,1.005168e+06,1.000705e+06,67011.26,0.0,249540.36,15.917723,3.5,1.9897153,280.0,1.000983e+06,167316.67,174.99924,372827.2,1.00390006e+06,4.0,100.0,80.0,66.0,11.513967,280.0,80.0,0.0,1.0051689,0.50258446,0.0,0.0,5.0,2760.0,241.0,66.0,650.4806,423125.0,6.0,0.0,2.0,3296.0,9.0,560.0,7.0,9.0,7.0,3296.0,560.0,0.0
9.0,0.005494833,0.0027474165,0.0,0.0,239.1,6.0,181.98915,240.0,3727.9128,1098.9666,0.0,1336.6714,5494.833,65535.0,1.0,166.0,84.0,66.0,36.787678,504.0,84.0,0.0,0.0,0.26709062,45799.0,0.0,2.0,65535.0,435136.06,5494.0,3211.0215,610.537,0.0,945.27026,1819.8915,4.0,181.98915,160.0,3211.0215,1660.3469,669.9562,1110.4628,4981.041,1.0,1681.0,471.75,66.0,698.16846,1887.0,471.75,0.0,0.005494833,0.0027474165,0.0,0.0,2.0,1681.0,239.1,66.0,481.53058,231871.69,6.0,0.0,2.0,504.0,6.0,1887.0,4.0,6.0,4.0,504.0,1887.0,0.0
7.0,0.007748127,0.0038740635,0.0,0.0,69.44444,3.0,129.06345,120.0,3893.137,3411.0547,2928.9722,482.08237,6822.1094,65535.0,1.0,86.0,75.333336,66.0,8.219218,226.0,75.333336,0.0,0.0,0.566416,21.0,0.0,0.0,65535.0,80664.66,7748.0,3030.0618,968.51587,0.0,1025.628,1161.571,6.0,129.06345,240.0,3030.0618,1549.6254,0.0,1229.9285,7748.127,1.0,74.0,66.5,60.0,4.0722637,399.0,66.5,0.0,0.007748127,0.0038740635,0.0,0.0,2.0,86.0,69.44444,60.0,7.1353755,50.91358,6.0,2.0,2.0,226.0,3.0,399.0,6.0,3.0,6.0,226.0,399.0,0.0
18.0,413.16522,206.58261,0.0,0.0,438.6,5.0,0.0048406785,400.0,4.1316086e+08,4.5907244e+07,0.0,1.2984377e+08,4.131652e+08,65535.0,2.0,339.0,121.6,66.0,107.25316,608.0,121.6,0.0,0.0,0.1609317,34434.0,0.0,4.0,65535.0,21.231216,4.1316522e+08,4.1316083e+08,2.1745538e+07,0.0,9.225747e+07,0.048406783,5.0,0.0048406785,400.0,4.1316086e+08,4.5907244e+07,61.98883,1.2984376e+08,4.131652e+08,2.0,3506.0,755.6,66.0,1375.2035,3778.0,755.6,0.0,413.16522,206.58261,0.0,0.0,4.0,3506.0,438.6,66.0,1025.5891,1.051833e+06,6.0,0.0,4.0,1216.0,10.0,7556.0,10.0,10.0,10.0,1216.0,7556.0,0.0
1.0,2.193451e-05,1.0967255e-05,0.0,0.0,64.0,1.0,45590.26,40.0,0.0,0.0,0.0,0.0,0.0,65535.0,0.0,74.0,74.0,74.0,0.0,74.0,74.0,0.0,0.0,1.3703704,49392.0,0.0,0.0,65535.0,5.8355535e+06,21.0,21.93451,21.93451,21.93451,0.0,91180.52,1.0,45590.26,40.0,0.0,0.0,0.0,0.0,0.0,0.0,54.0,54.0,54.0,0.0,54.0,54.0,0.0,2.193451e-05,1.0967255e-05,0.0,0.0,0.0,74.0,64.0,54.0,10.0,100.0,6.0,1.0,1.0,74.0,1.0,54.0,1.0,1.0,1.0,74.0,54.0,0.0
0.0,1e-06,5e-07,0.0,0.0,60.0,0.0,0.0,0.0,0.0,0.0,0.0,0.0,0.0,0.0,0.0,0.0,0.0,0.0,0.0,0.0,0.0,0.0,0.0,0.0,895.0,0.0,0.0,65535.0,6e+07,1.0,0.0,0.0,0.0,0.0,1e+06,0.0,0.0,40.0,0.0,0.0,0.0,0.0,0.0,0.0,60.0,60.0,60.0,0.0,0.0,60.0,0.0,1e-06,5e-07,0.0,0.0,0.0,60.0,60.0,60.0,0.0,0.0,6.0,0.0,1.0,0.0,0.0,60.0,1.0,0.0,1.0,0.0,60.0,0.0
1.0,1e-06,5e-07,0.0,0.0,54.0,0.0,0.0,0.0,0.0,0.0,0.0,0.0,0.0,0.0,0.0,0.0,0.0,0.0,0.0,0.0,0.0,0.0,0.0,0.0,49039.0,0.0,0.0,65535.0,5.4e+07,1.0,0.0,0.0,0.0,0.0,1e+06,0.0,0.0,40.0,0.0,0.0,0.0,0.0,0.0,0.0,54.0,54.0,54.0,0.0,0.0,54.0,0.0,1e-06,5e-07,0.0,0.0,0.0,54.0,54.0,54.0,0.0,0.0,6.0,1.0,0.0,0.0,0.0,54.0,1.0,0.0,1.0,0.0,54.0,0.0
0.0,1e-06,5e-07,0.0,0.0,96.0,1.0,1e+06,28.0,0.0,0.0,0.0,0.0,0.0,0.0,0.0,96.0,96.0,96.0,0.0,96.0,96.0,0.0,0.0,0.0,53.0,0.0,0.0,0.0,9.6e+07,1.0,0.0,0.0,0.0,0.0,1e+06,0.0,0.0,0.0,0.0,0.0,0.0,0.0,0.0,0.0,0.0,0.0,0.0,0.0,0.0,0.0,0.0,1e-06,5e-07,0.0,0.0,0.0,96.0,96.0,96.0,0.0,0.0,17.0,0.0,0.0,96.0,1.0,0.0,0.0,1.0,0.0,96.0,0.0,0.0
0.0,200.14069,100.07034,0.0,0.0,129.0,1.0,0.009992971,56.0,2.0014069e+08,2.0014069e+08,2.0014069e+08,0.0,2.0014069e+08,0.0,0.0,108.0,104.5,101.0,3.5,104.5,104.5,0.0,0.0,0.6807818,43603.0,0.0,0.0,0.0,2.5781865,2.0014069e+08,2.0014002e+08,6.671356e+07,0.0,9.4346744e+07,0.019985942,1.0,0.009992971,56.0,2.0014002e+08,2.0014002e+08,2.0014002e+08,0.0,2.0014002e+08,0.0,174.0,153.5,133.0,20.5,153.5,153.5,0.0,200.14069,100.07034,0.0,0.0,0.0,174.0,129.0,101.0,28.574465,816.5,17.0,0.0,0.0,209.0,2.0,307.0,2.0,2.0,2.0,209.0,307.0,0.0
9.0,0.0034852028,0.0017426014,0.0,0.0,77.0,5.0,286.92734,200.0,2189.8748,868.7973,291.10907,767.4399,3475.1892,65535.0,1.0,119.0,78.2,66.0,20.633953,391.0,78.2,0.0,0.0,1.0316622,57296.0,0.0,2.0,65535.0,220934.06,3485.0,1708.0308,387.24475,10.01358,500.621,2869.2734,5.0,286.92734,200.0,1708.0308,863.7905,110.86464,578.2609,3455.162,1.0,107.0,75.8,66.0,15.9047165,379.0,75.8,0.0,0.0034852028,0.0017426014,0.0,0.0,2.0,119.0,77.0,66.0,18.46077,340.8,6.0,0.0,2.0,391.0,5.0,379.0,5.0,5.0,5.0,391.0,379.0,0.0
1.0,1e-06,5e-07,0.0,0.0,113.0,1.0,1e+06,40.0,0.0,0.0,0.0,0.0,0.0,65535.0,1.0,113.0,113.0,113.0,0.0,113.0,113.0,0.0,0.0,0.0,8000.0,0.0,0.0,0.0,1.13e+08,1.0,0.0,0.0,0.0,0.0,1e+06,0.0,0.0,0.0,0.0,0.0,0.0,0.0,0.0,0.0,0.0,0.0,0.0,0.0,0.0,0.0,0.0,1e-06,5e-07,0.0,0.0,1.0,113.0,113.0,113.0,0.0,0.0,6.0,0.0,0.0,113.0,1.0,0.0,0.0,1.0,0.0,113.0,0.0,0.0
9.0,0.0023329258,0.0011664629,0.0,0.0,132.2,6.0,428.6463,240.0,766.99255,466.58514,0.0,276.60397,2332.9258,65535.0,1.0,275.0,102.166664,66.0,77.348595,613.0,102.166664,0.0,0.0,0.86459804,13302.0,0.0,2.0,65535.0,566670.4,2332.0,723.12354,259.214,0.0,226.7707,4286.463,4.0,428.6463,160.0,1338.9587,648.6575,259.161,489.45782,1945.9724,1.0,503.0,177.25,66.0,188.1002,709.0,177.25,0.0,0.0023329258,0.0011664629,0.0,0.0,2.0,503.0,132.2,66.0,138.18596,19095.36,6.0,0.0,2.0,613.0,6.0,709.0,4.0,6.0,4.0,613.0,709.0,0.0
1.0,0.0004181862,0.0002090931,0.0,0.0,60.0,1.0,2391.2793,40.0,0.0,0.0,0.0,0.0,0.0,65535.0,0.0,60.0,60.0,60.0,0.0,60.0,60.0,0.0,0.0,1.0,59118.0,0.0,0.0,65535.0,286953.53,418.0,418.1862,418.1862,418.1862,0.0,4782.5586,1.0,2391.2793,40.0,0.0,0.0,0.0,0.0,0.0,0.0,60.0,60.0,60.0,0.0,60.0,60.0,0.0,0.0004181862,0.0002090931,0.0,0.0,0.0,60.0,60.0,60.0,0.0,0.0,6.0,1.0,1.0,60.0,1.0,60.0,1.0,1.0,1.0,60.0,60.0,0.0
0.0,0.0004980564,0.0002490282,0.0,0.0,141.0,1.0,2007.8047,28.0,0.0,0.0,0.0,0.0,0.0,0.0,0.0,108.0,108.0,108.0,0.0,108.0,108.0,0.0,0.0,0.62068963,59709.0,0.0,0.0,0.0,566200.94,498.0,498.0564,498.0564,498.0564,0.0,4015.6094,1.0,2007.8047,28.0,0.0,0.0,0.0,0.0,0.0,0.0,174.0,174.0,174.0,0.0,174.0,174.0,0.0,0.0004980564,0.0002490282,0.0,0.0,0.0,174.0,141.0,108.0,33.0,1089.0,17.0,0.0,0.0,108.0,1.0,174.0,1.0,1.0,1.0,108.0,174.0,0.0
0.0,1e-06,5e-07,0.0,0.0,60.0,0.0,0.0,28.0,0.0,0.0,0.0,0.0,0.0,0.0,0.0,60.0,60.0,60.0,0.0,0.0,60.0,0.0,0.0,0.0,4590.0,0.0,0.0,0.0,6e+07,1.0,0.0,0.0,0.0,0.0,1e+06,0.0,0.0,0.0,0.0,0.0,0.0,0.0,0.0,0.0,0.0,0.0,0.0,0.0,0.0,0.0,0.0,1e-06,5e-07,0.0,0.0,0.0,60.0,60.0,60.0,0.0,0.0,17.0,0.0,0.0,60.0,1.0,0.0,0.0,1.0,0.0,60.0,0.0,0.0
1.0,1.1920929e-06,5.9604645e-07,0.0,0.0,67.0,1.0,838860.8,40.0,0.0,0.0,0.0,0.0,0.0,65535.0,0.0,74.0,74.0,74.0,0.0,74.0,74.0,0.0,0.0,1.2333333,54365.0,0.0,0.0,65535.0,1.1240734e+08,1.0,1.1920929,1.1920929,1.1920929,0.0,1.6777216e+06,1.0,838860.8,40.0,0.0,0.0,0.0,0.0,0.0,0.0,60.0,60.0,60.0,0.0,60.0,60.0,0.0,1.1920929e-06,5.9604645e-07,0.0,0.0,0.0,74.0,67.0,60.0,7.0,49.0,6.0,1.0,1.0,74.0,1.0,60.0,1.0,1.0,1.0,74.0,60.0,0.0
18.0,239.27075,119.635376,0.0,0.0,211.3,6.0,0.008358732,480.0,2.3925712e+08,2.1751888e+07,0.9536743,6.878119e+07,2.3927075e+08,65535.0,2.0,288.0,103.333336,66.0,79.99306,620.0,103.333336,0.0,0.0,0.41527125,44731.0,0.0,4.0,65535.0,17.661999,2.3927075e+08,2.3925712e+08,1.2593198e+07,0.9536743,5.34252e+07,0.08358731,4.0,0.008358732,320.0,2.3925875e+08,3.418145e+07,201.94054,8.3722456e+07,2.3927014e+08,2.0,1681.0,373.25,66.0,563.1453,1493.0,373.25,0.0,239.27075,119.635376,0.0,0.0,4.0,1681.0,211.3,66.0,384.93845,148177.61,6.0,0.0,4.0,1240.0,12.0,2986.0,8.0,12.0,8.0,1240.0,2986.0,0.0
0.0,1e-06,5e-07,0.0,0.0,60.0,0.0,0.0,28.0,0.0,0.0,0.0,0.0,0.0,0.0,0.0,60.0,60.0,60.0,0.0,0.0,60.0,0.0,0.0,0.0,34252.0,0.0,0.0,0.0,6e+07,1.0,0.0,0.0,0.0,0.0,1e+06,0.0,0.0,0.0,0.0,0.0,0.0,0.0,0.0,0.0,0.0,0.0,0.0,0.0,0.0,0.0,0.0,1e-06,5e-07,0.0,0.0,0.0,60.0,60.0,60.0,0.0,0.0,17.0,0.0,0.0,60.0,1.0,0.0,0.0,1.0,0.0,60.0,0.0,0.0
18.0,1920.1569,960.0784,0.0,0.0,125.8,4.0,0.0010415815,320.0,1.920137e+09,2.7430803e+08,0.0,6.719069e+08,1.9201562e+09,65535.0,2.0,503.0,177.25,66.0,188.1002,709.0,177.25,0.0,0.0,1.2914389,80.0,0.0,4.0,65535.0,1.3103096,1.9201569e+09,1.9201357e+09,1.0106089e+08,0.0,4.2876006e+08,0.010415816,6.0,0.0010415815,480.0,1.9201357e+09,1.7455971e+08,107.04994,5.519996e+08,1.9201569e+09,2.0,268.0,91.5,66.0,58.36166,549.0,91.5,0.0,1920.1569,960.0784,0.0,0.0,4.0,503.0,125.8,66.0,134.01888,17961.06,6.0,0.0,4.0,1418.0,8.0,1098.0,12.0,8.0,12.0,1418.0,1098.0,0.0
9.0,0.004406929,0.0022034645,0.0,0.0,227.6,6.0,226.91539,240.0,2680.0632,881.3858,166.893,927.196,4406.929,65535.0,1.0,316.0,109.0,66.0,92.61929,654.0,109.0,0.0,0.0,0.40320593,51920.0,0.0,2.0,65535.0,516459.4,4406.0,2148.1514,489.65878,6.914139,616.04803,2269.1538,4.0,226.91539,160.0,2148.1514,1369.3969,735.0445,585.86505,4108.1904,1.0,1416.0,405.5,66.0,583.4216,1622.0,405.5,0.0,0.004406929,0.0022034645,0.0,0.0,2.0,1416.0,227.6,66.0,402.98666,162398.23,6.0,0.0,2.0,654.0,6.0,1622.0,4.0,6.0,4.0,654.0,1622.0,0.0
6.0,0.009575129,0.0047875643,0.0,0.0,71.42857,4.0,104.43724,160.0,6825.924,3191.7095,900.03015,2598.8271,9575.129,65535.0,0.0,74.0,68.0,66.0,3.4641016,272.0,68.0,0.0,0.0,1.1929824,39928.0,0.0,1.0,65535.0,52218.62,9575.0,6825.924,1595.8547,90.83748,2361.9294,731.06067,3.0,104.43724,120.0,1627.2068,859.02216,90.83748,768.1847,1718.0443,1.0,88.0,76.0,66.0,9.092121,228.0,76.0,0.0,0.009575129,0.0047875643,0.0,0.0,1.0,88.0,71.42857,66.0,7.613093,57.959183,6.0,1.0,2.0,272.0,4.0,228.0,3.0,4.0,3.0,272.0,228.0,0.0
11.0,0.002516985,0.0012584925,0.0,0.0,77.666664,7.0,397.30075,280.0,759.12476,419.4975,221.9677,174.61557,2516.9849,65535.0,3.0,147.0,84.28571,66.0,28.42893,590.0,84.28571,0.0,0.0,1.7251462,35324.0,0.0,2.0,65535.0,370284.3,2516.0,446.08115,228.81682,13.113022,140.59473,4767.609,5.0,397.30075,200.0,1153.9459,535.2497,131.13022,387.91202,2140.9988,1.0,74.0,68.4,66.0,3.2,342.0,68.4,0.0,0.002516985,0.0012584925,0.0,0.0,4.0,147.0,77.666664,66.0,23.17446,537.05554,6.0,0.0,2.0,590.0,7.0,342.0,5.0,7.0,5.0,590.0,342.0,0.0
0.0,0.0009338856,0.0004669428,0.0,0.0,117.0,1.0,1070.795,28.0,0.0,0.0,0.0,0.0,0.0,0.0,0.0,101.0,101.0,101.0,0.0,101.0,101.0,0.0,0.0,0.7593985,44621.0,0.0,0.0,0.0,250566.03,933.0,933.88556,933.88556,933.88556,0.0,2141.59,1.0,1070.795,28.0,0.0,0.0,0.0,0.0,0.0,0.0,133.0,133.0,133.0,0.0,133.0,133.0,0.0,0.0009338856,0.0004669428,0.0,0.0,0.0,133.0,117.0,101.0,16.0,256.0,17.0,0.0,0.0,101.0,1.0,133.0,1.0,1.0,1.0,101.0,133.0,0.0
0.0,0.047084093,0.023542047,0.0,0.0,175.0,1.0,21.238596,28.0,0.0,0.0,0.0,0.0,0.0,0.0,0.0,215.0,215.0,215.0,0.0,215.0,215.0,0.0,0.0,1.5925926,53.0,0.0,0.0,0.0,7433.5083,47084.0,47084.094,47084.094,47084.094,0.0,42.477192,1.0,21.238596,28.0,0.0,0.0,0.0,0.0,0.0,0.0,135.0,135.0,135.0,0.0,135.0,135.0,0.0,0.047084093,0.023542047,0.0,0.0,0.0,215.0,175.0,135.0,40.0,1600.0,17.0,0.0,0.0,215.0,1.0,135.0,1.0,1.0,1.0,215.0,135.0,0.0
0.0,1e-06,5e-07,0.0,0.0,60.0,0.0,0.0,0.0,0.0,0.0,0.0,0.0,0.0,0.0,0.0,0.0,0.0,0.0,0.0,0.0,0.0,0.0,0.0,0.0,10025.0,0.0,0.0,65535.0,6e+07,1.0,0.0,0.0,0.0,0.0,1e+06,0.0,0.0,40.0,0.0,0.0,0.0,0.0,0.0,0.0,60.0,60.0,60.0,0.0,0.0,60.0,0.0,1e-06,5e-07,0.0,0.0,0.0,60.0,60.0,60.0,0.0,0.0,6.0,0.0,1.0,0.0,0.0,60.0,1.0,0.0,1.0,0.0,60.0,0.0
0.0,10.00086,5.00043,0.0,0.0,109.0,1.0,0.0999914,28.0,0.0,0.0,0.0,0.0,0.0,0.0,0.0,101.0,101.0,101.0,0.0,101.0,101.0,0.0,0.0,0.8632479,51570.0,0.0,0.0,0.0,21.798126,1.0000859e+07,1.000086e+07,1.000086e+07,1.000086e+07,0.0,0.1999828,1.0,0.0999914,28.0,0.0,0.0,0.0,0.0,0.0,0.0,117.0,117.0,117.0,0.0,117.0,117.0,0.0,10.00086,5.00043,0.0,0.0,0.0,117.0,109.0,101.0,8.0,64.0,17.0,0.0,0.0,101.0,1.0,117.0,1.0,1.0,1.0,101.0,117.0,0.0
1.0,1e-06,5e-07,0.0,0.0,60.0,0.0,0.0,0.0,0.0,0.0,0.0,0.0,0.0,0.0,0.0,0.0,0.0,0.0,0.0,0.0,0.0,0.0,0.0,0.0,42006.0,0.0,0.0,65535.0,6e+07,1.0,0.0,0.0,0.0,0.0,1e+06,0.0,0.0,40.0,0.0,0.0,0.0,0.0,0.0,0.0,60.0,60.0,60.0,0.0,0.0,60.0,0.0,1e-06,5e-07,0.0,0.0,0.0,60.0,60.0,60.0,0.0,0.0,6.0,1.0,0.0,0.0,0.0,60.0,1.0,0.0,1.0,0.0,60.0,0.0
70.0,1921.1486,960.5743,0.0,0.0,119.5641,5.875,0.0041641756,1880.0,6.9510835e+08,4.17641e+07,0.0,1.3148257e+08,1.9211485e+09,65535.0,8.0,376.0,95.893616,66.0,70.65807,563.375,95.893616,0.0,0.0,0.9352563,40616.0,0.0,16.0,65535.0,4.8543878,1.9211485e+09,6.9510835e+08,2.4949982e+07,0.0,1.03668744e+08,0.040600713,3.875,0.0041641756,1240.0,6.951087e+08,6.4038268e+07,184.05914,1.5837112e+08,1.921148e+09,7.0,453.0,155.45161,66.0,160.72874,602.375,155.45161,0.0,1921.1486,960.5743,0.0,0.0,15.0,453.0,119.5641,66.0,118.84892,14125.066,6.0,0.0,16.0,4507.0,47.0,4819.0,31.0,47.0,31.0,4507.0,4819.0,0.0
0.0,1.2110169,0.60550845,0.0,0.0,60.0,0.0,0.0,56.0,1.2110169e+06,1.2110169e+06,1.2110169e+06,0.0,1.2110169e+06,0.0,0.0,60.0,60.0,60.0,0.0,0.0,60.0,0.0,0.0,0.0,58921.0,0.0,0.0,0.0,99.09028,1.211016e+06,1.2110169e+06,1.2110169e+06,1.2110169e+06,0.0,1.6515046,0.0,0.0,0.0,0.0,0.0,0.0,0.0,0.0,0.0,0.0,0.0,0.0,0.0,0.0,0.0,0.0,1.2110169,0.60550845,0.0,0.0,0.0,60.0,60.0,60.0,0.0,0.0,17.0,0.0,0.0,120.0,2.0,0.0,0.0,2.0,0.0,120.0,0.0,0.0
0.0,1869.2037,934.60187,0.0,0.0,94.0,1.0,0.0016049615,84.0,1.7899917e+09,9.3460186e+08,7.921209e+07,8.5538976e+08,1.8692037e+09,0.0,0.0,96.0,94.0,93.0,1.4142135,94.0,94.0,0.0,0.0,0.0,47971.0,0.0,0.0,0.0,0.15086637,1.8692037e+09,1.7899917e+09,9.3460186e+08,7.921209e+07,8.5538976e+08,0.0016049615,0.0,0.0,0.0,0.0,0.0,0.0,0.0,0.0,0.0,0.0,0.0,0.0,0.0,0.0,0.0,0.0,1869.2037,934.60187,0.0,0.0,0.0,96.0,94.0,93.0,1.4142135,2.0,17.0,0.0,0.0,282.0,3.0,0.0,0.0,3.0,0.0,282.0,0.0,0.0
0.0,1e-06,5e-07,0.0,0.0,60.0,0.0,0.0,28.0,0.0,0.0,0.0,0.0,0.0,0.0,0.0,60.0,60.0,60.0,0.0,0.0,60.0,0.0,0.0,0.0,55396.0,0.0,0.0,0.0,6e+07,1.0,0.0,0.0,0.0,0.0,1e+06,0.0,0.0,0.0,0.0,0.0,0.0,0.0,0.0,0.0,0.0,0.0,0.0,0.0,0.0,0.0,0.0,1e-06,5e-07,0.0,0.0,0.0,60.0,60.0,60.0,0.0,0.0,17.0,0.0,0.0,60.0,1.0,0.0,0.0,1.0,0.0,60.0,0.0,0.0
31.0,10.79951,5.399755,0.0,0.0,74.454544,4.25,0.37038717,680.0,3.616992e+06,674968.4,382.90024,1.2555102e+06,1.0799494e+07,65535.0,7.0,84.0,71.588234,66.0,6.2030244,304.25,71.588234,0.0,0.0,0.98145163,37196.0,0.0,1.0,65535.0,227.51031,1.079951e+07,3.573862e+06,337484.7,10.967255,935406.7,3.055694,4.0,0.37038717,640.0,3.573862e+06,719963.7,79.870224,1.2624102e+06,1.0799455e+07,7.0,100.0,77.5,54.0,14.603082,310.0,77.5,0.0,10.79951,5.399755,0.0,0.0,14.0,100.0,74.454544,54.0,11.486728,131.9449,6.0,1.0,2.0,1217.0,17.0,1240.0,16.0,17.0,16.0,1217.0,1240.0,0.0
0.0,2.5880609,1.2940304,0.0,0.0,109.0,1.0,0.38638967,28.0,0.0,0.0,0.0,0.0,0.0,0.0,0.0,101.0,101.0,101.0,0.0,101.0,101.0,0.0,0.0,0.8632479,38064.0,0.0,0.0,0.0,84.23295,2.58806e+06,2.5880608e+06,2.5880608e+06,2.5880608e+06,0.0,0.77277935,1.0,0.38638967,28.0,0.0,0.0,0.0,0.0,0.0,0.0,117.0,117.0,117.0,0.0,117.0,117.0,0.0,2.5880609,1.2940304,0.0,0.0,0.0,117.0,109.0,101.0,8.0,64.0,17.0,0.0,0.0,101.0,1.0,117.0,1.0,1.0,1.0,101.0,117.0,0.0
18.0,347.04648,173.52324,0.0,0.0,170.0,5.5,0.005762917,440.0,3.4702976e+08,3.470465e+07,0.0,1.04108376e+08,3.470465e+08,65535.0,2.0,288.0,106.181816,66.0,81.613075,584.0,106.181816,0.0,0.0,0.5232975,41107.0,0.0,4.0,65535.0,9.796959,3.470465e+08,3.4702976e+08,1.8265604e+07,0.0,7.7490456e+07,0.057629168,4.5,0.005762917,360.0,3.4703046e+08,4.338076e+07,92.02957,1.1476879e+08,3.4704608e+08,2.0,1681.0,248.0,66.0,506.65417,1116.0,248.0,0.0,347.04648,173.52324,0.0,0.0,4.0,1681.0,170.0,66.0,352.35706,124155.5,6.0,0.0,4.0,1168.0,11.0,2232.0,9.0,11.0,9.0,1168.0,2232.0,0.0
13.0,1.0150192,0.5075096,0.0,0.0,180.57143,8.0,0.9852031,320.0,952508.2,145002.73,0.0,330066.25,1.0150192e+06,65535.0,1.0,1564.0,254.25,66.0,495.0459,2034.0,254.25,0.0,0.0,4.1174088,55473.0,0.0,2.0,65535.0,2490.5933,1.015019e+06,951879.0,78078.4,0.0,252573.3,13.792843,3.0,1.9704062,240.0,1.000787e+06,202892.2,97.03636,398963.22,1.01446106e+06,4.0,100.0,82.333336,66.0,10.79609,247.0,82.333336,0.0,1.0150192,0.5075096,0.0,0.0,5.0,1564.0,180.57143,66.0,383.83362,147328.25,6.0,0.0,2.0,2034.0,8.0,494.0,6.0,8.0,6.0,2034.0,494.0,0.0
0.0,0.00055098534,0.00027549267,0.0,0.0,187.5,1.0,1814.9303,28.0,0.0,0.0,0.0,0.0,0.0,0.0,0.0,242.0,242.0,242.0,0.0,242.0,242.0,0.0,0.0,1.8195488,53.0,0.0,0.0,0.0,680598.9,550.0,550.98535,550.98535,550.98535,0.0,3629.8606,1.0,1814.9303,28.0,0.0,0.0,0.0,0.0,0.0,0.0,133.0,133.0,133.0,0.0,133.0,133.0,0.0,0.00055098534,0.00027549267,0.0,0.0,0.0,242.0,187.5,133.0,54.5,2970.25,17.0,0.0,0.0,242.0,1.0,133.0,1.0,1.0,1.0,242.0,133.0,0.0
6.0,0.0013551712,0.0006775856,0.0,0.0,74.0,5.0,737.9141,200.0,514.98413,223.51743,0.0,228.62325,894.0697,65535.0,1.0,92.0,70.4,60.0,11.959933,352.0,70.4,0.0,0.0,1.1210191,22.0,0.0,1.0,65535.0,491450.8,1355.0,461.10153,169.3964,0.0,171.51988,6641.2275,4.0,737.9141,160.0,501.15585,335.0576,181.19812,130.90857,1005.1727,1.0,108.0,78.5,66.0,17.342146,314.0,78.5,0.0,0.0013551712,0.0006775856,0.0,0.0,2.0,108.0,74.0,60.0,15.143756,229.33333,6.0,2.0,2.0,352.0,5.0,314.0,4.0,5.0,4.0,352.0,314.0,0.0
7.0,44.521107,22.260553,0.0,0.0,58.0,0.0,0.0,0.0,0.0,0.0,0.0,0.0,0.0,0.0,0.0,0.0,0.0,0.0,0.0,0.0,0.0,0.0,0.0,0.0,57227.0,0.0,0.0,65535.0,9.11927,4.4521104e+07,2.213918e+07,7.420184e+06,1.01840994e+06,7.785158e+06,0.1572288,0.0,0.0,280.0,2.213918e+07,7.420184e+06,1.01840994e+06,7.785158e+06,4.4521104e+07,0.0,58.0,58.0,58.0,0.0,0.0,58.0,0.0,44.521107,22.260553,0.0,0.0,0.0,58.0,58.0,58.0,0.0,0.0,6.0,0.0,7.0,0.0,0.0,406.0,7.0,0.0,7.0,0.0,406.0,0.0
20.0,0.06819892,0.03409946,0.0,0.0,233.19048,11.0,14.662989,440.0,43026.926,6819.892,339.03122,12401.535,68198.92,65535.0,6.0,1634.0,227.54546,66.0,445.2585,2503.0,227.54546,0.0,0.0,1.0455304,48690.0,0.0,2.0,65535.0,71804.66,68198.0,42549.848,3409.946,20.980835,9220.556,307.92276,10.0,14.662989,400.0,44445.04,7535.8813,116.10985,13348.339,67822.93,5.0,1146.0,239.4,66.0,336.19287,2394.0,239.4,0.0,0.06819892,0.03409946,0.0,0.0,11.0,1634.0,233.19048,66.0,397.12054,157704.72,6.0,0.0,2.0,2503.0,11.0,2394.0,10.0,11.0,10.0,2503.0,2394.0,0.0
19.0,0.01196599,0.005982995,0.0,0.0,343.0909,10.0,83.57018,400.0,5156.9937,1254.7705,0.0,1615.7561,11292.935,65535.0,5.0,1600.0,330.7,66.0,453.7246,3307.0,330.7,0.0,0.0,0.77976894,443.0,0.0,2.0,65535.0,630787.75,11965.0,5156.9937,569.809,0.0,1096.465,1838.5441,12.0,83.57018,480.0,5156.9937,1087.8173,0.0,1416.9348,11965.99,5.0,2636.0,353.41666,60.0,704.5474,4241.0,353.41666,0.0,0.01196599,0.005982995,0.0,0.0,10.0,2636.0,343.0909,60.0,603.7052,364460.0,6.0,2.0,2.0,3307.0,10.0,4241.0,12.0,10.0,12.0,3307.0,4241.0,0.0
12.0,0.007514,0.003757,0.0,0.0,93.46154,7.0,133.08492,280.0,5242.1094,1252.3334,0.0,1800.9634,7514.0,65535.0,2.0,142.0,83.71429,66.0,27.368982,586.0,83.71429,0.0,0.0,0.9316375,42448.0,0.0,2.0,65535.0,161698.17,7513.0,5020.1416,626.1667,0.0,1334.0459,1730.1038,6.0,133.08492,240.0,5137.205,1438.3793,178.81393,1871.3866,7191.8965,3.0,177.0,104.833336,66.0,46.609787,629.0,104.833336,0.0,0.007514,0.003757,0.0,0.0,5.0,177.0,93.46154,66.0,38.946938,1516.8639,6.0,0.0,2.0,586.0,7.0,629.0,6.0,7.0,6.0,586.0,629.0,0.0
70.0,2004.3817,1002.19086,0.0,0.0,116.57692,5.75,0.003991256,1840.0,6.840584e+08,4.4541816e+07,0.0,1.3614246e+08,2.0043817e+09,65535.0,8.0,351.0,98.86957,66.0,77.14487,568.5,98.86957,0.0,0.0,1.0006601,43758.0,0.0,16.0,65535.0,4.536561,2.0043817e+09,6.840584e+08,2.603093e+07,0.0,1.0636665e+08,0.038914744,4.0,0.003991256,1280.0,6.840587e+08,6.465746e+07,0.0,1.6001475e+08,2.0043812e+09,7.0,453.0,142.03125,66.0,149.61942,568.125,142.03125,0.0,2004.3817,1002.19086,0.0,0.0,15.0,453.0,116.57692,66.0,114.64935,13144.475,6.0,0.0,16.0,4548.0,46.0,4545.0,32.0,46.0,32.0,4548.0,4545.0,0.0
0.0,0.0002090931,0.00010454655,0.0,0.0,134.0,1.0,4782.5586,28.0,0.0,0.0,0.0,0.0,0.0,0.0,0.0,101.0,101.0,101.0,0.0,101.0,101.0,0.0,0.0,0.6047904,42403.0,0.0,0.0,0.0,1.2817258e+06,209.0,209.0931,209.0931,209.0931,0.0,9565.117,1.0,4782.5586,28.0,0.0,0.0,0.0,0.0,0.0,0.0,167.0,167.0,167.0,0.0,167.0,167.0,0.0,0.0002090931,0.00010454655,0.0,0.0,0.0,167.0,134.0,101.0,33.0,1089.0,17.0,0.0,0.0,101.0,1.0,167.0,1.0,1.0,1.0,101.0,167.0,0.0
8.0,0.0047221184,0.0023610592,0.0,0.0,178.88889,5.0,211.76936,200.0,2848.1484,1180.5295,317.0967,981.0664,4722.118,65535.0,1.0,583.0,171.0,66.0,206.0233,855.0,171.0,0.0,0.0,1.1324503,55740.0,0.0,1.0,65535.0,340948.7,4722.0,2848.1484,590.2648,18.835068,868.62054,1905.9243,4.0,211.76936,160.0,939.84607,463.32678,136.13701,344.6849,1389.9803,1.0,549.0,188.75,66.0,208.01607,755.0,188.75,0.0,0.0047221184,0.0023610592,0.0,0.0,2.0,583.0,178.88889,66.0,207.09924,42890.098,6.0,1.0,2.0,855.0,5.0,755.0,4.0,5.0,4.0,855.0,755.0,0.0
11.0,0.010961056,0.005480528,0.0,0.0,279.0,7.0,91.232086,280.0,9403.944,1826.8427,0.0,3399.106,10961.056,65535.0,1.0,2509.0,416.14285,66.0,854.4098,2913.0,416.14285,0.0,0.0,6.696552,48817.0,0.0,2.0,65535.0,305445.03,10961.0,8347.034,996.4596,0.0,2348.768,1094.785,5.0,91.232086,200.0,8347.034,2646.4463,11.920929,3322.0796,10585.785,2.0,129.0,87.0,66.0,24.429491,435.0,87.0,0.0,0.010961056,0.005480528,0.0,0.0,3.0,2509.0,279.0,66.0,672.62384,452422.84,6.0,0.0,2.0,2913.0,7.0,435.0,5.0,7.0,5.0,2913.0,435.0,0.0
44.0,2365.7932,1182.8966,0.0,0.0,80.21739,11.0,0.0008453824,880.0,2.365738e+09,1.12656824e+08,0.0,5.038043e+08,2.3657933e+09,65535.0,12.0,95.0,74.63636,66.0,9.650932,821.0,74.63636,0.0,0.0,0.8017578,44690.0,0.0,4.0,65535.0,1.5597305,2.3657933e+09,2.365738e+09,5.2573184e+07,0.0,3.4872272e+08,0.019443795,12.0,0.0008453824,960.0,2.365738e+09,1.0286058e+08,27.179718,4.824471e+08,2.3657933e+09,16.0,117.0,85.333336,66.0,15.595583,1024.0,85.333336,0.0,2365.7932,1182.8966,0.0,0.0,28.0,117.0,80.21739,66.0,14.142002,199.99622,6.0,0.0,4.0,1642.0,22.0,2048.0,24.0,22.0,24.0,1642.0,2048.0,0.0
9.0,0.008147955,0.0040739775,0.0,0.0,247.7,6.0,122.73019,240.0,3695.0112,1629.591,233.17337,1422.6594,8147.955,65535.0,1.0,252.0,98.333336,66.0,68.78388,590.0,98.333336,0.0,0.0,0.3126656,40065.0,0.0,2.0,65535.0,304002.66,8147.0,3274.9175,905.3283,20.02716,1204.3066,1227.3019,4.0,122.73019,160.0,3274.9175,2543.6877,1166.1052,974.71405,7631.0635,1.0,1681.0,471.75,66.0,698.16846,1887.0,471.75,0.0,0.008147955,0.0040739775,0.0,0.0,2.0,1681.0,247.7,66.0,480.9158,231280.02,6.0,0.0,2.0,590.0,6.0,1887.0,4.0,6.0,4.0,590.0,1887.0,0.0
0.0,1e-06,5e-07,0.0,0.0,60.0,0.0,0.0,28.0,0.0,0.0,0.0,0.0,0.0,0.0,0.0,60.0,60.0,60.0,0.0,0.0,60.0,0.0,0.0,0.0,29466.0,0.0,0.0,0.0,6e+07,1.0,0.0,0.0,0.0,0.0,1e+06,0.0,0.0,0.0,0.0,0.0,0.0,0.0,0.0,0.0,0.0,0.0,0.0,0.0,0.0,0.0,0.0,1e-06,5e-07,0.0,0.0,0.0,60.0,60.0,60.0,0.0,0.0,17.0,0.0,0.0,60.0,1.0,0.0,0.0,1.0,0.0,60.0,0.0,0.0
0.0,1e-06,5e-07,0.0,0.0,1449.0,0.0,0.0,0.0,0.0,0.0,0.0,0.0,0.0,0.0,0.0,0.0,0.0,0.0,0.0,0.0,0.0,0.0,0.0,0.0,7444.0,0.0,0.0,0.0,1.449e+09,1.0,0.0,0.0,0.0,0.0,1e+06,1.0,1e+06,28.0,0.0,0.0,0.0,0.0,0.0,0.0,1449.0,1449.0,1449.0,0.0,1449.0,1449.0,0.0,1e-06,5e-07,0.0,0.0,0.0,1449.0,1449.0,1449.0,0.0,0.0,17.0,0.0,0.0,0.0,0.0,1449.0,1.0,0.0,1.0,0.0,1449.0,0.0
1.0,1e-06,5e-07,0.0,0.0,60.0,0.0,0.0,0.0,0.0,0.0,0.0,0.0,0.0,0.0,0.0,0.0,0.0,0.0,0.0,0.0,0.0,0.0,0.0,0.0,55413.0,0.0,0.0,65535.0,6e+07,1.0,0.0,0.0,0.0,0.0,1e+06,0.0,0.0,40.0,0.0,0.0,0.0,0.0,0.0,0.0,60.0,60.0,60.0,0.0,0.0,60.0,0.0,1e-06,5e-07,0.0,0.0,0.0,60.0,60.0,60.0,0.0,0.0,6.0,1.0,0.0,0.0,0.0,60.0,1.0,0.0,1.0,0.0,60.0,0.0
1.0,4.1007996e-05,2.0503998e-05,0.0,0.0,57.0,1.0,24385.488,40.0,0.0,0.0,0.0,0.0,0.0,65535.0,0.0,60.0,60.0,60.0,0.0,60.0,60.0,0.0,0.0,1.1111112,2542.0,0.0,0.0,65535.0,2.7799458e+06,41.0,41.007996,41.007996,41.007996,0.0,48770.977,1.0,24385.488,40.0,0.0,0.0,0.0,0.0,0.0,0.0,54.0,54.0,54.0,0.0,54.0,54.0,0.0,4.1007996e-05,2.0503998e-05,0.0,0.0,0.0,60.0,57.0,54.0,3.0,9.0,6.0,1.0,1.0,60.0,1.0,54.0,1.0,1.0,1.0,60.0,54.0,0.0
2.0,2264.354,1132.177,0.0,0.0,64.0,1.0,0.0008832541,80.0,2.264354e+09,2.264354e+09,2.264354e+09,0.0,2.264354e+09,65535.0,0.0,74.0,74.0,74.0,0.0,74.0,74.0,0.0,0.0,1.3703704,50594.0,0.0,0.0,65535.0,0.113056526,2.264354e+09,2.264354e+09,7.547847e+08,36.001205,1.0674267e+09,0.0017665082,1.0,0.0008832541,80.0,2.264354e+09,2.264354e+09,2.264354e+09,0.0,2.264354e+09,0.0,54.0,54.0,54.0,0.0,54.0,54.0,0.0,2264.354,1132.177,0.0,0.0,0.0,74.0,64.0,54.0,10.0,100.0,6.0,2.0,2.0,148.0,2.0,108.0,2.0,2.0,2.0,148.0,108.0,0.0
0.0,0.00022006035,0.000110030174,0.0,0.0,179.5,1.0,4544.208,28.0,0.0,0.0,0.0,0.0,0.0,0.0,0.0,225.0,225.0,225.0,0.0,225.0,225.0,0.0,0.0,1.6791044,53.0,0.0,0.0,0.0,1.6313706e+06,220.0,220.06035,220.06035,220.06035,0.0,9088.416,1.0,4544.208,28.0,0.0,0.0,0.0,0.0,0.0,0.0,134.0,134.0,134.0,0.0,134.0,134.0,0.0,0.00022006035,0.000110030174,0.0,0.0,0.0,225.0,179.5,134.0,45.5,2070.25,17.0,0.0,0.0,225.0,1.0,134.0,1.0,1.0,1.0,225.0,134.0,0.0
0.0,1e-06,5e-07,0.0,0.0,93.0,0.0,0.0,0.0,0.0,0.0,0.0,0.0,0.0,0.0,0.0,0.0,0.0,0.0,0.0,0.0,0.0,0.0,0.0,0.0,53.0,0.0,0.0,0.0,9.3e+07,1.0,0.0,0.0,0.0,0.0,1e+06,1.0,1e+06,28.0,0.0,0.0,0.0,0.0,0.0,0.0,93.0,93.0,93.0,0.0,93.0,93.0,0.0,1e-06,5e-07,0.0,0.0,0.0,93.0,93.0,93.0,0.0,0.0,17.0,0.0,0.0,0.0,0.0,93.0,1.0,0.0,1.0,0.0,93.0,0.0
0.0,1e-06,5e-07,0.0,0.0,60.0,0.0,0.0,28.0,0.0,0.0,0.0,0.0,0.0,0.0,0.0,60.0,60.0,60.0,0.0,0.0,60.0,0.0,0.0,0.0,50490.0,0.0,0.0,0.0,6e+07,1.0,0.0,0.0,0.0,0.0,1e+06,0.0,0.0,0.0,0.0,0.0,0.0,0.0,0.0,0.0,0.0,0.0,0.0,0.0,0.0,0.0,0.0,1e-06,5e-07,0.0,0.0,0.0,60.0,60.0,60.0,0.0,0.0,17.0,0.0,0.0,60.0,1.0,0.0,0.0,1.0,0.0,60.0,0.0,0.0
18.0,99.596725,49.798363,0.0,0.0,168.3,5.5,0.020080982,440.0,9.957756e+07,9.959655e+06,322.10352,2.9872634e+07,9.959655e+07,65535.0,2.0,282.0,103.09091,66.0,75.45432,567.0,103.09091,0.0,0.0,0.5080645,33295.0,0.0,4.0,65535.0,33.79629,9.959672e+07,9.957756e+07,5.241933e+06,10.967255,2.223512e+07,0.20080982,4.5,0.020080982,360.0,9.957804e+07,1.2449588e+07,62.942505,3.293146e+07,9.95967e+07,2.0,1681.0,248.0,66.0,506.65417,1116.0,248.0,0.0,99.596725,49.798363,0.0,0.0,4.0,1681.0,168.3,66.0,351.9131,123842.81,6.0,0.0,4.0,1134.0,11.0,2232.0,9.0,11.0,9.0,1134.0,2232.0,0.0
0.0,0.19306278,0.09653139,0.0,0.0,60.0,0.0,0.0,56.0,193062.78,193062.78,193062.78,0.0,193062.78,0.0,0.0,60.0,60.0,60.0,0.0,0.0,60.0,0.0,0.0,0.0,62822.0,0.0,0.0,0.0,621.55945,193062.0,193062.78,193062.78,193062.78,0.0,10.359324,0.0,0.0,0.0,0.0,0.0,0.0,0.0,0.0,0.0,0.0,0.0,0.0,0.0,0.0,0.0,0.0,0.19306278,0.09653139,0.0,0.0,0.0,60.0,60.0,60.0,0.0,0.0,17.0,0.0,0.0,120.0,2.0,0.0,0.0,2.0,0.0,120.0,0.0,0.0
14.0,114.35157,57.175785,0.0,0.0,71.44444,5.0,0.017489921,400.0,1.1424706e+08,1.2705689e+07,293.9701,3.59003e+07,1.143512e+08,65535.0,2.0,89.0,72.2,66.0,8.953212,361.0,72.2,0.0,0.0,1.2801418,36696.0,0.0,2.0,65535.0,11.246019,1.1435157e+08,1.1424703e+08,6.726563e+06,20.980835,2.6880122e+07,0.1574093,4.0,0.017489921,320.0,1.14247096e+08,1.6335934e+07,40.05432,3.997207e+07,1.1435154e+08,2.0,88.0,70.5,54.0,12.359207,282.0,70.5,0.0,114.35157,57.175785,0.0,0.0,4.0,89.0,71.44444,54.0,10.636532,113.1358,6.0,2.0,4.0,722.0,10.0,564.0,8.0,10.0,8.0,722.0,564.0,0.0
22.0,4.037611,2.0188055,0.0,0.0,228.45833,7.0,0.4953424,560.0,3.2358138e+06,310585.47,454.90265,849138.75,4.037611e+06,65535.0,5.0,834.0,154.64285,60.0,201.78616,1082.5,154.64285,0.0,0.0,0.6525015,57968.0,0.0,1.0,65535.0,1357.9812,4.037611e+06,3.191057e+06,175548.3,26.9413,646218.5,5.944109,5.0,0.4953424,400.0,3.238736e+06,448510.7,1489.1625,989865.5,4.036596e+06,6.0,1170.0,331.8,66.0,420.64755,1659.0,331.8,0.0,4.037611,2.0188055,0.0,0.0,11.0,1170.0,228.45833,60.0,324.2021,105107.0,6.0,1.0,2.0,2165.0,14.0,3318.0,10.0,14.0,10.0,2165.0,3318.0,0.0
0.0,1e-06,5e-07,0.0,0.0,102.0,1.0,1e+06,28.0,0.0,0.0,0.0,0.0,0.0,0.0,0.0,102.0,102.0,102.0,0.0,102.0,102.0,0.0,0.0,0.0,53.0,0.0,0.0,0.0,1.02e+08,1.0,0.0,0.0,0.0,0.0,1e+06,0.0,0.0,0.0,0.0,0.0,0.0,0.0,0.0,0.0,0.0,0.0,0.0,0.0,0.0,0.0,0.0,1e-06,5e-07,0.0,0.0,0.0,102.0,102.0,102.0,0.0,0.0,17.0,0.0,0.0,102.0,1.0,0.0,0.0,1.0,0.0,102.0,0.0,0.0
6.0,0.058440924,0.029220462,0.0,0.0,68.28571,4.0,17.111298,160.0,54237.13,18943.627,850.9159,24958.93,56830.883,65535.0,0.0,74.0,68.0,66.0,3.4641016,272.0,68.0,0.0,0.0,1.3203883,33772.0,0.0,2.0,65535.0,8179.1997,58440.0,45402.05,9740.154,0.0,16209.744,119.779076,3.0,17.111298,120.0,45402.05,28795.004,12187.958,16607.047,57590.008,0.0,74.0,68.666664,66.0,3.7712362,206.0,68.666664,0.0,0.058440924,0.029220462,0.0,0.0,0.0,74.0,68.28571,66.0,3.6140316,13.061225,6.0,0.0,2.0,272.0,4.0,206.0,3.0,4.0,3.0,272.0,206.0,0.0
15.0,0.0025720596,0.0012860298,0.0,0.0,1014.625,9.0,388.7935,360.0,575.0656,321.50745,0.0,190.55223,2572.0596,65535.0,2.0,3858.0,507.33334,66.0,1185.8394,4566.0,507.33334,0.0,0.0,0.3913267,37662.0,0.0,2.0,65535.0,6.3116735e+06,2572.0,396.96695,171.47064,0.0,140.37888,6220.696,7.0,388.7935,280.0,680.92346,363.9857,30.994415,271.9248,2183.914,3.0,7306.0,1666.8572,66.0,2671.211,11668.0,1666.8572,0.0,0.0025720596,0.0012860298,0.0,0.0,5.0,7306.0,1014.625,66.0,2059.9978,4.243591e+06,6.0,0.0,2.0,4566.0,9.0,11668.0,7.0,9.0,7.0,4566.0,11668.0,0.0
1.0,1e-06,5e-07,0.0,0.0,60.0,0.0,0.0,0.0,0.0,0.0,0.0,0.0,0.0,0.0,0.0,0.0,0.0,0.0,0.0,0.0,0.0,0.0,0.0,0.0,42288.0,0.0,0.0,65535.0,6e+07,1.0,0.0,0.0,0.0,0.0,1e+06,0.0,0.0,40.0,0.0,0.0,0.0,0.0,0.0,0.0,60.0,60.0,60.0,0.0,0.0,60.0,0.0,1e-06,5e-07,0.0,0.0,0.0,60.0,60.0,60.0,0.0,0.0,6.0,1.0,0.0,0.0,0.0,60.0,1.0,0.0,1.0,0.0,60.0,0.0
7.0,4.991282,2.495641,0.0,0.0,412.75,1.5,0.40069866,120.0,4.987106e+06,2.4954215e+06,3736.973,2.4916845e+06,4.990843e+06,65535.0,0.0,74.0,68.666664,66.0,3.7712362,103.0,68.666664,0.0,0.0,0.06653747,25.0,0.0,2.0,65535.0,661.55347,4.991281e+06,4.985969e+06,713040.3,25.987625,1.7444161e+06,1.6027946,2.5,0.40069866,200.0,4.986378e+06,1.2478205e+06,483.98972,2.1584575e+06,4.991282e+06,1.0,2824.0,619.2,66.0,1102.4043,1548.0,619.2,0.0,4.991282,2.495641,0.0,0.0,1.0,2824.0,412.75,66.0,911.3731,830600.94,6.0,0.0,2.0,206.0,3.0,3096.0,5.0,3.0,5.0,206.0,3096.0,0.0
1.0,1e-06,5e-07,0.0,0.0,54.0,0.0,0.0,0.0,0.0,0.0,0.0,0.0,0.0,0.0,0.0,0.0,0.0,0.0,0.0,0.0,0.0,0.0,0.0,0.0,59266.0,0.0,0.0,65535.0,5.4e+07,1.0,0.0,0.0,0.0,0.0,1e+06,0.0,0.0,40.0,0.0,0.0,0.0,0.0,0.0,0.0,54.0,54.0,54.0,0.0,0.0,54.0,0.0,1e-06,5e-07,0.0,0.0,0.0,54.0,54.0,54.0,0.0,0.0,6.0,1.0,0.0,0.0,0.0,54.0,1.0,0.0,1.0,0.0,54.0,0.0
0.0,1e-06,5e-07,0.0,0.0,60.0,0.0,0.0,28.0,0.0,0.0,0.0,0.0,0.0,0.0,0.0,60.0,60.0,60.0,0.0,0.0,60.0,0.0,0.0,0.0,64587.0,0.0,0.0,0.0,6e+07,1.0,0.0,0.0,0.0,0.0,1e+06,0.0,0.0,0.0,0.0,0.0,0.0,0.0,0.0,0.0,0.0,0.0,0.0,0.0,0.0,0.0,0.0,1e-06,5e-07,0.0,0.0,0.0,60.0,60.0,60.0,0.0,0.0,17.0,0.0,0.0,60.0,1.0,0.0,0.0,1.0,0.0,60.0,0.0,0.0
2.0,71.720795,35.860397,0.0,0.0,67.0,1.0,0.027885916,80.0,7.172062e+07,7.172062e+07,7.172062e+07,0.0,7.172062e+07,65535.0,0.0,74.0,74.0,74.0,0.0,74.0,74.0,0.0,0.0,1.2333333,59606.0,0.0,0.0,65535.0,3.7367127,7.172079e+07,7.172015e+07,2.3906932e+07,168.0851,3.3809052e+07,0.05577183,1.0,0.027885916,80.0,7.172032e+07,7.172032e+07,7.172032e+07,0.0,7.172032e+07,0.0,60.0,60.0,60.0,0.0,60.0,60.0,0.0,71.720795,35.860397,0.0,0.0,0.0,74.0,67.0,60.0,7.0,49.0,6.0,2.0,2.0,148.0,2.0,120.0,2.0,2.0,2.0,148.0,120.0,0.0
1.0,0.000549078,0.000274539,0.0,0.0,67.0,1.0,1821.2349,40.0,0.0,0.0,0.0,0.0,0.0,65535.0,0.0,60.0,60.0,60.0,0.0,60.0,60.0,0.0,0.0,0.8108108,3306.0,0.0,0.0,65535.0,244045.48,549.0,549.078,549.078,549.078,0.0,3642.4697,1.0,1821.2349,40.0,0.0,0.0,0.0,0.0,0.0,0.0,74.0,74.0,74.0,0.0,74.0,74.0,0.0,0.000549078,0.000274539,0.0,0.0,0.0,74.0,67.0,60.0,7.0,49.0,6.0,1.0,1.0,60.0,1.0,74.0,1.0,1.0,1.0,60.0,74.0,0.0
0.0,0.11093211,0.055466056,0.0,0.0,177.0,1.0,9.014523,28.0,0.0,0.0,0.0,0.0,0.0,0.0,0.0,223.0,223.0,223.0,0.0,223.0,223.0,0.0,0.0,1.70229,53.0,0.0,0.0,0.0,3191.1409,110932.0,110932.11,110932.11,110932.11,0.0,18.029045,1.0,9.014523,28.0,0.0,0.0,0.0,0.0,0.0,0.0,131.0,131.0,131.0,0.0,131.0,131.0,0.0,0.11093211,0.055466056,0.0,0.0,0.0,223.0,177.0,131.0,46.0,2116.0,17.0,0.0,0.0,223.0,1.0,131.0,1.0,1.0,1.0,223.0,131.0,0.0
0.0,1e-06,5e-07,0.0,0.0,60.0,0.0,0.0,28.0,0.0,0.0,0.0,0.0,0.0,0.0,0.0,60.0,60.0,60.0,0.0,0.0,60.0,0.0,0.0,0.0,11699.0,0.0,0.0,0.0,6e+07,1.0,0.0,0.0,0.0,0.0,1e+06,0.0,0.0,0.0,0.0,0.0,0.0,0.0,0.0,0.0,0.0,0.0,0.0,0.0,0.0,0.0,0.0,1e-06,5e-07,0.0,0.0,0.0,60.0,60.0,60.0,0.0,0.0,17.0,0.0,0.0,60.0,1.0,0.0,0.0,1.0,0.0,60.0,0.0,0.0
14.0,0.033024073,0.016512036,0.0,0.0,217.53334,8.0,30.280941,320.0,19820.213,4717.7246,0.0,6499.437,33024.074,65535.0,3.0,373.0,118.375,66.0,99.58908,947.0,118.375,0.0,0.0,0.40889466,40396.0,0.0,2.0,65535.0,98806.71,33024.0,19820.213,2358.8623,0.0,4997.302,454.2141,7.0,30.280941,280.0,20147.8,5316.138,144.00482,6896.9375,31896.83,3.0,1346.0,330.85715,66.0,432.25073,2316.0,330.85715,0.0,0.033024073,0.016512036,0.0,0.0,6.0,1346.0,217.53334,66.0,322.0542,103718.914,6.0,0.0,2.0,947.0,8.0,2316.0,7.0,8.0,7.0,947.0,2316.0,0.0
0.0,41.190296,20.595148,0.0,0.0,60.0,0.0,0.0,0.0,0.0,0.0,0.0,0.0,0.0,0.0,0.0,0.0,0.0,0.0,0.0,0.0,0.0,0.0,0.0,0.0,80.0,0.0,0.0,65535.0,5.826615,4.1190296e+07,3.0469598e+07,1.3730099e+07,1.862582e+06,1.491283e+07,0.09711025,0.0,0.0,160.0,3.0469598e+07,1.3730099e+07,1.862582e+06,1.491283e+07,4.1190296e+07,0.0,60.0,60.0,60.0,0.0,0.0,60.0,0.0,41.190296,20.595148,0.0,0.0,0.0,60.0,60.0,60.0,0.0,0.0,6.0,0.0,4.0,0.0,0.0,240.0,4.0,0.0,4.0,0.0,240.0,0.0
1.0,1e-06,5e-07,0.0,0.0,60.0,1.0,1e+06,40.0,0.0,0.0,0.0,0.0,0.0,65535.0,0.0,60.0,60.0,60.0,0.0,60.0,60.0,0.0,0.0,1.0,37839.0,0.0,0.0,65535.0,1.2e+08,1.0,0.0,0.0,0.0,0.0,2e+06,1.0,1e+06,40.0,0.0,0.0,0.0,0.0,0.0,0.0,60.0,60.0,60.0,0.0,60.0,60.0,0.0,1e-06,5e-07,0.0,0.0,0.0,60.0,60.0,60.0,0.0,0.0,6.0,1.0,1.0,60.0,1.0,60.0,1.0,1.0,1.0,60.0,60.0,0.0
1.0,1e-06,5e-07,0.0,0.0,60.0,1.0,1e+06,40.0,0.0,0.0,0.0,0.0,0.0,65535.0,0.0,60.0,60.0,60.0,0.0,60.0,60.0,0.0,0.0,1.0,2099.0,0.0,0.0,65535.0,1.2e+08,1.0,0.0,0.0,0.0,0.0,2e+06,1.0,1e+06,40.0,0.0,0.0,0.0,0.0,0.0,0.0,60.0,60.0,60.0,0.0,60.0,60.0,0.0,1e-06,5e-07,0.0,0.0,0.0,60.0,60.0,60.0,0.0,0.0,6.0,1.0,1.0,60.0,1.0,60.0,1.0,1.0,1.0,60.0,60.0,0.0
54.0,1867.1771,933.58856,0.0,0.0,124.03333,6.0,0.003213407,1440.0,6.792355e+08,5.334792e+07,0.0,1.5639736e+08,1.8671772e+09,65535.0,6.0,290.0,96.888885,66.0,66.94848,581.3333,96.888885,0.0,0.0,0.8821447,57994.0,0.0,12.0,65535.0,3.9856956,1.8671772e+09,6.792355e+08,3.164707e+07,0.0,1.23276184e+08,0.03213407,4.0,0.003213407,960.0,6.792359e+08,8.11816e+07,150.91896,1.8698243e+08,1.8671768e+09,6.0,453.0,164.75,66.0,166.45326,659.0,164.75,0.0,1867.1771,933.58856,0.0,0.0,12.0,453.0,124.03333,66.0,121.971985,14877.166,6.0,0.0,12.0,3488.0,36.0,3954.0,24.0,36.0,24.0,3488.0,3954.0,0.0
1.0,4.506111e-05,2.2530556e-05,0.0,0.0,57.0,1.0,22192.084,40.0,0.0,0.0,0.0,0.0,0.0,65535.0,0.0,60.0,60.0,60.0,0.0,60.0,60.0,0.0,0.0,1.1111112,2866.0,0.0,0.0,65535.0,2.5298978e+06,45.0,45.06111,45.06111,45.06111,0.0,44384.168,1.0,22192.084,40.0,0.0,0.0,0.0,0.0,0.0,0.0,54.0,54.0,54.0,0.0,54.0,54.0,0.0,4.506111e-05,2.2530556e-05,0.0,0.0,0.0,60.0,57.0,54.0,3.0,9.0,6.0,1.0,1.0,60.0,1.0,54.0,1.0,1.0,1.0,60.0,54.0,0.0
1.0,1.8119812e-05,9.059906e-06,0.0,0.0,57.0,1.0,55188.21,40.0,0.0,0.0,0.0,0.0,0.0,65535.0,0.0,60.0,60.0,60.0,0.0,60.0,60.0,0.0,0.0,1.1111112,1854.0,0.0,0.0,65535.0,6.291456e+06,18.0,18.119812,18.119812,18.119812,0.0,110376.42,1.0,55188.21,40.0,0.0,0.0,0.0,0.0,0.0,0.0,54.0,54.0,54.0,0.0,54.0,54.0,0.0,1.8119812e-05,9.059906e-06,0.0,0.0,0.0,60.0,57.0,54.0,3.0,9.0,6.0,1.0,1.0,60.0,1.0,54.0,1.0,1.0,1.0,60.0,54.0,0.0
166.0,8333.388,4166.694,0.0,0.0,435.77173,5.111111,0.002159986,3680.0,1.4171853e+09,9.157569e+07,0.0,2.6678878e+08,8.3333873e+09,65535.0,18.0,440.0,130.93478,66.0,128.79549,669.2222,130.93478,0.0,0.0,0.17679347,40142.0,0.0,36.0,65535.0,9.621778,8.3333873e+09,1.4171853e+09,4.5537636e+07,0.0,1.9362365e+08,0.022079857,5.111111,0.002159986,3680.0,1.4171853e+09,9.157569e+07,43.153763,2.6678878e+08,8.3333873e+09,20.0,3506.0,740.6087,66.0,1338.5397,3785.3333,740.6087,0.0,8333.388,4166.694,0.0,0.0,38.0,3506.0,435.77173,66.0,998.5309,997063.94,6.0,0.0,36.0,12046.0,92.0,68136.0,92.0,92.0,92.0,12046.0,68136.0,0.0
11.0,0.0023839474,0.0011919737,0.0,0.0,77.25,7.0,419.47235,280.0,995.8744,397.32455,0.0,374.411,2383.9473,65535.0,3.0,142.0,83.57143,66.0,26.863981,585.0,83.57143,0.0,0.0,1.7105263,51138.0,0.0,2.0,65535.0,388850.88,2383.0,791.7881,216.72249,0.0,241.89833,5033.668,5.0,419.47235,200.0,737.9055,307.50037,0.0,269.6662,1230.0015,1.0,74.0,68.4,66.0,3.2,342.0,68.4,0.0,0.0023839474,0.0011919737,0.0,0.0,4.0,142.0,77.25,66.0,21.935986,481.1875,6.0,0.0,2.0,585.0,7.0,342.0,5.0,7.0,5.0,585.0,342.0,0.0
11.0,0.005100012,0.002550006,0.0,0.0,1304.3334,7.0,196.07797,280.0,2166.9866,850.00195,0.0,740.50586,5100.0117,65535.0,1.0,3737.0,591.5714,66.0,1284.1188,4141.0,591.5714,0.0,0.0,0.35974285,54584.0,0.0,2.0,65535.0,3.0690125e+06,5100.0,2166.9866,463.63745,0.0,677.118,2352.9358,5.0,196.07797,200.0,2217.0544,1274.7645,0.9536743,951.43964,5099.058,2.0,7306.0,2302.2,66.0,2928.59,11511.0,2302.2,0.0,0.005100012,0.002550006,0.0,0.0,3.0,7306.0,1304.3334,66.0,2290.5754,5.2467355e+06,6.0,0.0,2.0,4141.0,7.0,11511.0,5.0,7.0,5.0,4141.0,11511.0,0.0
0.0,1e-06,5e-07,0.0,0.0,60.0,0.0,0.0,28.0,0.0,0.0,0.0,0.0,0.0,0.0,0.0,60.0,60.0,60.0,0.0,0.0,60.0,0.0,0.0,0.0,32451.0,0.0,0.0,0.0,6e+07,1.0,0.0,0.0,0.0,0.0,1e+06,0.0,0.0,0.0,0.0,0.0,0.0,0.0,0.0,0.0,0.0,0.0,0.0,0.0,0.0,0.0,0.0,1e-06,5e-07,0.0,0.0,0.0,60.0,60.0,60.0,0.0,0.0,17.0,0.0,0.0,60.0,1.0,0.0,0.0,1.0,0.0,60.0,0.0,0.0
11.0,0.0012919903,0.00064599514,0.0,0.0,76.666664,7.0,773.99963,280.0,366.9262,215.33171,0.0,118.73432,1291.9902,65535.0,3.0,135.0,82.57143,66.0,24.714699,578.0,82.57143,0.0,0.0,1.6900585,52830.0,0.0,2.0,65535.0,712079.7,1291.0,263.92938,117.45366,0.0,88.64213,9287.995,5.0,773.99963,200.0,537.8723,253.73697,39.100647,217.40274,1014.9479,1.0,74.0,68.4,66.0,3.2,342.0,68.4,0.0,0.0012919903,0.00064599514,0.0,0.0,4.0,135.0,76.666664,66.0,20.23336,409.3889,6.0,0.0,2.0,578.0,7.0,342.0,5.0,7.0,5.0,578.0,342.0,0.0
1.0,0.00033187866,0.00016593933,0.0,0.0,67.0,1.0,3013.1494,40.0,0.0,0.0,0.0,0.0,0.0,65535.0,0.0,74.0,74.0,74.0,0.0,74.0,74.0,0.0,0.0,1.2333333,37062.0,0.0,0.0,65535.0,403762.03,331.0,331.87866,331.87866,331.87866,0.0,6026.299,1.0,3013.1494,40.0,0.0,0.0,0.0,0.0,0.0,0.0,60.0,60.0,60.0,0.0,60.0,60.0,0.0,0.00033187866,0.00016593933,0.0,0.0,0.0,74.0,67.0,60.0,7.0,49.0,6.0,1.0,1.0,74.0,1.0,60.0,1.0,1.0,1.0,74.0,60.0,0.0
0.0,1e-06,5e-07,0.0,0.0,60.0,1.0,1e+06,40.0,0.0,0.0,0.0,0.0,0.0,65535.0,0.0,60.0,60.0,60.0,0.0,60.0,60.0,0.0,0.0,0.0,47781.0,0.0,0.0,0.0,6e+07,1.0,0.0,0.0,0.0,0.0,1e+06,0.0,0.0,0.0,0.0,0.0,0.0,0.0,0.0,0.0,0.0,0.0,0.0,0.0,0.0,0.0,0.0,1e-06,5e-07,0.0,0.0,0.0,60.0,60.0,60.0,0.0,0.0,6.0,1.0,0.0,60.0,1.0,0.0,0.0,1.0,0.0,60.0,0.0,0.0
0.0,0.004302025,0.0021510124,0.0,0.0,102.0,1.0,232.44868,28.0,0.0,0.0,0.0,0.0,0.0,0.0,0.0,94.0,94.0,94.0,0.0,94.0,94.0,0.0,0.0,0.8545455,39918.0,0.0,0.0,0.0,47419.53,4302.0,4302.025,4302.025,4302.025,0.0,464.89737,1.0,232.44868,28.0,0.0,0.0,0.0,0.0,0.0,0.0,110.0,110.0,110.0,0.0,110.0,110.0,0.0,0.004302025,0.0021510124,0.0,0.0,0.0,110.0,102.0,94.0,8.0,64.0,17.0,0.0,0.0,94.0,1.0,110.0,1.0,1.0,1.0,94.0,110.0,0.0
0.0,0.0016582012,0.0008291006,0.0,0.0,112.0,1.0,603.0631,28.0,0.0,0.0,0.0,0.0,0.0,0.0,0.0,128.0,128.0,128.0,0.0,128.0,128.0,0.0,0.0,1.3333334,53.0,0.0,0.0,0.0,135086.14,1658.0,1658.2012,1658.2012,1658.2012,0.0,1206.1262,1.0,603.0631,28.0,0.0,0.0,0.0,0.0,0.0,0.0,96.0,96.0,96.0,0.0,96.0,96.0,0.0,0.0016582012,0.0008291006,0.0,0.0,0.0,128.0,112.0,96.0,16.0,256.0,17.0,0.0,0.0,128.0,1.0,96.0,1.0,1.0,1.0,128.0,96.0,0.0
0.0,1e-06,5e-07,0.0,0.0,60.0,0.0,0.0,0.0,0.0,0.0,0.0,0.0,0.0,0.0,0.0,0.0,0.0,0.0,0.0,0.0,0.0,0.0,0.0,0.0,8333.0,0.0,0.0,65535.0,6e+07,1.0,0.0,0.0,0.0,0.0,1e+06,0.0,0.0,40.0,0.0,0.0,0.0,0.0,0.0,0.0,60.0,60.0,60.0,0.0,0.0,60.0,0.0,1e-06,5e-07,0.0,0.0,0.0,60.0,60.0,60.0,0.0,0.0,6.0,0.0,1.0,0.0,0.0,60.0,1.0,0.0,1.0,0.0,60.0,0.0
1.0,1e-06,5e-07,0.0,0.0,58.0,0.0,0.0,0.0,0.0,0.0,0.0,0.0,0.0,0.0,0.0,0.0,0.0,0.0,0.0,0.0,0.0,0.0,0.0,0.0,51192.0,0.0,0.0,65535.0,5.8e+07,1.0,0.0,0.0,0.0,0.0,1e+06,0.0,0.0,40.0,0.0,0.0,0.0,0.0,0.0,0.0,58.0,58.0,58.0,0.0,0.0,58.0,0.0,1e-06,5e-07,0.0,0.0,0.0,58.0,58.0,58.0,0.0,0.0,6.0,0.0,1.0,0.0,0.0,58.0,1.0,0.0,1.0,0.0,58.0,0.0
0.0,1e-06,5e-07,0.0,0.0,1514.0,0.0,0.0,0.0,0.0,0.0,0.0,0.0,0.0,0.0,0.0,0.0,0.0,0.0,0.0,0.0,0.0,0.0,0.0,0.0,8341.0,0.0,0.0,0.0,1.514e+09,1.0,0.0,0.0,0.0,0.0,1e+06,1.0,1e+06,28.0,0.0,0.0,0.0,0.0,0.0,0.0,1514.0,1514.0,1514.0,0.0,1514.0,1514.0,0.0,1e-06,5e-07,0.0,0.0,0.0,1514.0,1514.0,1514.0,0.0,0.0,17.0,0.0,0.0,0.0,0.0,1514.0,1.0,0.0,1.0,0.0,1514.0,0.0
38.0,7802.944,3901.472,0.0,0.0,159.09302,6.25,0.00051262707,1000.0,6.4118927e+09,3.2512266e+08,352.8595,1.2990301e+09,7.8029435e+09,65535.0,7.0,834.0,118.36,66.0,156.54568,739.75,118.36,0.0,0.0,0.76223594,38328.0,0.0,4.0,65535.0,0.8767204,7.802944e+09,6.4118927e+09,1.8578437e+08,7.867813,9.9506816e+08,0.005510741,4.5,0.00051262707,720.0,6.4118927e+09,4.589967e+08,41.96167,1.5234422e+09,7.8029435e+09,8.0,1170.0,215.66667,54.0,339.45398,970.5,215.66667,0.0,7802.944,3901.472,0.0,0.0,15.0,1170.0,159.09302,54.0,254.53448,64787.805,6.0,2.0,6.0,2959.0,25.0,3882.0,18.0,25.0,18.0,2959.0,3882.0,0.0
9.0,0.0029628277,0.0014814138,0.0,0.0,132.2,6.0,337.5154,240.0,976.08563,592.56555,207.901,268.81317,2962.8276,65535.0,1.0,275.0,102.166664,66.0,77.348595,613.0,102.166664,0.0,0.0,0.86459804,14366.0,0.0,2.0,65535.0,446195.38,2962.0,976.08563,329.20306,21.219254,280.36856,3375.154,4.0,337.5154,160.0,1455.0686,788.05286,330.925,482.33072,2364.1587,1.0,503.0,177.25,66.0,188.1002,709.0,177.25,0.0,0.0029628277,0.0014814138,0.0,0.0,2.0,503.0,132.2,66.0,138.18596,19095.36,6.0,0.0,2.0,613.0,6.0,709.0,4.0,6.0,4.0,613.0,709.0,0.0
1.0,1e-06,5e-07,0.0,0.0,64.0,1.0,1e+06,40.0,0.0,0.0,0.0,0.0,0.0,65535.0,0.0,74.0,74.0,74.0,0.0,74.0,74.0,0.0,0.0,1.3703704,45642.0,0.0,0.0,65535.0,1.28e+08,1.0,30.040741,30.040741,30.040741,0.0,2e+06,1.0,1e+06,40.0,0.0,0.0,0.0,0.0,0.0,0.0,54.0,54.0,54.0,0.0,54.0,54.0,0.0,1e-06,5e-07,0.0,0.0,0.0,74.0,64.0,54.0,10.0,100.0,6.0,1.0,1.0,74.0,1.0,54.0,1.0,1.0,1.0,74.0,54.0,0.0
0.0,0.00056290627,0.00028145313,0.0,0.0,141.0,1.0,1776.4948,28.0,0.0,0.0,0.0,0.0,0.0,0.0,0.0,108.0,108.0,108.0,0.0,108.0,108.0,0.0,0.0,0.62068963,34257.0,0.0,0.0,0.0,500971.5,562.0,562.90625,562.90625,562.90625,0.0,3552.9895,1.0,1776.4948,28.0,0.0,0.0,0.0,0.0,0.0,0.0,174.0,174.0,174.0,0.0,174.0,174.0,0.0,0.00056290627,0.00028145313,0.0,0.0,0.0,174.0,141.0,108.0,33.0,1089.0,17.0,0.0,0.0,108.0,1.0,174.0,1.0,1.0,1.0,108.0,174.0,0.0
14.0,0.0060009956,0.0030004978,0.0,0.0,215.93333,8.0,166.639,320.0,2625.9421,857.2851,0.0,868.9347,6000.9956,65535.0,3.0,349.0,115.375,66.0,91.941475,923.0,115.375,0.0,0.0,0.39853194,56854.0,0.0,2.0,65535.0,539743.75,6000.0,2625.9421,428.64255,0.0,679.11224,2499.5852,7.0,166.639,280.0,3076.0764,918.86523,61.98883,1045.4156,5513.1914,4.0,1346.0,330.85715,66.0,430.09583,2316.0,330.85715,0.0,0.0060009956,0.0030004978,0.0,0.0,7.0,1346.0,215.93333,66.0,319.98447,102390.06,6.0,0.0,2.0,923.0,8.0,2316.0,7.0,8.0,7.0,923.0,2316.0,0.0
14.0,0.25080204,0.12540102,0.0,0.0,72.066666,9.0,3.9872084,360.0,146965.98,31350.256,3590.107,46107.8,250802.05,65535.0,2.0,83.0,69.666664,66.0,5.7348833,627.0,69.666664,0.0,0.0,1.3810573,38764.0,0.0,2.0,65535.0,4310.1724,250802.0,146965.98,17914.432,229.12025,37994.22,59.808125,6.0,3.9872084,240.0,149019.0,49682.047,229.12025,52726.48,248410.22,3.0,88.0,75.666664,66.0,8.137704,454.0,75.666664,0.0,0.25080204,0.12540102,0.0,0.0,5.0,88.0,72.066666,66.0,7.4069037,54.86222,6.0,0.0,2.0,627.0,9.0,454.0,6.0,9.0,6.0,627.0,454.0,0.0
0.0,0.01619196,0.00809598,0.0,0.0,187.5,1.0,61.75905,28.0,0.0,0.0,0.0,0.0,0.0,0.0,0.0,242.0,242.0,242.0,0.0,242.0,242.0,0.0,0.0,1.8195488,53.0,0.0,0.0,0.0,23159.643,16191.0,16191.959,16191.959,16191.959,0.0,123.5181,1.0,61.75905,28.0,0.0,0.0,0.0,0.0,0.0,0.0,133.0,133.0,133.0,0.0,133.0,133.0,0.0,0.01619196,0.00809598,0.0,0.0,0.0,242.0,187.5,133.0,54.5,2970.25,17.0,0.0,0.0,242.0,1.0,133.0,1.0,1.0,1.0,242.0,133.0,0.0
35.0,459.34164,229.67082,0.0,0.0,480.3846,10.5,0.004354058,840.0,4.59326e+08,2.2967082e+07,0.0,1.0010761e+08,4.5934163e+08,65535.0,7.0,583.0,122.61905,60.0,124.50645,1287.5,122.61905,0.0,0.0,0.15934406,56102.0,0.0,4.0,65535.0,40.786636,4.5934163e+08,4.59326e+08,1.2087938e+07,0.0,7.352549e+07,0.08490413,9.0,0.004354058,720.0,4.593264e+08,2.7020066e+07,0.0,1.08076584e+08,4.5934112e+08,10.0,7306.0,897.7778,66.0,1816.729,8080.0,897.7778,0.0,459.34164,229.67082,0.0,0.0,17.0,7306.0,480.3846,60.0,1296.5283,1.6809858e+06,6.0,2.0,4.0,2575.0,21.0,16160.0,18.0,21.0,18.0,2575.0,16160.0,0.0
23.0,412.29745,206.14873,0.0,0.0,372.36,6.5,0.0048508667,520.0,4.1179514e+08,3.435812e+07,0.0,1.13801576e+08,4.1229744e+08,65535.0,2.0,480.0,124.69231,66.0,135.20093,810.5,124.69231,0.0,0.0,0.21084808,33176.0,0.0,4.0,65535.0,22.57836,4.1229744e+08,4.1179494e+08,1.717906e+07,0.0,8.228312e+07,0.060635835,6.0,0.0048508667,480.0,4.1179546e+08,3.7481532e+07,0.0,1.1836849e+08,4.1229686e+08,4.0,2962.0,640.6667,66.0,1056.8322,3844.0,640.6667,0.0,412.29745,206.14873,0.0,0.0,6.0,2962.0,372.36,66.0,782.34607,612065.4,6.0,0.0,4.0,1621.0,13.0,7688.0,12.0,13.0,12.0,1621.0,7688.0,0.0
0.0,1e-06,5e-07,0.0,0.0,95.0,0.0,0.0,28.0,0.0,0.0,0.0,0.0,0.0,0.0,0.0,95.0,95.0,95.0,0.0,0.0,95.0,0.0,0.0,0.0,33106.0,0.0,0.0,0.0,9.5e+07,1.0,0.0,0.0,0.0,0.0,1e+06,0.0,0.0,0.0,0.0,0.0,0.0,0.0,0.0,0.0,0.0,0.0,0.0,0.0,0.0,0.0,0.0,1e-06,5e-07,0.0,0.0,0.0,95.0,95.0,95.0,0.0,0.0,17.0,0.0,0.0,95.0,1.0,0.0,0.0,1.0,0.0,95.0,0.0,0.0
1.0,0.00012087822,6.043911e-05,0.0,0.0,57.0,0.0,0.0,40.0,0.0,0.0,0.0,0.0,0.0,65535.0,0.0,60.0,60.0,60.0,0.0,0.0,60.0,0.0,0.0,1.1111112,56321.0,0.0,0.0,65535.0,943097.94,120.0,120.87822,120.87822,120.87822,0.0,16545.578,0.0,0.0,40.0,0.0,0.0,0.0,0.0,0.0,0.0,54.0,54.0,54.0,0.0,0.0,54.0,0.0,0.00012087822,6.043911e-05,0.0,0.0,0.0,60.0,57.0,54.0,4.2426405,18.0,6.0,1.0,1.0,60.0,1.0,54.0,1.0,1.0,1.0,60.0,54.0,0.0
1.0,0.0012998581,0.00064992905,0.0,0.0,59.333332,2.0,769.31476,80.0,1299.8582,1299.8582,1299.8582,0.0,1299.8582,65535.0,0.0,60.0,60.0,60.0,0.0,120.0,60.0,0.0,0.0,2.0689654,43913.0,0.0,0.0,65535.0,136938.03,1299.0,1275.0625,649.9291,24.795532,625.13354,2307.9443,1.0,769.31476,40.0,0.0,0.0,0.0,0.0,0.0,0.0,58.0,58.0,58.0,0.0,58.0,58.0,0.0,0.0012998581,0.00064992905,0.0,0.0,0.0,60.0,59.333332,58.0,0.94280905,0.8888889,6.0,1.0,2.0,120.0,2.0,58.0,1.0,2.0,1.0,120.0,58.0,0.0
1.0,0.00019788742,9.894371e-05,0.0,0.0,67.0,1.0,5053.3784,40.0,0.0,0.0,0.0,0.0,0.0,65535.0,0.0,60.0,60.0,60.0,0.0,60.0,60.0,0.0,0.0,0.8108108,6379.0,0.0,0.0,65535.0,677152.7,197.0,197.88742,197.88742,197.88742,0.0,10106.757,1.0,5053.3784,40.0,0.0,0.0,0.0,0.0,0.0,0.0,74.0,74.0,74.0,0.0,74.0,74.0,0.0,0.00019788742,9.894371e-05,0.0,0.0,0.0,74.0,67.0,60.0,7.0,49.0,6.0,1.0,1.0,60.0,1.0,74.0,1.0,1.0,1.0,60.0,74.0,0.0
1.0,4.6014786e-05,2.3007393e-05,0.0,0.0,57.0,1.0,21732.145,40.0,0.0,0.0,0.0,0.0,0.0,65535.0,0.0,60.0,60.0,60.0,0.0,60.0,60.0,0.0,0.0,1.1111112,46736.0,0.0,0.0,65535.0,2.4774645e+06,46.0,46.014786,46.014786,46.014786,0.0,43464.29,1.0,21732.145,40.0,0.0,0.0,0.0,0.0,0.0,0.0,54.0,54.0,54.0,0.0,54.0,54.0,0.0,4.6014786e-05,2.3007393e-05,0.0,0.0,0.0,60.0,57.0,54.0,3.0,9.0,6.0,1.0,1.0,60.0,1.0,54.0,1.0,1.0,1.0,60.0,54.0,0.0
14.0,0.036738873,0.018369436,0.0,0.0,1022.5333,8.0,27.219126,320.0,32258.033,5248.41,377.89343,11030.386,36738.87,65535.0,2.0,3028.0,458.75,66.0,972.69415,3670.0,458.75,0.0,0.0,0.31453547,41964.0,0.0,2.0,65535.0,417486.97,36738.0,32258.033,2624.205,28.848648,8225.013,408.2869,7.0,27.219126,280.0,32871.96,5996.148,40.05432,12032.487,35976.887,3.0,7306.0,1666.8572,66.0,2671.211,11668.0,1666.8572,0.0,0.036738873,0.018369436,0.0,0.0,5.0,7306.0,1022.5333,66.0,2048.8293,4.197702e+06,6.0,0.0,2.0,3670.0,8.0,11668.0,7.0,8.0,7.0,3670.0,11668.0,0.0
0.0,0.012748957,0.0063744783,0.0,0.0,60.0,0.0,0.0,56.0,12748.957,12748.957,12748.957,0.0,12748.957,0.0,0.0,60.0,60.0,60.0,0.0,0.0,60.0,0.0,0.0,0.0,18189.0,0.0,0.0,0.0,9412.535,12748.0,12748.957,12748.957,12748.957,0.0,156.87558,0.0,0.0,0.0,0.0,0.0,0.0,0.0,0.0,0.0,0.0,0.0,0.0,0.0,0.0,0.0,0.0,0.012748957,0.0063744783,0.0,0.0,0.0,60.0,60.0,60.0,0.0,0.0,17.0,0.0,0.0,120.0,2.0,0.0,0.0,2.0,0.0,120.0,0.0,0.0
14.0,0.0051720142,0.0025860071,0.0,0.0,960.0,8.0,193.34827,320.0,1594.0667,738.8592,0.0,484.99664,5172.014,65535.0,2.0,2090.0,341.5,66.0,663.2328,2732.0,341.5,0.0,0.0,0.23414467,37568.0,0.0,2.0,65535.0,2.784215e+06,5172.0,1594.0667,369.4296,0.0,417.53864,2900.224,7.0,193.34827,280.0,2373.9338,796.31805,30.040741,802.9012,4777.908,3.0,7306.0,1666.8572,66.0,2671.211,11668.0,1666.8572,0.0,0.0051720142,0.0025860071,0.0,0.0,5.0,7306.0,960.0,66.0,2000.4077,4.0016308e+06,6.0,0.0,2.0,2732.0,8.0,11668.0,7.0,8.0,7.0,2732.0,11668.0,0.0
7.0,1.0126221,0.50631106,0.0,0.0,72.125,1.5,1.9750705,120.0,1.0042541e+06,506090.53,7926.941,498163.6,1.01218106e+06,65535.0,1.0,99.0,79.666664,66.0,14.055446,119.5,79.666664,0.0,0.0,0.7071006,22.0,0.0,2.0,65535.0,569.8078,1.012622e+06,1.002486e+06,144660.3,138.04436,350214.03,7.900282,2.5,1.9750705,200.0,1.002486e+06,253155.53,641.10754,432635.75,1.0126221e+06,0.0,74.0,67.6,66.0,3.2,169.0,67.6,0.0,1.0126221,0.50631106,0.0,0.0,1.0,99.0,72.125,66.0,10.705577,114.609375,6.0,0.0,2.0,239.0,3.0,338.0,5.0,3.0,5.0,239.0,338.0,0.0
1.0,1e-06,5e-07,0.0,0.0,58.0,0.0,0.0,0.0,0.0,0.0,0.0,0.0,0.0,0.0,0.0,0.0,0.0,0.0,0.0,0.0,0.0,0.0,0.0,0.0,43497.0,0.0,0.0,65535.0,5.8e+07,1.0,0.0,0.0,0.0,0.0,1e+06,0.0,0.0,40.0,0.0,0.0,0.0,0.0,0.0,0.0,58.0,58.0,58.0,0.0,0.0,58.0,0.0,1e-06,5e-07,0.0,0.0,0.0,58.0,58.0,58.0,0.0,0.0,6.0,0.0,1.0,0.0,0.0,58.0,1.0,0.0,1.0,0.0,58.0,0.0
13.0,1.0059011,0.50295055,0.0,0.0,334.57144,4.0,1.9882671,320.0,1.0035632e+06,143700.16,0.0,351037.94,1.0059011e+06,65535.0,1.0,3720.0,523.75,66.0,1208.0718,2095.0,523.75,0.0,0.0,8.481781,43745.0,0.0,2.0,65535.0,4656.5215,1.005901e+06,1.00304606e+06,77377.01,0.0,267217.75,13.91787,3.0,1.9882671,240.0,1.00334194e+06,201013.19,0.0,401164.56,1.00506594e+06,4.0,100.0,82.333336,66.0,10.79609,247.0,82.333336,0.0,1.0059011,0.50295055,0.0,0.0,5.0,3720.0,334.57144,66.0,939.006,881732.25,6.0,0.0,2.0,4190.0,8.0,494.0,6.0,8.0,6.0,4190.0,494.0,0.0
29.0,459.95218,229.97609,0.0,0.0,194.35484,3.8,0.010870695,760.0,4.513594e+08,2.55529e+07,439.16702,1.03278e+08,4.599522e+08,65535.0,5.0,834.0,132.89473,66.0,177.46545,505.0,132.89473,0.0,0.0,0.7214286,35898.0,0.0,2.0,65535.0,13.099188,4.599522e+08,4.513594e+08,1.533174e+07,12.159348,8.097227e+07,0.06739831,3.0,0.008696556,480.0,4.5135994e+08,4.154157e+07,4068.1362,1.2959937e+08,4.5695725e+08,7.0,1170.0,291.66666,66.0,394.4049,875.0,291.66666,0.0,459.95218,229.97609,0.0,0.0,12.0,1170.0,194.35484,66.0,292.40125,85498.484,6.0,1.0,4.0,2525.0,19.0,3500.0,12.0,19.0,12.0,2525.0,3500.0,0.0
0.0,1e-06,5e-07,0.0,0.0,98.0,1.0,1e+06,28.0,0.0,0.0,0.0,0.0,0.0,0.0,0.0,98.0,98.0,98.0,0.0,98.0,98.0,0.0,0.0,0.0,53.0,0.0,0.0,0.0,9.8e+07,1.0,0.0,0.0,0.0,0.0,1e+06,0.0,0.0,0.0,0.0,0.0,0.0,0.0,0.0,0.0,0.0,0.0,0.0,0.0,0.0,0.0,0.0,1e-06,5e-07,0.0,0.0,0.0,98.0,98.0,98.0,0.0,0.0,17.0,0.0,0.0,98.0,1.0,0.0,0.0,1.0,0.0,98.0,0.0,0.0
9.0,0.006109953,0.0030549765,0.0,0.0,87.5,5.0,163.66739,200.0,2557.0393,1450.7174,298.9769,802.5562,5802.8696,65535.0,1.0,258.0,106.0,66.0,76.06313,530.0,106.0,0.0,0.0,1.5362319,45953.0,0.0,2.0,65535.0,143208.95,6109.0,2557.0393,678.88367,1.9073486,782.86237,1636.6738,5.0,163.66739,200.0,3168.106,1510.5009,1.9073486,1170.8884,6042.0034,1.0,74.0,69.0,66.0,3.6878178,345.0,69.0,0.0,0.006109953,0.0030549765,0.0,0.0,2.0,258.0,87.5,66.0,56.937244,3241.85,6.0,0.0,2.0,530.0,5.0,345.0,5.0,5.0,5.0,530.0,345.0,0.0
8.0,0.0051879883,0.0025939941,0.0,0.0,178.88889,5.0,192.75294,200.0,2668.1423,1296.9971,690.937,803.13,5187.9883,65535.0,1.0,583.0,171.0,66.0,206.0233,855.0,171.0,0.0,0.0,1.1324503,34368.0,0.0,1.0,65535.0,310332.25,5187.0,2668.1423,648.49854,0.9536743,828.36554,1734.7765,4.0,192.75294,160.0,1549.9592,569.0257,51.021576,693.9891,1707.077,1.0,549.0,188.75,66.0,208.01607,755.0,188.75,0.0,0.0051879883,0.0025939941,0.0,0.0,2.0,583.0,178.88889,66.0,207.09924,42890.098,6.0,1.0,2.0,855.0,5.0,755.0,4.0,5.0,4.0,855.0,755.0,0.0
1.0,0.00022411346,0.00011205673,0.0,0.0,67.0,0.0,0.0,40.0,0.0,0.0,0.0,0.0,0.0,65535.0,0.0,74.0,74.0,74.0,0.0,0.0,74.0,0.0,0.0,1.2333333,36315.0,0.0,0.0,65535.0,597911.44,224.0,224.11346,224.11346,224.11346,0.0,8924.051,0.0,0.0,40.0,0.0,0.0,0.0,0.0,0.0,0.0,60.0,60.0,60.0,0.0,0.0,60.0,0.0,0.00022411346,0.00011205673,0.0,0.0,0.0,74.0,67.0,60.0,9.899495,98.0,6.0,1.0,1.0,74.0,1.0,60.0,1.0,1.0,1.0,74.0,60.0,0.0
9.0,5.0004683,2.5002341,0.0,0.0,308.0,1.3333334,0.5999438,160.0,3.994977e+06,1.666717e+06,1135.8262,1.6964766e+06,5.000151e+06,65535.0,0.0,74.0,68.0,66.0,3.4641016,90.666664,68.0,0.0,0.0,0.09686609,9092.0,0.0,2.0,65535.0,615.9423,5.000468e+06,3.994436e+06,555607.56,123.02399,1.2554244e+06,1.9998128,2.0,0.5999438,240.0,3.9946862e+06,1.0000936e+06,265.12146,1.5469129e+06,5.000468e+06,2.0,2283.0,468.0,66.0,814.5037,936.0,468.0,0.0,5.0004683,2.5002341,0.0,0.0,2.0,2283.0,308.0,66.0,660.6471,436454.6,6.0,0.0,2.0,272.0,4.0,2808.0,6.0,4.0,6.0,272.0,2808.0,0.0
1.0,0.0005171299,0.00025856495,0.0,0.0,60.0,1.0,1933.7501,40.0,0.0,0.0,0.0,0.0,0.0,65535.0,0.0,60.0,60.0,60.0,0.0,60.0,60.0,0.0,0.0,1.0,3007.0,0.0,0.0,65535.0,232050.02,517.0,517.1299,517.1299,517.1299,0.0,3867.5002,1.0,1933.7501,40.0,0.0,0.0,0.0,0.0,0.0,0.0,60.0,60.0,60.0,0.0,60.0,60.0,0.0,0.0005171299,0.00025856495,0.0,0.0,0.0,60.0,60.0,60.0,0.0,0.0,6.0,1.0,1.0,60.0,1.0,60.0,1.0,1.0,1.0,60.0,60.0,0.0
0.0,27.02127,13.510635,0.0,0.0,60.0,0.0,0.0,0.0,0.0,0.0,0.0,0.0,0.0,0.0,0.0,0.0,0.0,0.0,0.0,0.0,0.0,0.0,0.0,0.0,80.0,0.0,0.0,65535.0,6.661419,2.702127e+07,1.5683359e+07,1.3510635e+07,1.1337912e+07,3.072695e+06,0.11102364,0.0,0.0,120.0,1.5683359e+07,1.3510635e+07,1.1337912e+07,3.072695e+06,2.702127e+07,0.0,60.0,60.0,60.0,0.0,0.0,60.0,0.0,27.02127,13.510635,0.0,0.0,0.0,60.0,60.0,60.0,0.0,0.0,6.0,0.0,3.0,0.0,0.0,180.0,3.0,0.0,3.0,0.0,180.0,0.0
0.0,132.69005,66.345024,0.0,0.0,95.0,1.0,0.01507272,56.0,1.3269005e+08,1.3269005e+08,1.3269005e+08,0.0,1.3269005e+08,0.0,0.0,96.0,95.0,94.0,1.0,95.0,95.0,0.0,0.0,0.0,53.0,0.0,0.0,0.0,1.4319085,1.3269005e+08,1.3269005e+08,1.3269005e+08,1.3269005e+08,0.0,0.01507272,0.0,0.0,0.0,0.0,0.0,0.0,0.0,0.0,0.0,0.0,0.0,0.0,0.0,0.0,0.0,0.0,132.69005,66.345024,0.0,0.0,0.0,96.0,95.0,94.0,1.0,1.0,17.0,0.0,0.0,190.0,2.0,0.0,0.0,2.0,0.0,190.0,0.0,0.0
1.0,1e-06,5e-07,0.0,0.0,54.0,0.0,0.0,0.0,0.0,0.0,0.0,0.0,0.0,0.0,0.0,0.0,0.0,0.0,0.0,0.0,0.0,0.0,0.0,0.0,49039.0,0.0,0.0,65535.0,5.4e+07,1.0,0.0,0.0,0.0,0.0,1e+06,0.0,0.0,40.0,0.0,0.0,0.0,0.0,0.0,0.0,54.0,54.0,54.0,0.0,0.0,54.0,0.0,1e-06,5e-07,0.0,0.0,0.0,54.0,54.0,54.0,0.0,0.0,6.0,1.0,0.0,0.0,0.0,54.0,1.0,0.0,1.0,0.0,54.0,0.0
0.0,2359.9612,1179.9806,0.0,0.0,122.666664,1.0,0.0012712074,84.0,1.6544632e+09,1.1799803e+09,7.054974e+08,4.7448294e+08,2.3599606e+09,0.0,0.0,206.0,152.0,125.0,38.183765,152.0,152.0,0.0,0.0,1.6285714,53.0,0.0,0.0,0.0,0.31186953,2.359961e+09,1.6544621e+09,4.7199222e+08,476.1219,6.513197e+08,0.0025424147,1.0,0.0012712074,84.0,1.6544631e+09,1.17998e+09,7.054969e+08,4.7448307e+08,2.35996e+09,0.0,94.0,93.333336,93.0,0.47140452,93.333336,93.333336,0.0,2359.9612,1179.9806,0.0,0.0,0.0,206.0,122.666664,93.0,39.869232,1589.5555,17.0,0.0,0.0,456.0,3.0,280.0,3.0,3.0,3.0,456.0,280.0,0.0
0.0,1e-06,5e-07,0.0,0.0,102.0,1.0,1e+06,28.0,0.0,0.0,0.0,0.0,0.0,0.0,0.0,102.0,102.0,102.0,0.0,102.0,102.0,0.0,0.0,0.0,53.0,0.0,0.0,0.0,1.02e+08,1.0,0.0,0.0,0.0,0.0,1e+06,0.0,0.0,0.0,0.0,0.0,0.0,0.0,0.0,0.0,0.0,0.0,0.0,0.0,0.0,0.0,0.0,1e-06,5e-07,0.0,0.0,0.0,102.0,102.0,102.0,0.0,0.0,17.0,0.0,0.0,102.0,1.0,0.0,0.0,1.0,0.0,102.0,0.0,0.0
1.0,0.0006170273,0.00030851364,0.0,0.0,60.0,2.0,1620.6738,80.0,617.0273,617.0273,617.0273,0.0,617.0273,65535.0,0.0,60.0,60.0,60.0,0.0,120.0,60.0,0.0,0.0,2.0,45560.0,0.0,0.0,65535.0,291721.3,617.0,617.0273,308.51364,0.0,308.51364,4862.0215,1.0,1620.6738,40.0,0.0,0.0,0.0,0.0,0.0,0.0,60.0,60.0,60.0,0.0,60.0,60.0,0.0,0.0006170273,0.00030851364,0.0,0.0,0.0,60.0,60.0,60.0,0.0,0.0,6.0,1.0,2.0,120.0,2.0,60.0,1.0,2.0,1.0,120.0,60.0,0.0
0.0,1e-06,5e-07,0.0,0.0,60.0,0.0,0.0,28.0,0.0,0.0,0.0,0.0,0.0,0.0,0.0,60.0,60.0,60.0,0.0,0.0,60.0,0.0,0.0,0.0,49914.0,0.0,0.0,0.0,6e+07,1.0,0.0,0.0,0.0,0.0,1e+06,0.0,0.0,0.0,0.0,0.0,0.0,0.0,0.0,0.0,0.0,0.0,0.0,0.0,0.0,0.0,0.0,1e-06,5e-07,0.0,0.0,0.0,60.0,60.0,60.0,0.0,0.0,17.0,0.0,0.0,60.0,1.0,0.0,0.0,1.0,0.0,60.0,0.0,0.0
0.0,0.006196022,0.003098011,0.0,0.0,133.0,1.0,161.39388,28.0,0.0,0.0,0.0,0.0,0.0,0.0,0.0,173.0,173.0,173.0,0.0,173.0,173.0,0.0,0.0,1.8602151,53.0,0.0,0.0,0.0,42930.77,6196.0,6196.022,6196.022,6196.022,0.0,322.78775,1.0,161.39388,28.0,0.0,0.0,0.0,0.0,0.0,0.0,93.0,93.0,93.0,0.0,93.0,93.0,0.0,0.006196022,0.003098011,0.0,0.0,0.0,173.0,133.0,93.0,40.0,1600.0,17.0,0.0,0.0,173.0,1.0,93.0,1.0,1.0,1.0,173.0,93.0,0.0
1.0,1e-06,5e-07,0.0,0.0,113.0,1.0,1e+06,40.0,0.0,0.0,0.0,0.0,0.0,65535.0,1.0,113.0,113.0,113.0,0.0,113.0,113.0,0.0,0.0,0.0,3128.0,0.0,0.0,0.0,1.13e+08,1.0,0.0,0.0,0.0,0.0,1e+06,0.0,0.0,0.0,0.0,0.0,0.0,0.0,0.0,0.0,0.0,0.0,0.0,0.0,0.0,0.0,0.0,1e-06,5e-07,0.0,0.0,1.0,113.0,113.0,113.0,0.0,0.0,6.0,0.0,0.0,113.0,1.0,0.0,0.0,1.0,0.0,113.0,0.0,0.0
619.0,3191.6533,1595.8267,0.0,0.0,255.73077,60.0,0.0015665862,12000.0,1.6589256e+09,1.0674424e+07,0.0,1.0936263e+08,3.1916526e+09,65535.0,273.0,442.0,225.86667,66.0,82.080826,13552.0,225.86667,0.0,0.0,0.7379977,2049.0,0.0,10.0,65535.0,49.99791,3.1916534e+09,1.6589247e+09,5.123039e+06,0.0,7.595099e+07,0.19550996,64.8,0.0015665862,12960.0,1.6589247e+09,9.88128e+06,0.0,1.05258376e+08,3.1916534e+09,274.0,4410.0,283.38272,66.0,412.46942,18363.2,283.38272,0.0,3191.6533,1595.8267,0.0,0.0,547.0,4410.0,255.73077,66.0,303.9772,92402.13,6.0,0.0,10.0,67760.0,300.0,91816.0,324.0,300.0,324.0,67760.0,91816.0,0.0
1.0,1.9073486e-06,9.536743e-07,0.0,0.0,57.0,0.0,0.0,40.0,0.0,0.0,0.0,0.0,0.0,65535.0,0.0,60.0,60.0,60.0,0.0,0.0,60.0,0.0,0.0,1.1111112,54521.0,0.0,0.0,65535.0,5.976883e+07,1.0,1.9073486,1.9073486,1.9073486,0.0,1.048576e+06,0.0,0.0,40.0,0.0,0.0,0.0,0.0,0.0,0.0,54.0,54.0,54.0,0.0,0.0,54.0,0.0,1.9073486e-06,9.536743e-07,0.0,0.0,0.0,60.0,57.0,54.0,4.2426405,18.0,6.0,1.0,1.0,60.0,1.0,54.0,1.0,1.0,1.0,60.0,54.0,0.0
1.0,0.0,0.0,0.0,0.0,67.0,0.0,0.0,40.0,0.0,0.0,0.0,0.0,0.0,65535.0,0.0,74.0,74.0,74.0,0.0,0.0,74.0,0.0,0.0,1.2333333,51017.0,0.0,0.0,65535.0,0.0,0.0,0.0,0.0,0.0,0.0,0.0,0.0,0.0,40.0,0.0,0.0,0.0,0.0,0.0,0.0,60.0,60.0,60.0,0.0,0.0,60.0,0.0,0.0,0.0,0.0,0.0,0.0,74.0,67.0,60.0,9.899495,98.0,6.0,1.0,1.0,74.0,1.0,60.0,1.0,1.0,1.0,74.0,60.0,0.0
0.0,1e-06,5e-07,0.0,0.0,60.0,0.0,0.0,28.0,0.0,0.0,0.0,0.0,0.0,0.0,0.0,60.0,60.0,60.0,0.0,0.0,60.0,0.0,0.0,0.0,19013.0,0.0,0.0,0.0,6e+07,1.0,0.0,0.0,0.0,0.0,1e+06,0.0,0.0,0.0,0.0,0.0,0.0,0.0,0.0,0.0,0.0,0.0,0.0,0.0,0.0,0.0,0.0,1e-06,5e-07,0.0,0.0,0.0,60.0,60.0,60.0,0.0,0.0,17.0,0.0,0.0,60.0,1.0,0.0,0.0,1.0,0.0,60.0,0.0,0.0
0.0,1e-06,5e-07,0.0,0.0,60.0,1.0,1e+06,28.0,0.0,0.0,0.0,0.0,0.0,0.0,0.0,60.0,60.0,60.0,0.0,60.0,60.0,0.0,0.0,0.0,51474.0,0.0,0.0,0.0,6e+07,1.0,0.0,0.0,0.0,0.0,1e+06,0.0,0.0,0.0,0.0,0.0,0.0,0.0,0.0,0.0,0.0,0.0,0.0,0.0,0.0,0.0,0.0,1e-06,5e-07,0.0,0.0,0.0,60.0,60.0,60.0,0.0,0.0,17.0,0.0,0.0,60.0,1.0,0.0,0.0,1.0,0.0,60.0,0.0,0.0
1.0,2.7179718e-05,1.3589859e-05,0.0,0.0,64.0,1.0,36792.14,40.0,0.0,0.0,0.0,0.0,0.0,65535.0,0.0,74.0,74.0,74.0,0.0,74.0,74.0,0.0,0.0,1.3703704,55090.0,0.0,0.0,65535.0,4.709394e+06,27.0,27.179718,27.179718,27.179718,0.0,73584.28,1.0,36792.14,40.0,0.0,0.0,0.0,0.0,0.0,0.0,54.0,54.0,54.0,0.0,54.0,54.0,0.0,2.7179718e-05,1.3589859e-05,0.0,0.0,0.0,74.0,64.0,54.0,10.0,100.0,6.0,1.0,1.0,74.0,1.0,54.0,1.0,1.0,1.0,74.0,54.0,0.0
27.0,964.9068,482.4534,0.0,0.0,125.7,6.0,0.0031091084,720.0,6.733937e+08,5.6759224e+07,0.0,1.68673e+08,9.649068e+08,65535.0,3.0,296.0,99.666664,66.0,73.15281,598.0,99.666664,0.0,0.0,0.90743554,52442.0,0.0,6.0,65535.0,3.9081495,9.649068e+08,6.733937e+08,3.3272648e+07,0.0,1.3213397e+08,0.031091085,4.0,0.0031091084,480.0,6.733939e+08,8.771877e+07,281.81076,2.031093e+08,9.6490643e+08,3.0,453.0,164.75,66.0,166.45326,659.0,164.75,0.0,964.9068,482.4534,0.0,0.0,6.0,453.0,125.7,66.0,123.733894,15310.077,6.0,0.0,6.0,1794.0,18.0,1977.0,12.0,18.0,12.0,1794.0,1977.0,0.0
7.0,5.006161,2.5030804,0.0,0.0,217.875,1.5,0.39950773,120.0,5.00362e+06,2.502492e+06,1363.9927,2.501128e+06,5.004984e+06,65535.0,0.0,74.0,68.666664,66.0,3.7712362,103.0,68.666664,0.0,0.0,0.13402733,9092.0,0.0,2.0,65535.0,348.171,5.00616e+06,5.003163e+06,715165.9,0.0,1.7505676e+06,1.5980309,2.5,0.39950773,200.0,5.004251e+06,1.2515402e+06,0.0,2.1666285e+06,5.006161e+06,1.0,1265.0,307.4,66.0,478.81003,768.5,307.4,0.0,5.006161,2.5030804,0.0,0.0,1.0,1265.0,217.875,66.0,395.7905,156650.11,6.0,0.0,2.0,206.0,3.0,1537.0,5.0,3.0,5.0,206.0,1537.0,0.0
56.0,10050.79,5025.395,0.0,0.0,433.0,5.1666665,0.000596968,1240.0,3.750984e+09,3.3502634e+08,0.0,8.95531e+08,1.005079e+10,65535.0,6.0,444.0,132.64516,66.0,133.09917,685.3333,132.64516,0.0,0.0,0.18087447,43416.0,0.0,12.0,65535.0,2.6710336,1.005079e+10,3.7509837e+09,1.6476706e+08,0.0,6.49975e+08,0.006168669,5.1666665,0.000596968,1240.0,3.750984e+09,3.3502634e+08,45.06111,8.95531e+08,1.005079e+10,7.0,3506.0,733.35486,66.0,1320.3726,3789.0,733.35486,0.0,10050.79,5025.395,0.0,0.0,13.0,3506.0,433.0,66.0,985.2729,970762.6,6.0,0.0,12.0,4112.0,31.0,22734.0,31.0,31.0,31.0,4112.0,22734.0,0.0
0.0,984.55396,492.27698,0.0,0.0,118.5,1.0,0.0020313768,56.0,9.845539e+08,9.845539e+08,9.845539e+08,0.0,9.845539e+08,0.0,0.0,157.0,142.5,128.0,14.5,142.5,142.5,0.0,0.0,1.5079365,53.0,0.0,0.0,0.0,0.48143628,9.845539e+08,9.845533e+08,3.2818464e+08,0.0,4.6412272e+08,0.0040627536,1.0,0.0020313768,56.0,9.845533e+08,9.845533e+08,9.845533e+08,0.0,9.845533e+08,0.0,96.0,94.5,93.0,1.5,94.5,94.5,0.0,984.55396,492.27698,0.0,0.0,0.0,157.0,118.5,93.0,26.119915,682.25,17.0,0.0,0.0,285.0,2.0,189.0,2.0,2.0,2.0,285.0,189.0,0.0
3.0,924.7065,462.35324,0.0,0.0,67.0,0.0,0.0,120.0,6.332036e+08,4.623521e+08,2.9150058e+08,2.4162053e+08,9.247042e+08,65535.0,0.0,74.0,74.0,74.0,0.0,0.0,74.0,0.0,0.0,1.2333333,59579.0,0.0,0.0,65535.0,0.43473253,9.247065e+08,6.332036e+08,1.849413e+08,0.9536743,2.8058096e+08,0.0064885453,0.0,0.0,120.0,6.332041e+08,4.6235325e+08,2.9150243e+08,2.4161954e+08,9.247065e+08,0.0,60.0,60.0,60.0,0.0,0.0,60.0,0.0,924.7065,462.35324,0.0,0.0,0.0,74.0,67.0,60.0,7.6681156,58.8,6.0,3.0,3.0,222.0,3.0,180.0,3.0,3.0,3.0,222.0,180.0,0.0
0.0,14.7396145,7.3698072,0.0,0.0,60.0,0.0,0.0,0.0,0.0,0.0,0.0,0.0,0.0,0.0,0.0,0.0,0.0,0.0,0.0,0.0,0.0,0.0,0.0,0.0,80.0,0.0,0.0,65535.0,16.28265,1.4739614e+07,1.3461273e+07,4.913205e+06,0.0,7.430386e+06,0.2713775,0.0,0.0,160.0,1.3461273e+07,4.913205e+06,0.0,7.430386e+06,1.4739615e+07,0.0,60.0,60.0,60.0,0.0,0.0,60.0,0.0,14.7396145,7.3698072,0.0,0.0,0.0,60.0,60.0,60.0,0.0,0.0,6.0,1.0,3.0,0.0,0.0,240.0,4.0,0.0,4.0,0.0,240.0,0.0
0.0,1e-06,5e-07,0.0,0.0,93.0,1.0,1e+06,28.0,0.0,0.0,0.0,0.0,0.0,0.0,0.0,93.0,93.0,93.0,0.0,93.0,93.0,0.0,0.0,0.0,36181.0,0.0,0.0,0.0,9.3e+07,1.0,0.0,0.0,0.0,0.0,1e+06,0.0,0.0,0.0,0.0,0.0,0.0,0.0,0.0,0.0,0.0,0.0,0.0,0.0,0.0,0.0,0.0,1e-06,5e-07,0.0,0.0,0.0,93.0,93.0,93.0,0.0,0.0,17.0,0.0,0.0,93.0,1.0,0.0,0.0,1.0,0.0,93.0,0.0,0.0
9.0,0.005731106,0.002865553,0.0,0.0,89.3,5.0,174.48639,200.0,3835.9165,1349.5088,391.00647,1437.9673,5398.035,65535.0,1.0,276.0,109.6,66.0,83.257675,548.0,109.6,0.0,0.0,1.5884058,42187.0,0.0,2.0,65535.0,155816.36,5731.0,3241.0623,636.78955,36.001205,941.7422,1744.864,5.0,174.48639,200.0,3241.0623,1409.5306,53.8826,1169.73,5638.1226,1.0,74.0,69.0,66.0,3.6878178,345.0,69.0,0.0,0.005731106,0.002865553,0.0,0.0,2.0,276.0,89.3,66.0,62.328243,3884.81,6.0,0.0,2.0,548.0,5.0,345.0,5.0,5.0,5.0,548.0,345.0,0.0
61.0,1486.5017,743.25085,0.0,0.0,120.55882,5.857143,0.0047090426,1640.0,4.0085302e+08,3.7162544e+07,0.0,9.489456e+07,1.4865018e+09,65535.0,7.0,330.0,98.48781,66.0,76.10587,576.8571,98.48781,0.0,0.0,0.9706731,49184.0,0.0,14.0,65535.0,5.5149617,1.4865018e+09,4.0085302e+08,2.2186592e+07,0.0,7.555377e+07,0.045744985,3.857143,0.0047090426,1080.0,4.0085334e+08,5.7173132e+07,298.02322,1.1273772e+08,1.4865014e+09,6.0,453.0,154.07408,66.0,159.81725,594.2857,154.07408,0.0,1486.5017,743.25085,0.0,0.0,13.0,453.0,120.55882,66.0,119.88958,14373.512,6.0,0.0,14.0,4038.0,41.0,4160.0,27.0,41.0,27.0,4038.0,4160.0,0.0
1.0,1e-06,5e-07,0.0,0.0,60.0,0.0,0.0,0.0,0.0,0.0,0.0,0.0,0.0,0.0,0.0,0.0,0.0,0.0,0.0,0.0,0.0,0.0,0.0,0.0,62381.0,0.0,0.0,65535.0,6e+07,1.0,0.0,0.0,0.0,0.0,1e+06,0.0,0.0,40.0,0.0,0.0,0.0,0.0,0.0,0.0,60.0,60.0,60.0,0.0,0.0,60.0,0.0,1e-06,5e-07,0.0,0.0,0.0,60.0,60.0,60.0,0.0,0.0,6.0,1.0,0.0,0.0,0.0,60.0,1.0,0.0,1.0,0.0,60.0,0.0
18.0,285.6294,142.8147,0.0,0.0,127.9,5.5,0.0070020803,440.0,2.8560493e+08,2.856294e+07,178.09868,8.5680664e+07,2.8562938e+08,65535.0,2.0,258.0,101.27273,66.0,71.16318,557.0,101.27273,0.0,0.0,0.77146816,39899.0,0.0,4.0,65535.0,8.955661,2.856294e+08,2.8560493e+08,1.5033126e+07,0.0,6.3774384e+07,0.0700208,4.5,0.0070020803,360.0,2.8560525e+08,3.57036e+07,18.119812,9.4453944e+07,2.856288e+08,2.0,893.0,160.44444,66.0,259.02127,722.0,160.44444,0.0,285.6294,142.8147,0.0,0.0,4.0,893.0,127.9,66.0,183.96545,33843.29,6.0,0.0,4.0,1114.0,11.0,1444.0,9.0,11.0,9.0,1114.0,1444.0,0.0
3.0,910.7249,455.36246,0.0,0.0,67.0,0.0,0.0,120.0,5.876917e+08,4.5536243e+08,3.2303315e+08,1.8714189e+08,9.1072486e+08,65535.0,0.0,74.0,74.0,74.0,0.0,0.0,74.0,0.0,0.0,1.2333333,49247.0,0.0,0.0,65535.0,0.44140664,9.1072486e+08,5.876914e+08,1.8214498e+08,0.0,2.6638677e+08,0.0065881587,0.0,0.0,120.0,5.876914e+08,4.5536227e+08,3.2303315e+08,1.8714165e+08,9.1072454e+08,0.0,60.0,60.0,60.0,0.0,0.0,60.0,0.0,910.7249,455.36246,0.0,0.0,0.0,74.0,67.0,60.0,7.6681156,58.8,6.0,3.0,3.0,222.0,3.0,180.0,3.0,3.0,3.0,222.0,180.0,0.0
1.0,1e-06,5e-07,0.0,0.0,60.0,0.0,0.0,0.0,0.0,0.0,0.0,0.0,0.0,0.0,0.0,0.0,0.0,0.0,0.0,0.0,0.0,0.0,0.0,0.0,38680.0,0.0,0.0,65535.0,6e+07,1.0,0.0,0.0,0.0,0.0,1e+06,0.0,0.0,40.0,0.0,0.0,0.0,0.0,0.0,0.0,60.0,60.0,60.0,0.0,0.0,60.0,0.0,1e-06,5e-07,0.0,0.0,0.0,60.0,60.0,60.0,0.0,0.0,6.0,1.0,0.0,0.0,0.0,60.0,1.0,0.0,1.0,0.0,60.0,0.0
1.0,0.00028014183,0.00014007092,0.0,0.0,67.0,0.0,0.0,40.0,0.0,0.0,0.0,0.0,0.0,65535.0,0.0,74.0,74.0,74.0,0.0,0.0,74.0,0.0,0.0,1.2333333,48429.0,0.0,0.0,65535.0,478329.12,280.0,280.14185,280.14185,280.14185,0.0,7139.2407,0.0,0.0,40.0,0.0,0.0,0.0,0.0,0.0,0.0,60.0,60.0,60.0,0.0,0.0,60.0,0.0,0.00028014183,0.00014007092,0.0,0.0,0.0,74.0,67.0,60.0,9.899495,98.0,6.0,1.0,1.0,74.0,1.0,60.0,1.0,1.0,1.0,74.0,60.0,0.0
0.0,0.18955207,0.094776034,0.0,0.0,60.0,0.0,0.0,56.0,189552.06,189552.06,189552.06,0.0,189552.06,0.0,0.0,60.0,60.0,60.0,0.0,0.0,60.0,0.0,0.0,0.0,3913.0,0.0,0.0,0.0,633.0714,189552.0,189552.06,189552.06,189552.06,0.0,10.55119,0.0,0.0,0.0,0.0,0.0,0.0,0.0,0.0,0.0,0.0,0.0,0.0,0.0,0.0,0.0,0.0,0.18955207,0.094776034,0.0,0.0,0.0,60.0,60.0,60.0,0.0,0.0,17.0,0.0,0.0,120.0,2.0,0.0,0.0,2.0,0.0,120.0,0.0,0.0
59.0,4115.365,2057.6826,0.0,0.0,413.7846,5.3333335,0.0014579508,1280.0,1.3065043e+09,1.3275371e+08,0.0,3.4800506e+08,4.115365e+09,65535.0,6.0,417.0,125.9375,66.0,121.8008,671.6667,125.9375,0.0,0.0,0.1762442,49082.0,0.0,12.0,65535.0,6.5355077,4.115365e+09,1.3065043e+09,6.430258e+07,0.0,2.5112354e+08,0.015794467,5.5,0.0014579508,1320.0,1.3065043e+09,1.2860516e+08,46.014786,3.4330224e+08,4.115365e+09,9.0,3506.0,692.9091,66.0,1213.3093,3811.0,692.9091,0.0,4115.365,2057.6826,0.0,0.0,15.0,3506.0,413.7846,66.0,913.80115,835032.56,6.0,0.0,12.0,4030.0,32.0,22866.0,33.0,32.0,33.0,4030.0,22866.0,0.0
11.0,1.635067,0.8175335,0.0,0.0,371.66666,3.0,1.2231915,240.0,1.6219501e+06,326890.4,508.07,647533.6,1.6344521e+06,65535.0,1.0,278.0,102.666664,66.0,78.46584,308.0,102.666664,0.0,0.0,0.16024974,45388.0,0.0,2.0,65535.0,2727.717,1.635066e+06,1.6219501e+06,148642.45,0.0,465902.97,7.339149,3.0,1.2231915,240.0,1.6246119e+06,326975.6,0.0,648825.8,1.6348779e+06,2.0,2962.0,640.6667,66.0,1056.8322,1922.0,640.6667,0.0,1.635067,0.8175335,0.0,0.0,3.0,2962.0,371.66666,66.0,796.1699,633886.56,6.0,0.0,2.0,616.0,6.0,3844.0,6.0,6.0,6.0,616.0,3844.0,0.0
0.0,1e-06,5e-07,0.0,0.0,60.0,0.0,0.0,28.0,0.0,0.0,0.0,0.0,0.0,0.0,0.0,60.0,60.0,60.0,0.0,0.0,60.0,0.0,0.0,0.0,42569.0,0.0,0.0,0.0,6e+07,1.0,0.0,0.0,0.0,0.0,1e+06,0.0,0.0,0.0,0.0,0.0,0.0,0.0,0.0,0.0,0.0,0.0,0.0,0.0,0.0,0.0,0.0,1e-06,5e-07,0.0,0.0,0.0,60.0,60.0,60.0,0.0,0.0,17.0,0.0,0.0,60.0,1.0,0.0,0.0,1.0,0.0,60.0,0.0,0.0
1.0,0.00031208992,0.00015604496,0.0,0.0,60.0,1.0,3204.2048,40.0,0.0,0.0,0.0,0.0,0.0,65535.0,0.0,60.0,60.0,60.0,0.0,60.0,60.0,0.0,0.0,1.0,2751.0,0.0,0.0,65535.0,384504.56,312.0,312.0899,312.0899,312.0899,0.0,6408.4097,1.0,3204.2048,40.0,0.0,0.0,0.0,0.0,0.0,0.0,60.0,60.0,60.0,0.0,60.0,60.0,0.0,0.00031208992,0.00015604496,0.0,0.0,0.0,60.0,60.0,60.0,0.0,0.0,6.0,1.0,1.0,60.0,1.0,60.0,1.0,1.0,1.0,60.0,60.0,0.0
13.0,0.0031552315,0.0015776157,0.0,0.0,110.14286,7.0,316.93396,280.0,830.17346,498.53326,240.08751,235.87813,2991.1995,65535.0,3.0,334.0,109.42857,66.0,91.92366,766.0,109.42857,0.0,0.0,0.9871134,44096.0,0.0,2.0,65535.0,488712.16,3155.0,480.17502,242.71011,0.0,154.42523,4437.075,7.0,316.93396,280.0,1211.8816,499.3677,0.0,420.89743,2996.2063,2.0,368.0,110.85714,66.0,105.01623,776.0,110.85714,0.0,0.0031552315,0.0015776157,0.0,0.0,5.0,368.0,110.14286,66.0,98.68989,9739.694,6.0,0.0,2.0,766.0,7.0,776.0,7.0,7.0,7.0,766.0,776.0,0.0
1.0,4.053116e-06,2.026558e-06,0.0,0.0,57.0,1.0,246723.77,40.0,0.0,0.0,0.0,0.0,0.0,65535.0,0.0,60.0,60.0,60.0,0.0,60.0,60.0,0.0,0.0,1.1111112,1973.0,0.0,0.0,65535.0,2.812651e+07,4.0,4.053116,4.053116,4.053116,0.0,493447.53,1.0,246723.77,40.0,0.0,0.0,0.0,0.0,0.0,0.0,54.0,54.0,54.0,0.0,54.0,54.0,0.0,4.053116e-06,2.026558e-06,0.0,0.0,0.0,60.0,57.0,54.0,3.0,9.0,6.0,1.0,1.0,60.0,1.0,54.0,1.0,1.0,1.0,60.0,54.0,0.0
11.0,0.01582408,0.00791204,0.0,0.0,273.83334,7.0,63.194828,280.0,10675.907,2637.3467,172.13821,3702.7239,15824.079,65535.0,1.0,2447.0,407.2857,66.0,832.7144,2851.0,407.2857,0.0,0.0,6.554023,34141.0,0.0,2.0,65535.0,207658.2,15824.0,10170.937,1438.5527,0.0,2870.3318,758.33795,5.0,63.194828,200.0,10170.937,3914.4753,481.1287,3855.2815,15657.901,2.0,129.0,87.0,66.0,24.429491,435.0,87.0,0.0,0.01582408,0.00791204,0.0,0.0,3.0,2447.0,273.83334,66.0,655.49457,429673.12,6.0,0.0,2.0,2851.0,7.0,435.0,5.0,7.0,5.0,2851.0,435.0,0.0
45.0,2082.2395,1041.1198,0.0,0.0,119.26,5.8,0.002401261,1160.0,1.3553393e+09,7.43657e+07,0.0,2.6356459e+08,2.0822395e+09,65535.0,5.0,300.0,101.44827,66.0,74.570305,588.4,101.44827,0.0,0.0,0.9738497,33474.0,0.0,10.0,65535.0,2.8637438,2.0822395e+09,1.3553393e+09,4.2494684e+07,0.0,2.0260645e+08,0.024012608,4.2,0.002401261,840.0,1.3553393e+09,1.0411194e+08,82.01599,3.0684835e+08,2.0822387e+09,5.0,453.0,143.85715,66.0,150.2868,604.2,143.85715,0.0,2082.2395,1041.1198,0.0,0.0,10.0,453.0,119.26,66.0,114.671326,13149.513,6.0,0.0,10.0,2942.0,29.0,3021.0,21.0,29.0,21.0,2942.0,3021.0,0.0
1.0,6.508827e-05,3.2544136e-05,0.0,0.0,64.0,1.0,15363.751,40.0,0.0,0.0,0.0,0.0,0.0,65535.0,0.0,74.0,74.0,74.0,0.0,74.0,74.0,0.0,0.0,1.3703704,42639.0,0.0,0.0,65535.0,1.9665601e+06,65.0,65.08827,65.08827,65.08827,0.0,30727.502,1.0,15363.751,40.0,0.0,0.0,0.0,0.0,0.0,0.0,54.0,54.0,54.0,0.0,54.0,54.0,0.0,6.508827e-05,3.2544136e-05,0.0,0.0,0.0,74.0,64.0,54.0,10.0,100.0,6.0,1.0,1.0,74.0,1.0,54.0,1.0,1.0,1.0,74.0,54.0,0.0
34.0,489.29767,244.64883,0.0,0.0,188.97298,6.6666665,0.006131237,800.0,3.409787e+08,2.5752508e+07,0.0,8.13242e+07,4.8929766e+08,65535.0,7.0,371.0,107.35,66.0,87.49587,715.6667,107.35,0.0,0.0,0.44313726,44248.0,0.0,6.0,65535.0,14.28987,4.8929766e+08,3.409787e+08,1.3591602e+07,0.0,6.04633e+07,0.075618595,5.6666665,0.006131237,680.0,3.4097984e+08,3.0581044e+07,0.0,8.778432e+07,4.892967e+08,7.0,1346.0,285.0,66.0,404.57938,1615.0,285.0,0.0,489.29767,244.64883,0.0,0.0,14.0,1346.0,188.97298,66.0,295.26685,87182.516,6.0,0.0,6.0,2147.0,20.0,4845.0,17.0,20.0,17.0,2147.0,4845.0,0.0
0.0,0.00013899803,6.9499016e-05,0.0,0.0,116.0,1.0,7194.3467,28.0,0.0,0.0,0.0,0.0,0.0,0.0,0.0,100.0,100.0,100.0,0.0,100.0,100.0,0.0,0.0,0.75757575,52580.0,0.0,0.0,0.0,1.6690884e+06,138.0,138.99803,138.99803,138.99803,0.0,14388.693,1.0,7194.3467,28.0,0.0,0.0,0.0,0.0,0.0,0.0,132.0,132.0,132.0,0.0,132.0,132.0,0.0,0.00013899803,6.9499016e-05,0.0,0.0,0.0,132.0,116.0,100.0,16.0,256.0,17.0,0.0,0.0,100.0,1.0,132.0,1.0,1.0,1.0,100.0,132.0,0.0
0.0,1e-06,5e-07,0.0,0.0,60.0,1.0,1e+06,40.0,0.0,0.0,0.0,0.0,0.0,65535.0,0.0,60.0,60.0,60.0,0.0,60.0,60.0,0.0,0.0,0.0,62516.0,0.0,0.0,0.0,6e+07,1.0,0.0,0.0,0.0,0.0,1e+06,0.0,0.0,0.0,0.0,0.0,0.0,0.0,0.0,0.0,0.0,0.0,0.0,0.0,0.0,0.0,0.0,1e-06,5e-07,0.0,0.0,0.0,60.0,60.0,60.0,0.0,0.0,6.0,1.0,0.0,60.0,1.0,0.0,0.0,1.0,0.0,60.0,0.0,0.0
25.0,366.21548,183.10774,0.0,0.0,1056.6666,7.5,0.005461266,600.0,3.6619075e+08,2.6158248e+07,0.0,9.430805e+07,3.6621546e+08,65535.0,2.0,3275.0,358.4,66.0,831.19446,2688.0,358.4,0.0,0.0,0.2321845,60708.0,0.0,4.0,65535.0,77.90495,3.6621546e+08,3.6619075e+08,1.408521e+07,0.0,7.042111e+07,0.073727086,6.0,0.005461266,480.0,3.6619075e+08,3.3292302e+07,0.0,1.05271736e+08,3.6621533e+08,6.0,7306.0,1929.5,66.0,2189.9448,11577.0,1929.5,0.0,366.21548,183.10774,0.0,0.0,8.0,7306.0,1056.6666,66.0,1767.7069,3.1247878e+06,6.0,0.0,4.0,5376.0,15.0,23154.0,12.0,15.0,12.0,5376.0,23154.0,0.0
0.0,1e-06,5e-07,0.0,0.0,96.0,1.0,1e+06,28.0,0.0,0.0,0.0,0.0,0.0,0.0,0.0,96.0,96.0,96.0,0.0,96.0,96.0,0.0,0.0,0.0,53.0,0.0,0.0,0.0,9.6e+07,1.0,0.0,0.0,0.0,0.0,1e+06,0.0,0.0,0.0,0.0,0.0,0.0,0.0,0.0,0.0,0.0,0.0,0.0,0.0,0.0,0.0,0.0,1e-06,5e-07,0.0,0.0,0.0,96.0,96.0,96.0,0.0,0.0,17.0,0.0,0.0,96.0,1.0,0.0,0.0,1.0,0.0,96.0,0.0,0.0
44.0,1210.5769,605.28845,0.0,0.0,80.195656,12.0,0.0016521049,960.0,1.2105361e+09,5.2633744e+07,0.0,2.468656e+08,1.2105761e+09,65535.0,16.0,117.0,85.333336,66.0,15.595583,1024.0,85.333336,0.0,0.0,1.2480195,21.0,0.0,4.0,65535.0,3.0473075,1.2105769e+09,1.2105356e+09,2.690171e+07,0.0,1.784395e+08,0.03799841,11.0,0.0016521049,880.0,1.2105361e+09,5.7646452e+07,51.97525,2.5779397e+08,1.2105755e+09,12.0,95.0,74.59091,66.0,9.556811,820.5,74.59091,0.0,1210.5769,605.28845,0.0,0.0,28.0,117.0,80.195656,66.0,14.120013,199.37477,6.0,0.0,4.0,2048.0,24.0,1641.0,22.0,24.0,22.0,2048.0,1641.0,0.0
36.0,1823.4093,911.70465,0.0,0.0,123.375,6.0,0.0021936928,960.0,8.3303066e+08,7.9278664e+07,0.0,2.3444656e+08,1.8234093e+09,65535.0,4.0,301.0,95.791664,66.0,64.90826,574.75,95.791664,0.0,0.0,0.8721548,58668.0,0.0,8.0,65535.0,2.7064686,1.8234093e+09,8.3303066e+08,4.6754084e+07,0.0,1.8421733e+08,0.021936929,4.0,0.0021936928,640.0,8.3303174e+08,1.215606e+08,180.00603,2.8131885e+08,1.823409e+09,4.0,453.0,164.75,66.0,166.45326,659.0,164.75,0.0,1823.4093,911.70465,0.0,0.0,8.0,453.0,123.375,66.0,121.456924,14751.784,6.0,0.0,8.0,2299.0,24.0,2636.0,16.0,24.0,16.0,2299.0,2636.0,0.0
0.0,0.0005469322,0.0002734661,0.0,0.0,117.0,1.0,1828.3801,28.0,0.0,0.0,0.0,0.0,0.0,0.0,0.0,101.0,101.0,101.0,0.0,101.0,101.0,0.0,0.0,0.7593985,58519.0,0.0,0.0,0.0,427840.94,546.0,546.93225,546.93225,546.93225,0.0,3656.7603,1.0,1828.3801,28.0,0.0,0.0,0.0,0.0,0.0,0.0,133.0,133.0,133.0,0.0,133.0,133.0,0.0,0.0005469322,0.0002734661,0.0,0.0,0.0,133.0,117.0,101.0,16.0,256.0,17.0,0.0,0.0,101.0,1.0,133.0,1.0,1.0,1.0,101.0,133.0,0.0
0.0,58.50675,29.253374,0.0,0.0,60.0,0.0,0.0,0.0,0.0,0.0,0.0,0.0,0.0,0.0,0.0,0.0,0.0,0.0,0.0,0.0,0.0,0.0,0.0,0.0,80.0,0.0,0.0,65535.0,4.102091,5.8506748e+07,2.9661028e+07,1.950225e+07,6.554164e+06,1.1803261e+07,0.06836818,0.0,0.0,160.0,2.9661028e+07,1.950225e+07,6.554164e+06,1.1803261e+07,5.8506748e+07,0.0,60.0,60.0,60.0,0.0,0.0,60.0,0.0,58.50675,29.253374,0.0,0.0,0.0,60.0,60.0,60.0,0.0,0.0,6.0,0.0,4.0,0.0,0.0,240.0,4.0,0.0,4.0,0.0,240.0,0.0
1.0,1e-06,5e-07,0.0,0.0,60.0,1.0,1e+06,40.0,0.0,0.0,0.0,0.0,0.0,65535.0,0.0,60.0,60.0,60.0,0.0,60.0,60.0,0.0,0.0,1.0,1187.0,0.0,0.0,65535.0,1.2e+08,1.0,0.0,0.0,0.0,0.0,2e+06,1.0,1e+06,40.0,0.0,0.0,0.0,0.0,0.0,0.0,60.0,60.0,60.0,0.0,60.0,60.0,0.0,1e-06,5e-07,0.0,0.0,0.0,60.0,60.0,60.0,0.0,0.0,6.0,1.0,1.0,60.0,1.0,60.0,1.0,1.0,1.0,60.0,60.0,0.0
0.0,1e-06,5e-07,0.0,0.0,60.0,0.0,0.0,28.0,0.0,0.0,0.0,0.0,0.0,0.0,0.0,60.0,60.0,60.0,0.0,0.0,60.0,0.0,0.0,0.0,52186.0,0.0,0.0,0.0,6e+07,1.0,0.0,0.0,0.0,0.0,1e+06,0.0,0.0,0.0,0.0,0.0,0.0,0.0,0.0,0.0,0.0,0.0,0.0,0.0,0.0,0.0,0.0,1e-06,5e-07,0.0,0.0,0.0,60.0,60.0,60.0,0.0,0.0,17.0,0.0,0.0,60.0,1.0,0.0,0.0,1.0,0.0,60.0,0.0,0.0
9.0,0.008372068,0.004186034,0.0,0.0,85.9,5.0,119.44479,200.0,5347.0137,2018.5114,631.094,1946.8156,8074.0454,65535.0,1.0,242.0,102.8,66.0,69.66893,514.0,102.8,0.0,0.0,1.489855,39163.0,0.0,2.0,65535.0,102603.08,8372.0,5287.1704,930.2298,59.843063,1567.8369,1194.448,5.0,119.44479,200.0,5585.194,2059.0425,355.95892,2063.2546,8236.17,1.0,74.0,69.0,66.0,3.6878178,345.0,69.0,0.0,0.008372068,0.004186034,0.0,0.0,2.0,242.0,85.9,66.0,52.146812,2719.29,6.0,0.0,2.0,514.0,5.0,345.0,5.0,5.0,5.0,514.0,345.0,0.0
0.0,0.03776598,0.01888299,0.0,0.0,179.0,1.0,26.478857,28.0,0.0,0.0,0.0,0.0,0.0,0.0,0.0,228.0,228.0,228.0,0.0,228.0,228.0,0.0,0.0,1.7538462,53.0,0.0,0.0,0.0,9479.431,37765.0,37765.98,37765.98,37765.98,0.0,52.957714,1.0,26.478857,28.0,0.0,0.0,0.0,0.0,0.0,0.0,130.0,130.0,130.0,0.0,130.0,130.0,0.0,0.03776598,0.01888299,0.0,0.0,0.0,228.0,179.0,130.0,49.0,2401.0,17.0,0.0,0.0,228.0,1.0,130.0,1.0,1.0,1.0,228.0,130.0,0.0
0.0,1911.266,955.633,0.0,0.0,115.0,1.0,0.0015696402,84.0,1.04936454e+09,9.556324e+08,8.619003e+08,9.3732136e+07,1.9112648e+09,0.0,0.0,148.0,133.66667,125.0,10.208928,133.66667,133.66667,0.0,0.0,1.3875432,53.0,0.0,0.0,0.0,0.36101726,1.9112659e+09,1.0493637e+09,3.822532e+08,844.0018,4.7189978e+08,0.0031392805,1.0,0.0015696402,84.0,1.04936474e+09,9.556326e+08,8.6190035e+08,9.37322e+07,1.9112652e+09,0.0,100.0,96.333336,93.0,2.8674417,96.333336,96.333336,0.0,1911.266,955.633,0.0,0.0,0.0,148.0,115.0,93.0,20.11633,404.66666,17.0,0.0,0.0,401.0,3.0,289.0,3.0,3.0,3.0,401.0,289.0,0.0
9.0,0.0072329044,0.0036164522,0.0,0.0,235.8,6.0,138.25705,240.0,3356.9336,1446.5809,0.0,1421.453,7232.9043,65535.0,1.0,921.0,209.83333,66.0,318.05682,1259.0,209.83333,0.0,0.0,1.1455868,38677.0,0.0,2.0,65535.0,326010.12,7232.0,2408.9814,803.65607,0.0,841.09045,1382.5704,4.0,138.25705,160.0,2907.0378,2219.9949,1744.9856,497.5339,6659.9844,1.0,893.0,274.75,66.0,356.96173,1099.0,274.75,0.0,0.0072329044,0.0036164522,0.0,0.0,2.0,921.0,235.8,66.0,335.6727,112676.16,6.0,0.0,2.0,1259.0,6.0,1099.0,4.0,6.0,4.0,1259.0,1099.0,0.0
0.0,1e-06,5e-07,0.0,0.0,60.0,0.0,0.0,0.0,0.0,0.0,0.0,0.0,0.0,0.0,0.0,0.0,0.0,0.0,0.0,0.0,0.0,0.0,0.0,0.0,80.0,0.0,0.0,65535.0,6e+07,1.0,0.0,0.0,0.0,0.0,1e+06,0.0,0.0,40.0,0.0,0.0,0.0,0.0,0.0,0.0,60.0,60.0,60.0,0.0,0.0,60.0,0.0,1e-06,5e-07,0.0,0.0,0.0,60.0,60.0,60.0,0.0,0.0,6.0,0.0,1.0,0.0,0.0,60.0,1.0,0.0,1.0,0.0,60.0,0.0
45.0,8381.206,4190.603,0.0,0.0,143.92308,6.0,0.0005965728,1200.0,3.5443044e+09,2.890071e+08,191.92696,8.901745e+08,8.381206e+09,65535.0,8.0,834.0,110.666664,66.0,143.9841,664.0,110.666664,0.0,0.0,0.7973103,58826.0,0.0,5.0,65535.0,0.89295024,8.381206e+09,3.5443044e+09,1.6433738e+08,9.059906,6.8634854e+08,0.0062043574,4.4,0.0005965728,880.0,3.5443067e+09,3.9910506e+08,53.8826,1.0248617e+09,8.381206e+09,9.0,1170.0,189.27272,54.0,312.1553,832.8,189.27272,0.0,8381.206,4190.603,0.0,0.0,17.0,1170.0,143.92308,54.0,233.86665,54693.61,6.0,3.0,8.0,3320.0,30.0,4164.0,22.0,30.0,22.0,3320.0,4164.0,0.0
11.0,0.0028390884,0.0014195442,0.0,0.0,81.5,6.0,352.22574,240.0,1330.8525,536.20337,0.0,483.11475,2681.0168,65535.0,2.0,138.0,88.166664,66.0,29.179996,529.0,88.166664,0.0,0.0,1.1781737,42214.0,0.0,2.0,65535.0,344476.75,2839.0,1175.8804,258.09894,0.0,328.96362,4226.709,6.0,352.22574,240.0,1175.8804,538.0154,0.0,427.83783,2690.077,2.0,107.0,74.833336,66.0,14.678972,449.0,74.833336,0.0,0.0028390884,0.0014195442,0.0,0.0,4.0,138.0,81.5,66.0,24.039898,577.9167,6.0,0.0,2.0,529.0,6.0,449.0,6.0,6.0,6.0,529.0,449.0,0.0
0.0,1269.3085,634.65424,0.0,0.0,93.0,0.0,0.0,56.0,1.2693084e+09,1.2693084e+09,1.2693084e+09,0.0,1.2693084e+09,0.0,0.0,96.0,93.0,90.0,4.2426405,0.0,93.0,0.0,0.0,0.0,52649.0,0.0,0.0,0.0,0.14653648,1.2693084e+09,1.2693084e+09,1.2693084e+09,1.2693084e+09,0.0,0.0015756611,0.0,0.0,0.0,0.0,0.0,0.0,0.0,0.0,0.0,0.0,0.0,0.0,0.0,0.0,0.0,0.0,1269.3085,634.65424,0.0,0.0,0.0,96.0,93.0,90.0,4.2426405,18.0,17.0,0.0,0.0,186.0,2.0,0.0,0.0,2.0,0.0,186.0,0.0,0.0
1.0,1e-06,5e-07,0.0,0.0,54.0,0.0,0.0,0.0,0.0,0.0,0.0,0.0,0.0,0.0,0.0,0.0,0.0,0.0,0.0,0.0,0.0,0.0,0.0,0.0,56500.0,0.0,0.0,65535.0,5.4e+07,1.0,0.0,0.0,0.0,0.0,1e+06,0.0,0.0,40.0,0.0,0.0,0.0,0.0,0.0,0.0,54.0,54.0,54.0,0.0,0.0,54.0,0.0,1e-06,5e-07,0.0,0.0,0.0,54.0,54.0,54.0,0.0,0.0,6.0,1.0,0.0,0.0,0.0,54.0,1.0,0.0,1.0,0.0,54.0,0.0
0.0,1e-06,5e-07,0.0,0.0,60.0,0.0,0.0,28.0,0.0,0.0,0.0,0.0,0.0,0.0,0.0,60.0,60.0,60.0,0.0,0.0,60.0,0.0,0.0,0.0,3259.0,0.0,0.0,0.0,6e+07,1.0,0.0,0.0,0.0,0.0,1e+06,0.0,0.0,0.0,0.0,0.0,0.0,0.0,0.0,0.0,0.0,0.0,0.0,0.0,0.0,0.0,0.0,1e-06,5e-07,0.0,0.0,0.0,60.0,60.0,60.0,0.0,0.0,17.0,0.0,0.0,60.0,1.0,0.0,0.0,1.0,0.0,60.0,0.0,0.0
9.0,0.008550882,0.004275441,0.0,0.0,206.5,6.0,116.947,240.0,5517.9595,1710.1765,0.0,2030.9366,8550.883,65535.0,1.0,290.0,104.666664,66.0,82.93505,628.0,104.666664,0.0,0.0,0.43702158,46323.0,0.0,2.0,65535.0,241495.55,8550.0,5346.0596,950.098,0.0,1597.0679,1169.47,4.0,116.947,160.0,1577.8541,1033.3062,577.92664,413.05936,3099.9185,1.0,1231.0,359.25,66.0,503.3157,1437.0,359.25,0.0,0.008550882,0.004275441,0.0,0.0,2.0,1231.0,206.5,66.0,347.8687,121012.65,6.0,0.0,2.0,628.0,6.0,1437.0,4.0,6.0,4.0,628.0,1437.0,0.0
11.0,0.0037510395,0.0018755198,0.0,0.0,81.5,6.0,266.59277,240.0,1970.0527,748.01447,140.90538,663.26,3740.0723,65535.0,2.0,138.0,88.166664,66.0,29.179996,529.0,88.166664,0.0,0.0,1.1781737,56252.0,0.0,2.0,65535.0,260727.72,3751.0,1432.8956,341.0036,10.01358,388.24054,3199.1133,6.0,266.59277,240.0,1432.8956,746.20245,121.11664,452.7393,3731.0125,2.0,107.0,74.833336,66.0,14.678972,449.0,74.833336,0.0,0.0037510395,0.0018755198,0.0,0.0,4.0,138.0,81.5,66.0,24.039898,577.9167,6.0,0.0,2.0,529.0,6.0,449.0,6.0,6.0,6.0,529.0,449.0,0.0
0.0,1e-06,5e-07,0.0,0.0,60.0,1.0,1e+06,28.0,0.0,0.0,0.0,0.0,0.0,0.0,0.0,60.0,60.0,60.0,0.0,60.0,60.0,0.0,0.0,0.0,41934.0,0.0,0.0,0.0,6e+07,1.0,0.0,0.0,0.0,0.0,1e+06,0.0,0.0,0.0,0.0,0.0,0.0,0.0,0.0,0.0,0.0,0.0,0.0,0.0,0.0,0.0,0.0,1e-06,5e-07,0.0,0.0,0.0,60.0,60.0,60.0,0.0,0.0,17.0,0.0,0.0,60.0,1.0,0.0,0.0,1.0,0.0,60.0,0.0,0.0
9.0,0.0023210049,0.0011605024,0.0,0.0,169.9,6.0,430.84787,240.0,755.07166,464.201,196.93375,203.23698,2321.005,65535.0,1.0,262.0,100.0,66.0,72.50747,600.0,100.0,0.0,0.0,0.5459509,41129.0,0.0,2.0,65535.0,732010.5,2321.0,607.9674,258.10135,1.9073486,209.4597,4308.4785,4.0,430.84787,160.0,998.9738,607.6495,169.03877,340.46542,1822.9485,1.0,893.0,274.75,66.0,356.96173,1099.0,274.75,0.0,0.0023210049,0.0011605024,0.0,0.0,2.0,893.0,169.9,66.0,247.89532,61452.09,6.0,0.0,2.0,600.0,6.0,1099.0,4.0,6.0,4.0,600.0,1099.0,0.0
7.0,1.0099568,0.5049784,0.0,0.0,72.125,1.5,1.9802827,120.0,1.002862e+06,504513.97,6165.9814,498348.0,1.00902794e+06,65535.0,1.0,99.0,79.666664,66.0,14.055446,119.5,79.666664,0.0,0.0,0.7071006,22.0,0.0,2.0,65535.0,571.3115,1.009956e+06,1.00192806e+06,144279.55,0.0,350137.44,7.9211307,2.5,1.9802827,200.0,1.00192806e+06,252489.2,1288.8909,432691.62,1.0099568e+06,0.0,74.0,67.6,66.0,3.2,169.0,67.6,0.0,1.0099568,0.5049784,0.0,0.0,1.0,99.0,72.125,66.0,10.705577,114.609375,6.0,0.0,2.0,239.0,3.0,338.0,5.0,3.0,5.0,239.0,338.0,0.0
15.0,0.0050108433,0.0025054216,0.0,0.0,84.5625,9.0,199.56721,360.0,2367.0195,626.3554,0.0,747.94727,5010.8433,65535.0,2.0,119.0,73.888885,66.0,16.373722,665.0,73.888885,0.0,0.0,0.9665698,37892.0,0.0,2.0,65535.0,270014.44,5010.0,1873.97,334.0562,0.0,472.72733,3193.0754,7.0,199.56721,280.0,2302.885,739.336,0.0,766.3078,4436.016,4.0,152.0,98.28571,66.0,35.232754,688.0,98.28571,0.0,0.0050108433,0.0025054216,0.0,0.0,6.0,152.0,84.5625,66.0,28.989155,840.3711,6.0,0.0,2.0,665.0,9.0,688.0,7.0,9.0,7.0,665.0,688.0,0.0
1.0,0.0001001358,5.00679e-05,0.0,0.0,57.0,1.0,9986.438,40.0,0.0,0.0,0.0,0.0,0.0,65535.0,0.0,60.0,60.0,60.0,0.0,60.0,60.0,0.0,0.0,1.1111112,1115.0,0.0,0.0,65535.0,1.138454e+06,100.0,100.1358,100.1358,100.1358,0.0,19972.877,1.0,9986.438,40.0,0.0,0.0,0.0,0.0,0.0,0.0,54.0,54.0,54.0,0.0,54.0,54.0,0.0,0.0001001358,5.00679e-05,0.0,0.0,0.0,60.0,57.0,54.0,3.0,9.0,6.0,1.0,1.0,60.0,1.0,54.0,1.0,1.0,1.0,60.0,54.0,0.0
7.0,1.009804,0.504902,0.0,0.0,72.125,1.5,1.9805824,120.0,1.00336194e+06,504504.44,5646.944,498857.5,1.0090089e+06,65535.0,1.0,99.0,79.666664,66.0,14.055446,119.5,79.666664,0.0,0.0,0.7071006,22.0,0.0,2.0,65535.0,571.398,1.009804e+06,1.002182e+06,144257.72,166.17775,350250.03,7.9223294,2.5,1.9805824,200.0,1.002182e+06,252451.0,571.0125,432861.47,1.009804e+06,0.0,74.0,67.6,66.0,3.2,169.0,67.6,0.0,1.009804,0.504902,0.0,0.0,1.0,99.0,72.125,66.0,10.705577,114.609375,6.0,0.0,2.0,239.0,3.0,338.0,5.0,3.0,5.0,239.0,338.0,0.0
8.0,0.004844904,0.002422452,0.0,0.0,178.88889,5.0,206.40244,200.0,1636.0283,1211.226,799.89435,335.0063,4844.904,65535.0,1.0,583.0,171.0,66.0,206.0233,855.0,171.0,0.0,0.0,1.1324503,55872.0,0.0,1.0,65535.0,332307.94,4844.0,1427.1736,605.613,36.95488,496.68463,1857.622,4.0,206.40244,160.0,2432.108,1185.6556,36.95488,980.25714,3556.9668,1.0,549.0,188.75,66.0,208.01607,755.0,188.75,0.0,0.004844904,0.002422452,0.0,0.0,2.0,583.0,178.88889,66.0,207.09924,42890.098,6.0,1.0,2.0,855.0,5.0,755.0,4.0,5.0,4.0,855.0,755.0,0.0
0.0,1e-06,5e-07,0.0,0.0,96.0,1.0,1e+06,28.0,0.0,0.0,0.0,0.0,0.0,0.0,0.0,96.0,96.0,96.0,0.0,96.0,96.0,0.0,0.0,0.0,53.0,0.0,0.0,0.0,9.6e+07,1.0,0.0,0.0,0.0,0.0,1e+06,0.0,0.0,0.0,0.0,0.0,0.0,0.0,0.0,0.0,0.0,0.0,0.0,0.0,0.0,0.0,0.0,1e-06,5e-07,0.0,0.0,0.0,96.0,96.0,96.0,0.0,0.0,17.0,0.0,0.0,96.0,1.0,0.0,0.0,1.0,0.0,96.0,0.0,0.0
1.0,0.00012421608,6.210804e-05,0.0,0.0,60.0,1.0,8050.4873,40.0,0.0,0.0,0.0,0.0,0.0,65535.0,0.0,60.0,60.0,60.0,0.0,60.0,60.0,0.0,0.0,1.0,2623.0,0.0,0.0,65535.0,966058.5,124.0,124.21608,124.21608,124.21608,0.0,16100.975,1.0,8050.4873,40.0,0.0,0.0,0.0,0.0,0.0,0.0,60.0,60.0,60.0,0.0,60.0,60.0,0.0,0.00012421608,6.210804e-05,0.0,0.0,0.0,60.0,60.0,60.0,0.0,0.0,6.0,1.0,1.0,60.0,1.0,60.0,1.0,1.0,1.0,60.0,60.0,0.0
63.0,1988.2191,994.10956,0.0,0.0,260.96054,6.428571,0.0035207386,1800.0,9.3809926e+08,4.51868e+07,0.0,1.5598011e+08,1.9882191e+09,65535.0,7.0,307.0,84.4,60.0,58.89667,542.5714,84.4,0.0,0.0,0.23685688,42178.0,0.0,14.0,65535.0,9.975259,1.9882191e+09,9.3809926e+08,2.6509588e+07,0.0,1.2152614e+08,0.038225163,4.428571,0.0035207386,1240.0,9.381004e+08,6.6273956e+07,102.04315,1.8516565e+08,1.9882188e+09,10.0,2962.0,517.25806,66.0,921.01355,2290.7144,517.25806,0.0,1988.2191,994.10956,0.0,0.0,17.0,2962.0,260.96054,60.0,627.1437,393309.16,6.0,6.0,14.0,3798.0,45.0,16035.0,31.0,45.0,31.0,3798.0,16035.0,0.0
2.0,33.49337,16.746685,0.0,0.0,58.0,0.0,0.0,0.0,0.0,0.0,0.0,0.0,0.0,0.0,0.0,0.0,0.0,0.0,0.0,0.0,0.0,0.0,0.0,0.0,10282.0,0.0,0.0,65535.0,3.463372,3.3493372e+07,3.3493372e+07,3.3493372e+07,3.3493372e+07,0.0,0.059713308,0.0,0.0,80.0,3.3493372e+07,3.3493372e+07,3.3493372e+07,0.0,3.3493372e+07,0.0,58.0,58.0,58.0,0.0,0.0,58.0,0.0,33.49337,16.746685,0.0,0.0,0.0,58.0,58.0,58.0,0.0,0.0,6.0,0.0,2.0,0.0,0.0,116.0,2.0,0.0,2.0,0.0,116.0,0.0
27.0,288.02948,144.01474,0.0,0.0,113.4,5.6666665,0.010415601,680.0,1.7416955e+08,1.8001842e+07,0.0,4.8804176e+07,2.8802947e+08,65535.0,3.0,267.0,99.94118,66.0,70.193405,566.3333,99.94118,0.0,0.0,0.9976512,54734.0,0.0,6.0,65535.0,11.811291,2.8802947e+08,1.7416955e+08,9.932051e+06,0.0,3.733992e+07,0.10415601,4.3333335,0.010415601,520.0,1.7416968e+08,2.4002396e+07,0.0,5.5061572e+07,2.8802874e+08,3.0,453.0,131.0,66.0,137.84439,567.6667,131.0,0.0,288.02948,144.01474,0.0,0.0,6.0,453.0,113.4,66.0,106.1259,11262.707,6.0,0.0,6.0,1699.0,17.0,1703.0,13.0,17.0,13.0,1699.0,1703.0,0.0
2.0,512.2996,256.1498,0.0,0.0,64.0,1.0,0.0039039652,80.0,5.1229952e+08,5.1229952e+08,5.1229952e+08,0.0,5.1229952e+08,65535.0,0.0,74.0,74.0,74.0,0.0,74.0,74.0,0.0,0.0,1.3703704,40644.0,0.0,0.0,65535.0,0.49970755,5.1229962e+08,5.122995e+08,1.7076654e+08,20.02716,2.4150027e+08,0.0078079305,1.0,0.0039039652,80.0,5.1229962e+08,5.1229962e+08,5.1229962e+08,0.0,5.1229962e+08,0.0,54.0,54.0,54.0,0.0,54.0,54.0,0.0,512.2996,256.1498,0.0,0.0,0.0,74.0,64.0,54.0,10.0,100.0,6.0,2.0,2.0,148.0,2.0,108.0,2.0,2.0,2.0,148.0,108.0,0.0
0.0,0.12711787,0.063558936,0.0,0.0,117.0,1.0,7.8667145,28.0,0.0,0.0,0.0,0.0,0.0,0.0,0.0,101.0,101.0,101.0,0.0,101.0,101.0,0.0,0.0,0.7593985,44857.0,0.0,0.0,0.0,1840.8112,127117.0,127117.875,127117.875,127117.875,0.0,15.733429,1.0,7.8667145,28.0,0.0,0.0,0.0,0.0,0.0,0.0,133.0,133.0,133.0,0.0,133.0,133.0,0.0,0.12711787,0.063558936,0.0,0.0,0.0,133.0,117.0,101.0,16.0,256.0,17.0,0.0,0.0,101.0,1.0,133.0,1.0,1.0,1.0,101.0,133.0,0.0
3.0,12.501335,6.2506676,0.0,0.0,58.0,0.0,0.0,0.0,0.0,0.0,0.0,0.0,0.0,0.0,0.0,0.0,0.0,0.0,0.0,0.0,0.0,0.0,0.0,0.0,6708.0,0.0,0.0,65535.0,13.918513,1.2501334e+07,1.2500968e+07,6.2506675e+06,366.9262,8.83926e+06,0.23997438,0.0,0.0,120.0,1.2500968e+07,6.2506675e+06,366.9262,8.83926e+06,1.2501335e+07,0.0,58.0,58.0,58.0,0.0,0.0,58.0,0.0,12.501335,6.2506676,0.0,0.0,0.0,58.0,58.0,58.0,0.0,0.0,6.0,0.0,3.0,0.0,0.0,174.0,3.0,0.0,3.0,0.0,174.0,0.0
0.0,1e-06,5e-07,0.0,0.0,60.0,0.0,0.0,28.0,0.0,0.0,0.0,0.0,0.0,0.0,0.0,60.0,60.0,60.0,0.0,0.0,60.0,0.0,0.0,0.0,61507.0,0.0,0.0,0.0,6e+07,1.0,0.0,0.0,0.0,0.0,1e+06,0.0,0.0,0.0,0.0,0.0,0.0,0.0,0.0,0.0,0.0,0.0,0.0,0.0,0.0,0.0,0.0,1e-06,5e-07,0.0,0.0,0.0,60.0,60.0,60.0,0.0,0.0,17.0,0.0,0.0,60.0,1.0,0.0,0.0,1.0,0.0,60.0,0.0,0.0
9.0,0.0026769638,0.0013384819,0.0,0.0,134.8,6.0,373.55753,240.0,944.85284,535.39276,143.05115,335.11893,2676.9639,65535.0,1.0,393.0,121.833336,66.0,121.304596,731.0,121.833336,0.0,0.0,1.184765,50438.0,0.0,2.0,65535.0,503555.56,2676.0,611.7821,297.44043,0.0,202.47339,3735.5754,4.0,373.55753,160.0,1048.0881,688.3939,494.95697,254.5841,2065.1816,1.0,411.0,154.25,66.0,148.27066,617.0,154.25,0.0,0.0026769638,0.0013384819,0.0,0.0,2.0,411.0,134.8,66.0,133.69652,17874.76,6.0,0.0,2.0,731.0,6.0,617.0,4.0,6.0,4.0,731.0,617.0,0.0
0.0,0.00018405914,9.202957e-05,0.0,0.0,141.0,1.0,5433.036,28.0,0.0,0.0,0.0,0.0,0.0,0.0,0.0,108.0,108.0,108.0,0.0,108.0,108.0,0.0,0.0,0.62068963,49885.0,0.0,0.0,0.0,1.5321162e+06,184.0,184.05914,184.05914,184.05914,0.0,10866.072,1.0,5433.036,28.0,0.0,0.0,0.0,0.0,0.0,0.0,174.0,174.0,174.0,0.0,174.0,174.0,0.0,0.00018405914,9.202957e-05,0.0,0.0,0.0,174.0,141.0,108.0,33.0,1089.0,17.0,0.0,0.0,108.0,1.0,174.0,1.0,1.0,1.0,108.0,174.0,0.0
9.0,0.0038330555,0.0019165277,0.0,0.0,170.1,6.0,260.8885,240.0,1492.9772,766.6111,61.035156,507.00186,3833.0554,65535.0,1.0,264.0,100.333336,66.0,73.25223,602.0,100.333336,0.0,0.0,0.5477707,37095.0,0.0,2.0,65535.0,443771.28,3833.0,900.9838,425.89505,46.96846,281.8054,2608.8848,4.0,260.8885,160.0,1648.9028,1113.3353,442.02805,501.96658,3340.0059,1.0,893.0,274.75,66.0,356.96173,1099.0,274.75,0.0,0.0038330555,0.0019165277,0.0,0.0,2.0,893.0,170.1,66.0,247.97034,61489.29,6.0,0.0,2.0,602.0,6.0,1099.0,4.0,6.0,4.0,602.0,1099.0,0.0
1.0,0.00042390823,0.00021195412,0.0,0.0,67.0,1.0,2359.0012,40.0,0.0,0.0,0.0,0.0,0.0,65535.0,0.0,74.0,74.0,74.0,0.0,74.0,74.0,0.0,0.0,1.2333333,60296.0,0.0,0.0,65535.0,316106.16,423.0,423.90823,423.90823,423.90823,0.0,4718.0024,1.0,2359.0012,40.0,0.0,0.0,0.0,0.0,0.0,0.0,60.0,60.0,60.0,0.0,60.0,60.0,0.0,0.00042390823,0.00021195412,0.0,0.0,0.0,74.0,67.0,60.0,7.0,49.0,6.0,1.0,1.0,74.0,1.0,60.0,1.0,1.0,1.0,74.0,60.0,0.0
27.0,1465.2891,732.64453,0.0,0.0,116.333336,6.0,0.0020473776,720.0,1.1435105e+09,8.619348e+07,0.0,2.7491725e+08,1.4652891e+09,65535.0,3.0,196.0,85.833336,66.0,41.91824,515.0,85.833336,0.0,0.0,0.7943445,45674.0,0.0,6.0,65535.0,2.3817825,1.4652891e+09,1.1435105e+09,5.0527212e+07,0.0,2.147262e+08,0.020473775,4.0,0.0020473776,480.0,1.1435113e+09,1.3320801e+08,261.06836,3.3247885e+08,1.4652881e+09,3.0,503.0,162.08333,66.0,167.42435,648.3333,162.08333,0.0,1465.2891,732.64453,0.0,0.0,6.0,503.0,116.333336,66.0,116.88465,13662.022,6.0,0.0,6.0,1545.0,18.0,1945.0,12.0,18.0,12.0,1545.0,1945.0,0.0
11.0,0.0024659634,0.0012329817,0.0,0.0,1004.9167,0.0,0.0,280.0,736.95184,410.9939,0.9536743,276.50272,2465.9634,65535.0,1.0,144.0,78.28571,66.0,29.130249,0.0,78.28571,0.0,0.0,0.047606636,59961.0,0.0,2.0,65535.0,4.890178e+06,2465.0,620.842,224.17848,0.9536743,204.70065,4866.2524,0.0,0.0,200.0,936.985,508.96405,52.928925,440.70398,2035.8562,2.0,7306.0,2302.2,66.0,3274.2634,0.0,2302.2,0.0,0.0024659634,0.0012329817,0.0,0.0,3.0,7306.0,1004.9167,66.0,2282.6128,5.2103205e+06,6.0,0.0,2.0,548.0,7.0,11511.0,5.0,7.0,5.0,548.0,11511.0,0.0
33.0,1124.7086,562.3543,0.0,0.0,172.47223,5.6666665,0.0026673577,680.0,1.1222332e+09,7.029428e+07,426.05402,2.7161002e+08,1.1247085e+09,65535.0,8.0,1514.0,184.17647,66.0,335.03543,1043.6666,184.17647,0.0,0.0,1.017219,38730.0,0.0,2.0,65535.0,5.520541,1.1247086e+09,1.1222332e+09,3.213453e+07,5.00679,1.8695075e+08,0.03200829,6.3333335,0.0026673577,760.0,1.122235e+09,6.2483804e+07,232.93495,2.570279e+08,1.1247085e+09,7.0,1146.0,162.0,54.0,257.57,1026.0,162.0,0.0,1124.7086,562.3543,0.0,0.0,15.0,1514.0,172.47223,54.0,296.88873,88142.914,6.0,2.0,4.0,3131.0,17.0,3078.0,19.0,17.0,19.0,3131.0,3078.0,0.0
0.0,0.0012362003,0.00061810017,0.0,0.0,108.0,1.0,808.93036,28.0,0.0,0.0,0.0,0.0,0.0,0.0,0.0,100.0,100.0,100.0,0.0,100.0,100.0,0.0,0.0,0.86206895,51462.0,0.0,0.0,0.0,174728.97,1236.0,1236.2003,1236.2003,1236.2003,0.0,1617.8607,1.0,808.93036,28.0,0.0,0.0,0.0,0.0,0.0,0.0,116.0,116.0,116.0,0.0,116.0,116.0,0.0,0.0012362003,0.00061810017,0.0,0.0,0.0,116.0,108.0,100.0,8.0,64.0,17.0,0.0,0.0,100.0,1.0,116.0,1.0,1.0,1.0,100.0,116.0,0.0
44.0,258.64484,129.32242,0.0,0.0,80.17391,11.0,0.0077326116,880.0,2.5861374e+08,1.231642e+07,0.0,5.5073756e+07,2.5864482e+08,65535.0,12.0,95.0,74.545456,66.0,9.485526,820.0,74.545456,0.0,0.0,0.80078125,38476.0,0.0,4.0,65535.0,14.258936,2.5864482e+08,2.5861354e+08,5.7476625e+06,0.0,3.8120964e+07,0.17785007,12.0,0.0077326116,960.0,2.5861354e+08,1.1245402e+07,0.0,5.2739064e+07,2.5864426e+08,16.0,117.0,85.333336,66.0,15.595583,1024.0,85.333336,0.0,258.64484,129.32242,0.0,0.0,28.0,117.0,80.17391,66.0,14.105664,198.96976,6.0,0.0,4.0,1640.0,22.0,2048.0,24.0,22.0,24.0,1640.0,2048.0,0.0
9.0,0.00289917,0.001449585,0.0,0.0,134.8,6.0,344.92633,240.0,1746.1777,579.834,0.9536743,608.96936,2899.17,65535.0,1.0,393.0,121.833336,66.0,121.304596,731.0,121.833336,0.0,0.0,1.184765,56762.0,0.0,2.0,65535.0,464960.7,2899.0,1384.9735,322.13,0.0,405.32672,3449.2632,4.0,344.92633,160.0,1384.9735,777.32404,408.1726,432.97113,2331.9722,1.0,411.0,154.25,66.0,148.27066,617.0,154.25,0.0,0.00289917,0.001449585,0.0,0.0,2.0,411.0,134.8,66.0,133.69652,17874.76,6.0,0.0,2.0,731.0,6.0,617.0,4.0,6.0,4.0,731.0,617.0,0.0
13.0,3.551648,1.775824,0.0,0.0,75.82353,0.0,0.0,360.0,3.003613e+06,443956.0,0.0,1.0513379e+06,3.551648e+06,65535.0,1.0,107.0,69.44444,60.0,14.774227,0.0,69.44444,0.0,0.0,0.94126505,34108.0,0.0,2.0,65535.0,362.9301,3.551647e+06,3.003613e+06,221978.0,0.0,751887.56,4.7865105,0.0,0.0,320.0,3.049928e+06,507317.12,36.95488,1.136156e+06,3.55122e+06,5.0,104.0,83.0,66.0,14.302847,0.0,83.0,0.0,3.551648,1.775824,0.0,0.0,6.0,107.0,75.82353,60.0,15.725121,247.27942,6.0,3.0,2.0,625.0,9.0,664.0,8.0,9.0,8.0,625.0,664.0,0.0
0.0,1e-06,5e-07,0.0,0.0,1514.0,0.0,0.0,0.0,0.0,0.0,0.0,0.0,0.0,0.0,0.0,0.0,0.0,0.0,0.0,0.0,0.0,0.0,0.0,0.0,13428.0,0.0,0.0,0.0,1.514e+09,1.0,0.0,0.0,0.0,0.0,1e+06,1.0,1e+06,28.0,0.0,0.0,0.0,0.0,0.0,0.0,1514.0,1514.0,1514.0,0.0,1514.0,1514.0,0.0,1e-06,5e-07,0.0,0.0,0.0,1514.0,1514.0,1514.0,0.0,0.0,17.0,0.0,0.0,0.0,0.0,1514.0,1.0,0.0,1.0,0.0,1514.0,0.0
0.0,1e-06,5e-07,0.0,0.0,60.0,0.0,0.0,0.0,0.0,0.0,0.0,0.0,0.0,0.0,0.0,0.0,0.0,0.0,0.0,0.0,0.0,0.0,0.0,0.0,486.0,0.0,0.0,65535.0,6e+07,1.0,0.0,0.0,0.0,0.0,1e+06,0.0,0.0,40.0,0.0,0.0,0.0,0.0,0.0,0.0,60.0,60.0,60.0,0.0,0.0,60.0,0.0,1e-06,5e-07,0.0,0.0,0.0,60.0,60.0,60.0,0.0,0.0,6.0,0.0,1.0,0.0,0.0,60.0,1.0,0.0,1.0,0.0,60.0,0.0
1.0,0.0007240772,0.0003620386,0.0,0.0,60.0,1.0,1381.0681,40.0,0.0,0.0,0.0,0.0,0.0,65535.0,0.0,60.0,60.0,60.0,0.0,60.0,60.0,0.0,0.0,1.0,1711.0,0.0,0.0,65535.0,165728.17,724.0,724.0772,724.0772,724.0772,0.0,2762.1362,1.0,1381.0681,40.0,0.0,0.0,0.0,0.0,0.0,0.0,60.0,60.0,60.0,0.0,60.0,60.0,0.0,0.0007240772,0.0003620386,0.0,0.0,0.0,60.0,60.0,60.0,0.0,0.0,6.0,1.0,1.0,60.0,1.0,60.0,1.0,1.0,1.0,60.0,60.0,0.0
1.0,2.002716e-05,1.001358e-05,0.0,0.0,64.0,1.0,49932.19,40.0,0.0,0.0,0.0,0.0,0.0,65535.0,0.0,74.0,74.0,74.0,0.0,74.0,74.0,0.0,0.0,1.3703704,50340.0,0.0,0.0,65535.0,6.3913205e+06,20.0,20.02716,20.02716,20.02716,0.0,99864.38,1.0,49932.19,40.0,0.0,0.0,0.0,0.0,0.0,0.0,54.0,54.0,54.0,0.0,54.0,54.0,0.0,2.002716e-05,1.001358e-05,0.0,0.0,0.0,74.0,64.0,54.0,10.0,100.0,6.0,1.0,1.0,74.0,1.0,54.0,1.0,1.0,1.0,74.0,54.0,0.0
18.0,0.22340894,0.11170447,0.0,0.0,139.57895,11.0,4.4760966,440.0,156298.88,22340.895,0.0,46397.797,223408.94,65535.0,5.0,231.0,119.27273,66.0,62.992195,1312.0,119.27273,0.0,0.0,0.97910446,40784.0,0.0,2.0,65535.0,11870.608,223408.0,156298.88,12411.607,0.0,36124.445,85.04584,8.0,4.4760966,320.0,198894.03,31578.574,1432.8956,68332.76,221050.03,5.0,301.0,167.5,66.0,93.64294,1340.0,167.5,0.0,0.22340894,0.11170447,0.0,0.0,10.0,301.0,139.57895,66.0,80.97193,6556.454,6.0,0.0,2.0,1312.0,11.0,1340.0,8.0,11.0,8.0,1312.0,1340.0,0.0
0.0,1e-06,5e-07,0.0,0.0,60.0,0.0,0.0,28.0,0.0,0.0,0.0,0.0,0.0,0.0,0.0,60.0,60.0,60.0,0.0,0.0,60.0,0.0,0.0,0.0,57299.0,0.0,0.0,0.0,6e+07,1.0,0.0,0.0,0.0,0.0,1e+06,0.0,0.0,0.0,0.0,0.0,0.0,0.0,0.0,0.0,0.0,0.0,0.0,0.0,0.0,0.0,0.0,1e-06,5e-07,0.0,0.0,0.0,60.0,60.0,60.0,0.0,0.0,17.0,0.0,0.0,60.0,1.0,0.0,0.0,1.0,0.0,60.0,0.0,0.0
0.0,1e-06,5e-07,0.0,0.0,60.0,0.0,0.0,28.0,0.0,0.0,0.0,0.0,0.0,0.0,0.0,60.0,60.0,60.0,0.0,0.0,60.0,0.0,0.0,0.0,11403.0,0.0,0.0,0.0,6e+07,1.0,0.0,0.0,0.0,0.0,1e+06,0.0,0.0,0.0,0.0,0.0,0.0,0.0,0.0,0.0,0.0,0.0,0.0,0.0,0.0,0.0,0.0,1e-06,5e-07,0.0,0.0,0.0,60.0,60.0,60.0,0.0,0.0,17.0,0.0,0.0,60.0,1.0,0.0,0.0,1.0,0.0,60.0,0.0,0.0
0.0,1e-06,5e-07,0.0,0.0,60.0,0.0,0.0,28.0,0.0,0.0,0.0,0.0,0.0,0.0,0.0,60.0,60.0,60.0,0.0,0.0,60.0,0.0,0.0,0.0,3839.0,0.0,0.0,0.0,6e+07,1.0,0.0,0.0,0.0,0.0,1e+06,0.0,0.0,0.0,0.0,0.0,0.0,0.0,0.0,0.0,0.0,0.0,0.0,0.0,0.0,0.0,0.0,1e-06,5e-07,0.0,0.0,0.0,60.0,60.0,60.0,0.0,0.0,17.0,0.0,0.0,60.0,1.0,0.0,0.0,1.0,0.0,60.0,0.0,0.0
0.0,0.00011897087,5.9485435e-05,0.0,0.0,141.0,1.0,8405.419,28.0,0.0,0.0,0.0,0.0,0.0,0.0,0.0,108.0,108.0,108.0,0.0,108.0,108.0,0.0,0.0,0.62068963,46246.0,0.0,0.0,0.0,2.370328e+06,118.0,118.97087,118.97087,118.97087,0.0,16810.838,1.0,8405.419,28.0,0.0,0.0,0.0,0.0,0.0,0.0,174.0,174.0,174.0,0.0,174.0,174.0,0.0,0.00011897087,5.9485435e-05,0.0,0.0,0.0,174.0,141.0,108.0,33.0,1089.0,17.0,0.0,0.0,108.0,1.0,174.0,1.0,1.0,1.0,108.0,174.0,0.0
0.0,0.27787113,0.13893557,0.0,0.0,60.0,0.0,0.0,56.0,277871.12,277871.12,277871.12,0.0,277871.12,0.0,0.0,60.0,60.0,60.0,0.0,0.0,60.0,0.0,0.0,0.0,50925.0,0.0,0.0,0.0,431.85486,277871.0,277871.12,277871.12,277871.12,0.0,7.1975813,0.0,0.0,0.0,0.0,0.0,0.0,0.0,0.0,0.0,0.0,0.0,0.0,0.0,0.0,0.0,0.0,0.27787113,0.13893557,0.0,0.0,0.0,60.0,60.0,60.0,0.0,0.0,17.0,0.0,0.0,120.0,2.0,0.0,0.0,2.0,0.0,120.0,0.0,0.0
1.0,3.385544e-05,1.692772e-05,0.0,0.0,57.0,1.0,29537.352,40.0,0.0,0.0,0.0,0.0,0.0,65535.0,0.0,60.0,60.0,60.0,0.0,60.0,60.0,0.0,0.0,1.1111112,1970.0,0.0,0.0,65535.0,3.3672582e+06,33.0,33.85544,33.85544,33.85544,0.0,59074.703,1.0,29537.352,40.0,0.0,0.0,0.0,0.0,0.0,0.0,54.0,54.0,54.0,0.0,54.0,54.0,0.0,3.385544e-05,1.692772e-05,0.0,0.0,0.0,60.0,57.0,54.0,3.0,9.0,6.0,1.0,1.0,60.0,1.0,54.0,1.0,1.0,1.0,60.0,54.0,0.0
40.0,685.068,342.534,0.0,0.0,411.06818,5.5,0.0058388365,880.0,4.7041088e+08,3.2622284e+07,0.0,1.05133224e+08,6.8506797e+08,65535.0,4.0,553.0,129.22728,66.0,135.37253,710.75,129.22728,0.0,0.0,0.18649961,38216.0,0.0,8.0,65535.0,26.40176,6.8506797e+08,4.7041085e+08,1.5931814e+07,0.0,7.525877e+07,0.0642272,5.5,0.0058388365,880.0,4.7041088e+08,3.2622284e+07,46.96846,1.05133224e+08,6.8506797e+08,6.0,3506.0,692.9091,66.0,1213.3093,3811.0,692.9091,0.0,685.068,342.534,0.0,0.0,10.0,3506.0,411.06818,66.0,908.1062,824656.94,6.0,0.0,8.0,2843.0,22.0,15244.0,22.0,22.0,22.0,2843.0,15244.0,0.0
0.0,0.00020098686,0.00010049343,0.0,0.0,117.0,1.0,4975.4497,28.0,0.0,0.0,0.0,0.0,0.0,0.0,0.0,101.0,101.0,101.0,0.0,101.0,101.0,0.0,0.0,0.7593985,56904.0,0.0,0.0,0.0,1.1642552e+06,200.0,200.98686,200.98686,200.98686,0.0,9950.899,1.0,4975.4497,28.0,0.0,0.0,0.0,0.0,0.0,0.0,133.0,133.0,133.0,0.0,133.0,133.0,0.0,0.00020098686,0.00010049343,0.0,0.0,0.0,133.0,117.0,101.0,16.0,256.0,17.0,0.0,0.0,101.0,1.0,133.0,1.0,1.0,1.0,101.0,133.0,0.0
0.0,0.00034594536,0.00017297268,0.0,0.0,187.5,1.0,2890.63,28.0,0.0,0.0,0.0,0.0,0.0,0.0,0.0,242.0,242.0,242.0,0.0,242.0,242.0,0.0,0.0,1.8195488,53.0,0.0,0.0,0.0,1.0839862e+06,345.0,345.94537,345.94537,345.94537,0.0,5781.26,1.0,2890.63,28.0,0.0,0.0,0.0,0.0,0.0,0.0,133.0,133.0,133.0,0.0,133.0,133.0,0.0,0.00034594536,0.00017297268,0.0,0.0,0.0,242.0,187.5,133.0,54.5,2970.25,17.0,0.0,0.0,242.0,1.0,133.0,1.0,1.0,1.0,242.0,133.0,0.0
8.0,0.0010659695,0.00053298473,0.0,0.0,67.888885,5.0,938.11316,200.0,395.05957,266.49237,152.11105,114.48678,1065.9695,65535.0,1.0,74.0,67.8,66.0,3.1241,339.0,67.8,0.0,0.0,1.2463236,48522.0,0.0,2.0,65535.0,573187.1,1065.0,233.88863,133.24619,0.0,84.054,8443.019,4.0,938.11316,160.0,538.826,255.66418,0.0,220.83244,766.99255,0.0,74.0,68.0,66.0,3.4641016,272.0,68.0,0.0,0.0010659695,0.00053298473,0.0,0.0,1.0,74.0,67.888885,66.0,3.281072,10.765432,6.0,0.0,2.0,339.0,5.0,272.0,4.0,5.0,4.0,339.0,272.0,0.0
36.0,1400.5643,700.28217,0.0,0.0,124.8,6.0,0.0028559917,960.0,7.218078e+08,6.08941e+07,0.0,1.7485502e+08,1.4005644e+09,65535.0,4.0,328.0,98.166664,66.0,71.07547,589.0,98.166664,0.0,0.0,0.89377844,34664.0,0.0,8.0,65535.0,3.5642776,1.4005644e+09,7.218078e+08,3.5911904e+07,0.0,1.3757958e+08,0.028559918,4.0,0.0028559917,640.0,7.2180794e+08,9.337089e+07,0.9536743,2.0939971e+08,1.4005633e+09,4.0,453.0,164.75,66.0,166.45326,659.0,164.75,0.0,1400.5643,700.28217,0.0,0.0,8.0,453.0,124.8,66.0,123.197845,15177.71,6.0,0.0,8.0,2356.0,24.0,2636.0,16.0,24.0,16.0,2356.0,2636.0,0.0
72.0,1805.4106,902.7053,0.0,0.0,128.075,6.0,0.004431125,1920.0,3.612436e+08,3.841299e+07,0.0,9.6925896e+07,1.8054107e+09,65535.0,8.0,350.0,103.625,66.0,82.57108,621.75,103.625,0.0,0.0,0.94347495,42972.0,0.0,16.0,65535.0,5.6751633,1.8054107e+09,3.612436e+08,2.28533e+07,0.0,7.7102536e+07,0.044311248,4.0,0.004431125,1280.0,3.612439e+08,5.823904e+07,226.97449,1.144066e+08,1.8054103e+09,8.0,453.0,164.75,66.0,166.45326,659.0,164.75,0.0,1805.4106,902.7053,0.0,0.0,16.0,453.0,128.075,66.0,126.76817,16070.169,6.0,0.0,16.0,4974.0,48.0,5272.0,32.0,48.0,32.0,4974.0,5272.0,0.0
28.0,905.49805,452.74902,0.0,0.0,1029.0,8.0,0.0022087293,640.0,9.054908e+08,6.0366536e+07,0.0,2.2586898e+08,9.0549805e+08,65535.0,4.0,3556.0,470.875,66.0,1016.21234,3767.0,470.875,0.0,0.0,0.32284883,49780.0,0.0,4.0,65535.0,34.091736,9.0549805e+08,9.054908e+08,3.122407e+07,0.0,1.652209e+08,0.03313094,7.0,0.0022087293,560.0,9.054912e+08,6.965367e+07,30.994415,2.4128552e+08,9.0549766e+08,6.0,7306.0,1666.8572,66.0,2671.211,11668.0,1666.8572,0.0,905.49805,452.74902,0.0,0.0,10.0,7306.0,1029.0,66.0,2058.3025,4.236609e+06,6.0,0.0,4.0,7534.0,16.0,23336.0,14.0,16.0,14.0,7534.0,23336.0,0.0
9.0,0.001349926,0.000674963,0.0,0.0,109.6,5.0,740.7814,200.0,895.97705,336.46823,0.0,336.69092,1345.8729,65535.0,1.0,267.0,107.8,66.0,79.66028,539.0,107.8,0.0,0.0,0.96768403,37588.0,0.0,2.0,65535.0,811896.4,1349.0,563.8599,149.99178,0.0,169.4681,7407.8135,5.0,740.7814,200.0,563.8599,333.24957,137.09068,169.34814,1332.9983,2.0,249.0,111.4,66.0,70.06168,557.0,111.4,0.0,0.001349926,0.000674963,0.0,0.0,3.0,267.0,109.6,66.0,75.036255,5630.44,6.0,0.0,2.0,539.0,5.0,557.0,5.0,5.0,5.0,539.0,557.0,0.0
0.0,1e-06,5e-07,0.0,0.0,94.0,0.0,0.0,28.0,0.0,0.0,0.0,0.0,0.0,0.0,0.0,94.0,94.0,94.0,0.0,0.0,94.0,0.0,0.0,0.0,60167.0,0.0,0.0,0.0,9.4e+07,1.0,0.0,0.0,0.0,0.0,1e+06,0.0,0.0,0.0,0.0,0.0,0.0,0.0,0.0,0.0,0.0,0.0,0.0,0.0,0.0,0.0,0.0,1e-06,5e-07,0.0,0.0,0.0,94.0,94.0,94.0,0.0,0.0,17.0,0.0,0.0,94.0,1.0,0.0,0.0,1.0,0.0,94.0,0.0,0.0
7.0,0.0013639927,0.00068199635,0.0,0.0,70.75,4.0,733.1418,160.0,724.0772,452.6774,309.94415,191.99455,1358.0322,65535.0,0.0,74.0,68.0,66.0,3.4641016,272.0,68.0,0.0,0.0,0.92517006,44938.0,0.0,2.0,65535.0,414958.25,1363.0,612.9742,194.8561,5.9604645,210.57457,5865.1343,4.0,733.1418,160.0,928.8788,450.6111,36.001205,367.2845,1351.8334,1.0,88.0,73.5,66.0,8.9861,294.0,73.5,0.0,0.0013639927,0.00068199635,0.0,0.0,1.0,88.0,70.75,66.0,7.3442154,53.9375,6.0,0.0,2.0,272.0,4.0,294.0,4.0,4.0,4.0,272.0,294.0,0.0
0.0,311.95743,155.97871,0.0,0.0,110.5,1.0,0.006411131,56.0,3.1195568e+08,3.1195568e+08,3.1195568e+08,0.0,3.1195568e+08,0.0,0.0,104.0,102.5,101.0,1.5,102.5,102.5,0.0,0.0,0.8649789,59075.0,0.0,0.0,0.0,1.41686,3.1195744e+08,3.1195424e+08,1.0398581e+08,1439.0945,1.470559e+08,0.012822262,1.0,0.006411131,56.0,3.11956e+08,3.11956e+08,3.11956e+08,0.0,3.11956e+08,0.0,120.0,118.5,117.0,1.5,118.5,118.5,0.0,311.95743,155.97871,0.0,0.0,0.0,120.0,110.5,101.0,8.13941,66.25,17.0,0.0,0.0,205.0,2.0,237.0,2.0,2.0,2.0,205.0,237.0,0.0
11.0,0.038862944,0.019431472,0.0,0.0,202.41667,7.0,25.731453,280.0,22119.045,6477.157,0.9536743,8765.481,38862.945,65535.0,1.0,1613.0,288.14285,66.0,540.8777,2017.0,288.14285,0.0,0.0,4.895631,46841.0,0.0,2.0,65535.0,62501.7,38862.0,21522.998,3532.9949,0.0,7066.0747,308.77744,5.0,25.731453,200.0,21522.998,9677.768,307.08313,9000.767,38711.07,2.0,106.0,82.4,66.0,17.17673,412.0,82.4,0.0,0.038862944,0.019431472,0.0,0.0,3.0,1613.0,202.41667,66.0,425.5172,181064.9,6.0,0.0,2.0,2017.0,7.0,412.0,5.0,7.0,5.0,2017.0,412.0,0.0
9.0,0.0023019314,0.0011509657,0.0,0.0,441.5,5.0,434.41782,200.0,957.9658,564.99243,144.00482,363.69284,2259.9697,65535.0,1.0,365.0,127.4,66.0,118.8404,637.0,127.4,0.0,0.0,0.16860773,41216.0,0.0,2.0,65535.0,1.9179546e+06,2301.0,892.87756,255.77016,8.821487,285.05325,4344.178,5.0,434.41782,200.0,1470.8042,569.9992,22.172928,541.72705,2279.9968,1.0,3506.0,755.6,66.0,1375.2035,3778.0,755.6,0.0,0.0023019314,0.0011509657,0.0,0.0,2.0,3506.0,441.5,66.0,1025.3353,1.0513126e+06,6.0,0.0,2.0,637.0,5.0,3778.0,5.0,5.0,5.0,637.0,3778.0,0.0
14.0,0.13694501,0.068472505,0.0,0.0,110.333336,7.0,7.3022013,280.0,133159.88,22818.01,426.05402,49347.348,136908.05,65535.0,3.0,334.0,116.14286,66.0,91.68335,813.0,116.14286,0.0,0.0,0.9655582,39040.0,0.0,2.0,65535.0,12085.143,136945.0,86601.97,9781.786,29.087067,24392.479,109.53302,8.0,7.3022013,320.0,86631.06,19557.135,92.02957,31799.121,136899.95,2.0,368.0,105.25,66.0,99.34756,842.0,105.25,0.0,0.13694501,0.068472505,0.0,0.0,5.0,368.0,110.333336,66.0,96.00116,9216.223,6.0,0.0,2.0,813.0,7.0,842.0,8.0,7.0,8.0,813.0,842.0,0.0
68.0,4033.5417,2016.7709,0.0,0.0,220.32394,6.0,0.0014875265,1440.0,2.3605396e+09,1.1524405e+08,303.03003,4.7359686e+08,4.0335416e+09,65535.0,20.0,1634.0,222.97223,66.0,426.98715,1337.8334,222.97223,0.0,0.0,1.0539653,34922.0,0.0,6.0,65535.0,3.8782294,4.0335416e+09,2.3605396e+09,5.7622024e+07,4.053116,3.3980477e+08,0.017602397,5.8333335,0.0014875265,1400.0,2.3605404e+09,1.1863356e+08,28.848648,4.800927e+08,4.033541e+09,17.0,1146.0,217.6,66.0,315.9482,1269.3334,217.6,0.0,4033.5417,2016.7709,0.0,0.0,37.0,1634.0,220.32394,66.0,376.3759,141658.81,6.0,0.0,6.0,8027.0,36.0,7616.0,35.0,36.0,35.0,8027.0,7616.0,0.0
1.0,0.00054597855,0.00027298927,0.0,0.0,60.0,0.0,0.0,40.0,0.0,0.0,0.0,0.0,0.0,65535.0,0.0,60.0,60.0,60.0,0.0,0.0,60.0,0.0,0.0,1.0,3914.0,0.0,0.0,65535.0,219788.86,545.0,545.9785,545.9785,545.9785,0.0,3663.1477,0.0,0.0,40.0,0.0,0.0,0.0,0.0,0.0,0.0,60.0,60.0,60.0,0.0,0.0,60.0,0.0,0.00054597855,0.00027298927,0.0,0.0,0.0,60.0,60.0,60.0,0.0,0.0,6.0,1.0,1.0,60.0,1.0,60.0,1.0,1.0,1.0,60.0,60.0,0.0
0.0,1e-06,5e-07,0.0,0.0,60.0,0.0,0.0,0.0,0.0,0.0,0.0,0.0,0.0,0.0,0.0,0.0,0.0,0.0,0.0,0.0,0.0,0.0,0.0,0.0,788.0,0.0,0.0,65535.0,6e+07,1.0,0.0,0.0,0.0,0.0,1e+06,0.0,0.0,40.0,0.0,0.0,0.0,0.0,0.0,0.0,60.0,60.0,60.0,0.0,0.0,60.0,0.0,1e-06,5e-07,0.0,0.0,0.0,60.0,60.0,60.0,0.0,0.0,6.0,0.0,1.0,0.0,0.0,60.0,1.0,0.0,1.0,0.0,60.0,0.0
20.0,431.2513,215.62566,0.0,0.0,607.1818,0.0,0.0,520.0,4.3123952e+08,3.5937612e+07,0.0,1.2448782e+08,4.3125133e+08,65535.0,2.0,252.0,87.53846,66.0,53.834026,0.0,87.53846,0.0,0.0,0.09312602,38541.0,0.0,4.0,65535.0,30.974977,4.3125133e+08,4.3123952e+08,2.0535778e+07,0.0,9.410405e+07,0.051014338,0.0,0.0,360.0,4.312404e+08,5.39063e+07,85.83069,1.5246598e+08,4.312504e+08,3.0,5858.0,1357.7778,66.0,2441.1912,0.0,1357.7778,0.0,431.2513,215.62566,0.0,0.0,5.0,5858.0,607.1818,66.0,1637.2308,2.6805248e+06,6.0,0.0,4.0,1138.0,13.0,12220.0,9.0,13.0,9.0,1138.0,12220.0,0.0
4.0,290.9182,145.4591,0.0,0.0,67.0,1.0,0.013749569,160.0,1.6161362e+08,9.697263e+07,4.76379e+07,4.777256e+07,2.9091792e+08,65535.0,0.0,74.0,74.0,74.0,0.0,74.0,74.0,0.0,0.0,1.2333333,35922.0,0.0,0.0,65535.0,1.8424422,2.909182e+08,1.6161362e+08,4.1559748e+07,0.0,5.7280084e+07,0.027499137,1.0,0.013749569,160.0,1.6161456e+08,9.697263e+07,4.7637584e+07,4.7773172e+07,2.9091792e+08,0.0,60.0,60.0,60.0,0.0,60.0,60.0,0.0,290.9182,145.4591,0.0,0.0,0.0,74.0,67.0,60.0,7.0,49.0,6.0,4.0,4.0,296.0,4.0,240.0,4.0,4.0,4.0,296.0,240.0,0.0
0.0,0.11758423,0.058792114,0.0,0.0,179.0,1.0,8.504542,28.0,0.0,0.0,0.0,0.0,0.0,0.0,0.0,228.0,228.0,228.0,0.0,228.0,228.0,0.0,0.0,1.7538462,53.0,0.0,0.0,0.0,3044.626,117584.0,117584.23,117584.23,117584.23,0.0,17.009085,1.0,8.504542,28.0,0.0,0.0,0.0,0.0,0.0,0.0,130.0,130.0,130.0,0.0,130.0,130.0,0.0,0.11758423,0.058792114,0.0,0.0,0.0,228.0,179.0,130.0,49.0,2401.0,17.0,0.0,0.0,228.0,1.0,130.0,1.0,1.0,1.0,228.0,130.0,0.0
0.0,1e-06,5e-07,0.0,0.0,94.0,1.0,1e+06,28.0,0.0,0.0,0.0,0.0,0.0,0.0,0.0,94.0,94.0,94.0,0.0,94.0,94.0,0.0,0.0,0.0,53.0,0.0,0.0,0.0,9.4e+07,1.0,0.0,0.0,0.0,0.0,1e+06,0.0,0.0,0.0,0.0,0.0,0.0,0.0,0.0,0.0,0.0,0.0,0.0,0.0,0.0,0.0,0.0,1e-06,5e-07,0.0,0.0,0.0,94.0,94.0,94.0,0.0,0.0,17.0,0.0,0.0,94.0,1.0,0.0,0.0,1.0,0.0,94.0,0.0,0.0
7.0,0.0015130043,0.00075650215,0.0,0.0,68.125,5.0,660.93665,200.0,759.12476,378.25107,0.0,378.2556,1513.0043,65535.0,1.0,74.0,67.8,66.0,3.1241,339.0,67.8,0.0,0.0,1.6456311,45908.0,0.0,2.0,65535.0,360210.47,1513.0,713.8252,216.14348,0.0,251.36041,5287.493,3.0,660.93665,120.0,761.9858,578.40344,394.82117,183.5823,1156.8069,0.0,74.0,68.666664,66.0,3.7712362,206.0,68.666664,0.0,0.0015130043,0.00075650215,0.0,0.0,1.0,74.0,68.125,66.0,3.4072533,11.609375,6.0,0.0,2.0,339.0,5.0,206.0,3.0,5.0,3.0,339.0,206.0,0.0
0.0,33.800175,16.900087,0.0,0.0,60.0,0.0,0.0,0.0,0.0,0.0,0.0,0.0,0.0,0.0,0.0,0.0,0.0,0.0,0.0,0.0,0.0,0.0,0.0,0.0,80.0,0.0,0.0,65535.0,7.100555,3.3800176e+07,2.4871536e+07,1.1266725e+07,536048.9,1.2419722e+07,0.118342586,0.0,0.0,160.0,2.4871536e+07,1.1266725e+07,536048.9,1.2419722e+07,3.3800176e+07,0.0,60.0,60.0,60.0,0.0,0.0,60.0,0.0,33.800175,16.900087,0.0,0.0,0.0,60.0,60.0,60.0,0.0,0.0,6.0,1.0,3.0,0.0,0.0,240.0,4.0,0.0,4.0,0.0,240.0,0.0
23.0,2.3271239,1.1635619,0.0,0.0,220.95833,6.0,0.85942996,480.0,2.251887e+06,211556.72,0.0,645315.75,2.327124e+06,65535.0,7.0,1634.0,227.08333,66.0,426.1677,1362.5,227.08333,0.0,0.0,1.0570209,45832.0,0.0,2.0,65535.0,2278.7786,2.327123e+06,2.204768e+06,101179.3,0.0,448646.94,10.31316,6.0,0.85942996,480.0,2.204768e+06,211483.62,75.10185,630532.9,2.32632e+06,6.0,1146.0,214.83333,66.0,311.95883,1289.0,214.83333,0.0,2.3271239,1.1635619,0.0,0.0,13.0,1634.0,220.95833,66.0,373.5052,139506.12,6.0,0.0,2.0,2725.0,12.0,2578.0,12.0,12.0,12.0,2725.0,2578.0,0.0
0.0,1e-06,5e-07,0.0,0.0,100.0,1.0,1e+06,28.0,0.0,0.0,0.0,0.0,0.0,0.0,0.0,100.0,100.0,100.0,0.0,100.0,100.0,0.0,0.0,0.0,53.0,0.0,0.0,0.0,1e+08,1.0,0.0,0.0,0.0,0.0,1e+06,0.0,0.0,0.0,0.0,0.0,0.0,0.0,0.0,0.0,0.0,0.0,0.0,0.0,0.0,0.0,0.0,1e-06,5e-07,0.0,0.0,0.0,100.0,100.0,100.0,0.0,0.0,17.0,0.0,0.0,100.0,1.0,0.0,0.0,1.0,0.0,100.0,0.0,0.0
11.0,0.0042159557,0.0021079779,0.0,0.0,1004.9167,0.0,0.0,280.0,2577.0664,702.6593,0.0,950.1065,4215.9556,65535.0,1.0,144.0,78.28571,66.0,29.130249,0.0,78.28571,0.0,0.0,0.047606636,37049.0,0.0,2.0,65535.0,2.8603242e+06,4215.0,2577.0664,383.2687,0.0,741.7628,2846.3296,0.0,0.0,200.0,3062.0098,961.0057,41.007996,1412.0852,3844.0227,2.0,7306.0,2302.2,66.0,3274.2634,0.0,2302.2,0.0,0.0042159557,0.0021079779,0.0,0.0,3.0,7306.0,1004.9167,66.0,2282.6128,5.2103205e+06,6.0,0.0,2.0,548.0,7.0,11511.0,5.0,7.0,5.0,548.0,11511.0,0.0
12.0,0.0066609383,0.0033304691,0.0,0.0,94.69231,7.0,150.129,280.0,4129.8867,1110.1564,0.0,1389.9846,6660.9385,65535.0,2.0,166.0,86.0,66.0,34.4093,602.0,86.0,0.0,0.0,0.9570747,42728.0,0.0,2.0,65535.0,184808.8,6660.0,3757.0,555.0782,0.0,986.3375,1951.677,6.0,150.129,240.0,3874.0635,1221.5614,129.93813,1359.1394,6107.807,3.0,177.0,104.833336,66.0,46.609787,629.0,104.833336,0.0,0.0066609383,0.0033304691,0.0,0.0,5.0,177.0,94.69231,66.0,41.57363,1728.3668,6.0,0.0,2.0,602.0,7.0,629.0,6.0,7.0,6.0,602.0,629.0,0.0
0.0,9.995539,4.9977694,0.0,0.0,109.0,1.0,0.10004463,28.0,0.0,0.0,0.0,0.0,0.0,0.0,0.0,101.0,101.0,101.0,0.0,101.0,101.0,0.0,0.0,0.8632479,38918.0,0.0,0.0,0.0,21.809729,9.995538e+06,9.995539e+06,9.995539e+06,9.995539e+06,0.0,0.20008926,1.0,0.10004463,28.0,0.0,0.0,0.0,0.0,0.0,0.0,117.0,117.0,117.0,0.0,117.0,117.0,0.0,9.995539,4.9977694,0.0,0.0,0.0,117.0,109.0,101.0,8.0,64.0,17.0,0.0,0.0,101.0,1.0,117.0,1.0,1.0,1.0,101.0,117.0,0.0
9.0,0.0018179417,0.00090897083,0.0,0.0,439.2,5.0,550.07263,200.0,805.1395,445.72354,0.0,288.01895,1782.8942,65535.0,1.0,342.0,122.8,66.0,109.64378,614.0,122.8,0.0,0.0,0.16251986,57538.0,0.0,2.0,65535.0,2.415919e+06,1817.0,478.98294,201.99352,0.0,200.14355,5500.7266,5.0,550.07263,200.0,889.06287,449.2402,63.89618,297.39984,1796.9608,1.0,3506.0,755.6,66.0,1375.2035,3778.0,755.6,0.0,0.0018179417,0.00090897083,0.0,0.0,2.0,3506.0,439.2,66.0,1025.5302,1.0517121e+06,6.0,0.0,2.0,614.0,5.0,3778.0,5.0,5.0,5.0,614.0,3778.0,0.0
0.0,21.45374,10.72687,0.0,0.0,60.0,0.0,0.0,0.0,0.0,0.0,0.0,0.0,0.0,0.0,0.0,0.0,0.0,0.0,0.0,0.0,0.0,0.0,0.0,0.0,80.0,0.0,0.0,65535.0,8.390146,2.1453738e+07,1.7294176e+07,1.0726869e+07,4.159563e+06,9.287573e+06,0.13983577,0.0,0.0,120.0,1.7294176e+07,1.0726869e+07,4.159563e+06,9.287573e+06,2.1453738e+07,0.0,60.0,60.0,60.0,0.0,0.0,60.0,0.0,21.45374,10.72687,0.0,0.0,0.0,60.0,60.0,60.0,0.0,0.0,6.0,0.0,3.0,0.0,0.0,180.0,3.0,0.0,3.0,0.0,180.0,0.0
0.0,1.1896338,0.5948169,0.0,0.0,60.0,0.0,0.0,56.0,1.1896339e+06,1.1896339e+06,1.1896339e+06,0.0,1.1896339e+06,0.0,0.0,60.0,60.0,60.0,0.0,0.0,60.0,0.0,0.0,0.0,59893.0,0.0,0.0,0.0,100.871376,1.189633e+06,1.1896339e+06,1.1896339e+06,1.1896339e+06,0.0,1.6811895,0.0,0.0,0.0,0.0,0.0,0.0,0.0,0.0,0.0,0.0,0.0,0.0,0.0,0.0,0.0,0.0,1.1896338,0.5948169,0.0,0.0,0.0,60.0,60.0,60.0,0.0,0.0,17.0,0.0,0.0,120.0,2.0,0.0,0.0,2.0,0.0,120.0,0.0,0.0
3.0,2127.4753,1063.7377,0.0,0.0,64.0,1.0,0.0014101221,120.0,1.2992799e+09,1.0637376e+09,8.281953e+08,2.3554226e+08,2.1274752e+09,65535.0,0.0,74.0,74.0,74.0,0.0,74.0,74.0,0.0,0.0,1.3703704,36654.0,0.0,0.0,65535.0,0.18049563,2.1274752e+09,1.2992799e+09,4.2549504e+08,30.040741,5.419973e+08,0.0028202443,1.0,0.0014101221,120.0,1.2992799e+09,1.0637376e+09,8.281953e+08,2.3554227e+08,2.1274752e+09,0.0,54.0,54.0,54.0,0.0,54.0,54.0,0.0,2127.4753,1063.7377,0.0,0.0,0.0,74.0,64.0,54.0,10.0,100.0,6.0,3.0,3.0,222.0,3.0,162.0,3.0,3.0,3.0,222.0,162.0,0.0
0.0,1e-06,5e-07,0.0,0.0,60.0,0.0,0.0,28.0,0.0,0.0,0.0,0.0,0.0,0.0,0.0,60.0,60.0,60.0,0.0,0.0,60.0,0.0,0.0,0.0,57412.0,0.0,0.0,0.0,6e+07,1.0,0.0,0.0,0.0,0.0,1e+06,0.0,0.0,0.0,0.0,0.0,0.0,0.0,0.0,0.0,0.0,0.0,0.0,0.0,0.0,0.0,0.0,1e-06,5e-07,0.0,0.0,0.0,60.0,60.0,60.0,0.0,0.0,17.0,0.0,0.0,60.0,1.0,0.0,0.0,1.0,0.0,60.0,0.0,0.0
81.0,11741.089,5870.5444,0.0,0.0,122.96667,6.0,0.00076653884,2160.0,6.8060867e+09,2.2152997e+08,0.0,9.5991123e+08,1.1741089e+10,65535.0,9.0,317.0,90.14815,66.0,56.902256,540.8889,90.14815,0.0,0.0,0.785288,49354.0,0.0,18.0,65535.0,0.94258726,1.1741089e+10,6.8060867e+09,1.31922344e+08,0.0,7.486907e+08,0.0076653883,4.0,0.00076653884,1440.0,6.806087e+09,3.3545965e+08,211.00044,1.1649417e+09,1.1741088e+10,9.0,503.0,172.19444,66.0,181.61098,688.7778,172.19444,0.0,11741.089,5870.5444,0.0,0.0,18.0,503.0,122.96667,66.0,129.4269,16751.32,6.0,0.0,18.0,4868.0,54.0,6199.0,36.0,54.0,36.0,4868.0,6199.0,0.0
66.0,2437.0034,1218.5017,0.0,0.0,80.17391,12.0,0.00123102,1440.0,2.3714834e+09,6.962866e+07,0.0,3.9491536e+08,2.437003e+09,65535.0,24.0,117.0,85.333336,66.0,15.595583,1024.0,85.333336,0.0,0.0,1.2487805,21.0,0.0,6.0,65535.0,2.270001,2.4370035e+09,2.3714762e+09,3.5838284e+07,0.0,2.8545235e+08,0.02831346,11.0,0.00123102,1320.0,2.371477e+09,7.6156344e+07,33.85544,4.1240893e+08,2.437003e+09,18.0,95.0,74.545456,66.0,9.464738,820.0,74.545456,0.0,2437.0034,1218.5017,0.0,0.0,42.0,117.0,80.17391,66.0,14.098984,198.78134,6.0,0.0,6.0,3072.0,36.0,2460.0,33.0,36.0,33.0,3072.0,2460.0,0.0
0.0,1e-06,5e-07,0.0,0.0,60.0,0.0,0.0,28.0,0.0,0.0,0.0,0.0,0.0,0.0,0.0,60.0,60.0,60.0,0.0,0.0,60.0,0.0,0.0,0.0,35462.0,0.0,0.0,0.0,6e+07,1.0,0.0,0.0,0.0,0.0,1e+06,0.0,0.0,0.0,0.0,0.0,0.0,0.0,0.0,0.0,0.0,0.0,0.0,0.0,0.0,0.0,0.0,1e-06,5e-07,0.0,0.0,0.0,60.0,60.0,60.0,0.0,0.0,17.0,0.0,0.0,60.0,1.0,0.0,0.0,1.0,0.0,60.0,0.0,0.0
11.0,0.678468,0.339234,0.0,0.0,372.16666,6.0,1.4739089,240.0,672743.06,135620.02,0.0,268563.28,678100.1,65535.0,1.0,284.0,103.666664,66.0,80.70041,622.0,103.666664,0.0,0.0,0.1618106,35020.0,0.0,2.0,65535.0,6582.477,678467.0,672743.06,61678.906,0.0,193237.31,17.686907,6.0,1.4739089,240.0,673794.0,135686.02,48.87581,269057.3,678430.06,2.0,2962.0,640.6667,66.0,1056.8322,3844.0,640.6667,0.0,0.678468,0.339234,0.0,0.0,3.0,2962.0,372.16666,66.0,796.11285,633795.6,6.0,0.0,2.0,622.0,6.0,3844.0,6.0,6.0,6.0,622.0,3844.0,0.0
0.0,1e-06,5e-07,0.0,0.0,94.0,0.0,0.0,0.0,0.0,0.0,0.0,0.0,0.0,0.0,0.0,0.0,0.0,0.0,0.0,0.0,0.0,0.0,0.0,0.0,53.0,0.0,0.0,0.0,9.4e+07,1.0,0.0,0.0,0.0,0.0,1e+06,1.0,1e+06,28.0,0.0,0.0,0.0,0.0,0.0,0.0,94.0,94.0,94.0,0.0,94.0,94.0,0.0,1e-06,5e-07,0.0,0.0,0.0,94.0,94.0,94.0,0.0,0.0,17.0,0.0,0.0,0.0,0.0,94.0,1.0,0.0,1.0,0.0,94.0,0.0
0.0,0.0021910667,0.0010955334,0.0,0.0,103.0,1.0,456.39868,28.0,0.0,0.0,0.0,0.0,0.0,0.0,0.0,95.0,95.0,95.0,0.0,95.0,95.0,0.0,0.0,0.8558559,49621.0,0.0,0.0,0.0,94018.13,2191.0,2191.0667,2191.0667,2191.0667,0.0,912.79736,1.0,456.39868,28.0,0.0,0.0,0.0,0.0,0.0,0.0,111.0,111.0,111.0,0.0,111.0,111.0,0.0,0.0021910667,0.0010955334,0.0,0.0,0.0,111.0,103.0,95.0,8.0,64.0,17.0,0.0,0.0,95.0,1.0,111.0,1.0,1.0,1.0,95.0,111.0,0.0
1.0,1e-06,5e-07,0.0,0.0,60.0,0.0,0.0,0.0,0.0,0.0,0.0,0.0,0.0,0.0,0.0,0.0,0.0,0.0,0.0,0.0,0.0,0.0,0.0,0.0,38680.0,0.0,0.0,65535.0,6e+07,1.0,0.0,0.0,0.0,0.0,1e+06,0.0,0.0,40.0,0.0,0.0,0.0,0.0,0.0,0.0,60.0,60.0,60.0,0.0,0.0,60.0,0.0,1e-06,5e-07,0.0,0.0,0.0,60.0,60.0,60.0,0.0,0.0,6.0,1.0,0.0,0.0,0.0,60.0,1.0,0.0,1.0,0.0,60.0,0.0
1.0,1e-06,5e-07,0.0,0.0,113.0,1.0,1e+06,40.0,0.0,0.0,0.0,0.0,0.0,65535.0,1.0,113.0,113.0,113.0,0.0,113.0,113.0,0.0,0.0,0.0,8080.0,0.0,0.0,0.0,1.13e+08,1.0,0.0,0.0,0.0,0.0,1e+06,0.0,0.0,0.0,0.0,0.0,0.0,0.0,0.0,0.0,0.0,0.0,0.0,0.0,0.0,0.0,0.0,1e-06,5e-07,0.0,0.0,1.0,113.0,113.0,113.0,0.0,0.0,6.0,0.0,0.0,113.0,1.0,0.0,0.0,1.0,0.0,113.0,0.0,0.0
0.0,1e-06,5e-07,0.0,0.0,60.0,0.0,0.0,28.0,0.0,0.0,0.0,0.0,0.0,0.0,0.0,60.0,60.0,60.0,0.0,0.0,60.0,0.0,0.0,0.0,5023.0,0.0,0.0,0.0,6e+07,1.0,0.0,0.0,0.0,0.0,1e+06,0.0,0.0,0.0,0.0,0.0,0.0,0.0,0.0,0.0,0.0,0.0,0.0,0.0,0.0,0.0,0.0,1e-06,5e-07,0.0,0.0,0.0,60.0,60.0,60.0,0.0,0.0,17.0,0.0,0.0,60.0,1.0,0.0,0.0,1.0,0.0,60.0,0.0,0.0
0.0,1e-06,5e-07,0.0,0.0,60.0,0.0,0.0,0.0,0.0,0.0,0.0,0.0,0.0,0.0,0.0,0.0,0.0,0.0,0.0,0.0,0.0,0.0,0.0,0.0,2099.0,0.0,0.0,65535.0,6e+07,1.0,0.0,0.0,0.0,0.0,1e+06,0.0,0.0,40.0,0.0,0.0,0.0,0.0,0.0,0.0,60.0,60.0,60.0,0.0,0.0,60.0,0.0,1e-06,5e-07,0.0,0.0,0.0,60.0,60.0,60.0,0.0,0.0,6.0,0.0,1.0,0.0,0.0,60.0,1.0,0.0,1.0,0.0,60.0,0.0
9.0,0.028490067,0.014245033,0.0,0.0,85.9,5.0,35.099953,200.0,22161.96,6959.021,454.18738,8835.074,27836.084,65535.0,1.0,242.0,102.8,66.0,69.66893,514.0,102.8,0.0,0.0,1.489855,38795.0,0.0,2.0,65535.0,30150.86,28490.0,22161.96,3165.563,0.0,6796.503,350.99954,5.0,35.099953,200.0,22275.924,7021.487,0.0,8889.805,28085.947,1.0,74.0,69.0,66.0,3.6878178,345.0,69.0,0.0,0.028490067,0.014245033,0.0,0.0,2.0,242.0,85.9,66.0,52.146812,2719.29,6.0,0.0,2.0,514.0,5.0,345.0,5.0,5.0,5.0,514.0,345.0,0.0
0.0,324.21066,162.10533,0.0,0.0,111.0,1.0,0.006168829,56.0,3.142052e+08,3.142052e+08,3.142052e+08,0.0,3.142052e+08,0.0,0.0,103.0,103.0,103.0,0.0,103.0,103.0,0.0,0.0,0.8655462,35172.0,0.0,0.0,0.0,1.36948,3.2421066e+08,3.142035e+08,1.08070216e+08,1711.1301,1.4581544e+08,0.012337658,1.0,0.006168829,56.0,3.2420893e+08,3.2420893e+08,3.2420893e+08,0.0,3.2420893e+08,0.0,119.0,119.0,119.0,0.0,119.0,119.0,0.0,324.21066,162.10533,0.0,0.0,0.0,119.0,111.0,103.0,8.0,64.0,17.0,0.0,0.0,206.0,2.0,238.0,2.0,2.0,2.0,206.0,238.0,0.0
15.0,1.0055878,0.5027939,0.0,0.0,284.125,4.5,1.9888865,360.0,1.00221994e+06,125698.48,0.0,331294.9,1.0055878e+06,65535.0,1.0,2002.0,442.8889,66.0,712.309,1993.0,442.8889,0.0,0.0,7.117857,48017.0,0.0,2.0,65535.0,4520.739,1.005587e+06,1.0014491e+06,67039.19,0.0,249731.94,15.911092,3.5,1.9888865,280.0,1.0021372e+06,167492.67,69.85664,373264.78,1.004956e+06,4.0,100.0,80.0,66.0,11.513967,280.0,80.0,0.0,1.0055878,0.5027939,0.0,0.0,5.0,2002.0,284.125,66.0,563.79895,317869.25,6.0,0.0,2.0,3986.0,9.0,560.0,7.0,9.0,7.0,3986.0,560.0,0.0
11.0,0.0040118694,0.0020059347,0.0,0.0,81.5,6.0,249.26036,240.0,2580.881,799.3698,0.0,953.6918,3996.849,65535.0,2.0,138.0,88.166664,66.0,29.179996,529.0,88.166664,0.0,0.0,1.1781737,45788.0,0.0,2.0,65535.0,243776.62,4011.0,1884.9373,364.7154,0.0,533.0175,2991.1243,6.0,249.26036,240.0,1884.9373,797.1764,56.028366,612.9101,3985.8818,2.0,107.0,74.833336,66.0,14.678972,449.0,74.833336,0.0,0.0040118694,0.0020059347,0.0,0.0,4.0,138.0,81.5,66.0,24.039898,577.9167,6.0,0.0,2.0,529.0,6.0,449.0,6.0,6.0,6.0,529.0,449.0,0.0
0.0,0.00058603287,0.00029301643,0.0,0.0,112.0,1.0,1706.3889,28.0,0.0,0.0,0.0,0.0,0.0,0.0,0.0,128.0,128.0,128.0,0.0,128.0,128.0,0.0,0.0,1.3333334,53.0,0.0,0.0,0.0,382231.12,586.0,586.03284,586.03284,586.03284,0.0,3412.7778,1.0,1706.3889,28.0,0.0,0.0,0.0,0.0,0.0,0.0,96.0,96.0,96.0,0.0,96.0,96.0,0.0,0.00058603287,0.00029301643,0.0,0.0,0.0,128.0,112.0,96.0,16.0,256.0,17.0,0.0,0.0,128.0,1.0,96.0,1.0,1.0,1.0,128.0,96.0,0.0
1.0,0.00042891502,0.00021445751,0.0,0.0,59.333332,2.0,2331.464,80.0,428.915,428.915,428.915,0.0,428.915,65535.0,0.0,60.0,60.0,60.0,0.0,120.0,60.0,0.0,0.0,2.0689654,63957.0,0.0,0.0,65535.0,415000.62,428.0,380.9929,214.45752,47.922134,166.53537,6994.3926,1.0,2331.464,40.0,0.0,0.0,0.0,0.0,0.0,0.0,58.0,58.0,58.0,0.0,58.0,58.0,0.0,0.00042891502,0.00021445751,0.0,0.0,0.0,60.0,59.333332,58.0,0.94280905,0.8888889,6.0,1.0,2.0,120.0,2.0,58.0,1.0,2.0,1.0,120.0,58.0,0.0
9.0,0.001557827,0.0007789135,0.0,0.0,109.6,5.0,641.9198,200.0,909.09,387.96664,0.0,346.36563,1551.8666,65535.0,1.0,267.0,107.8,66.0,79.66028,539.0,107.8,0.0,0.0,0.96768403,50474.0,0.0,2.0,65535.0,703544.1,1557.0,546.93225,173.09189,0.0,182.84033,6419.198,5.0,641.9198,200.0,546.93225,379.50278,137.09068,159.04114,1518.0111,2.0,249.0,111.4,66.0,70.06168,557.0,111.4,0.0,0.001557827,0.0007789135,0.0,0.0,3.0,267.0,109.6,66.0,75.036255,5630.44,6.0,0.0,2.0,539.0,5.0,557.0,5.0,5.0,5.0,539.0,557.0,0.0
9.0,0.07375407,0.036877036,0.0,0.0,149.8,5.0,13.558574,200.0,61500.79,18431.008,477.07556,25209.793,73724.03,65535.0,1.0,268.0,108.0,66.0,80.059975,540.0,108.0,0.0,0.0,0.56367433,49706.0,0.0,2.0,65535.0,20310.742,73754.0,61500.79,8194.896,3.0994415,19085.188,135.58574,5.0,13.558574,200.0,62038.9,18421.77,3.0994415,25460.55,73687.08,1.0,686.0,191.6,66.0,247.21942,958.0,191.6,0.0,0.07375407,0.036877036,0.0,0.0,2.0,686.0,149.8,66.0,188.443,35510.76,6.0,0.0,2.0,540.0,5.0,958.0,5.0,5.0,5.0,540.0,958.0,0.0
9.0,0.0025098324,0.0012549162,0.0,0.0,109.5,5.0,398.43298,200.0,1146.0781,627.45807,0.0,411.99573,2509.8323,65535.0,1.0,266.0,107.6,66.0,79.26058,538.0,107.6,0.0,0.0,0.9658887,33162.0,0.0,2.0,65535.0,436284.12,2509.0,609.87476,278.87027,0.0,230.60005,3984.3298,5.0,398.43298,200.0,821.1136,536.7398,0.0,324.98593,2146.9592,2.0,249.0,111.4,66.0,70.06168,557.0,111.4,0.0,0.0025098324,0.0012549162,0.0,0.0,3.0,266.0,109.5,66.0,74.8268,5599.05,6.0,0.0,2.0,538.0,5.0,557.0,5.0,5.0,5.0,538.0,557.0,0.0
0.0,1e-06,5e-07,0.0,0.0,60.0,0.0,0.0,28.0,0.0,0.0,0.0,0.0,0.0,0.0,0.0,60.0,60.0,60.0,0.0,0.0,60.0,0.0,0.0,0.0,872.0,0.0,0.0,0.0,6e+07,1.0,0.0,0.0,0.0,0.0,1e+06,0.0,0.0,0.0,0.0,0.0,0.0,0.0,0.0,0.0,0.0,0.0,0.0,0.0,0.0,0.0,0.0,1e-06,5e-07,0.0,0.0,0.0,60.0,60.0,60.0,0.0,0.0,17.0,0.0,0.0,60.0,1.0,0.0,0.0,1.0,0.0,60.0,0.0,0.0
1.0,3.9815903e-05,1.9907951e-05,0.0,0.0,57.0,1.0,25115.594,40.0,0.0,0.0,0.0,0.0,0.0,65535.0,0.0,60.0,60.0,60.0,0.0,60.0,60.0,0.0,0.0,1.1111112,1266.0,0.0,0.0,65535.0,2.8631775e+06,39.0,39.815903,39.815903,39.815903,0.0,50231.188,1.0,25115.594,40.0,0.0,0.0,0.0,0.0,0.0,0.0,54.0,54.0,54.0,0.0,54.0,54.0,0.0,3.9815903e-05,1.9907951e-05,0.0,0.0,0.0,60.0,57.0,54.0,3.0,9.0,6.0,1.0,1.0,60.0,1.0,54.0,1.0,1.0,1.0,60.0,54.0,0.0
1.0,0.0003709793,0.00018548965,0.0,0.0,60.0,1.0,2695.568,40.0,0.0,0.0,0.0,0.0,0.0,65535.0,0.0,60.0,60.0,60.0,0.0,60.0,60.0,0.0,0.0,1.0,2606.0,0.0,0.0,65535.0,323468.2,370.0,370.9793,370.9793,370.9793,0.0,5391.136,1.0,2695.568,40.0,0.0,0.0,0.0,0.0,0.0,0.0,60.0,60.0,60.0,0.0,60.0,60.0,0.0,0.0003709793,0.00018548965,0.0,0.0,0.0,60.0,60.0,60.0,0.0,0.0,6.0,1.0,1.0,60.0,1.0,60.0,1.0,1.0,1.0,60.0,60.0,0.0
0.0,4746.056,2373.028,0.0,0.0,93.25,0.0,0.0,0.0,0.0,0.0,0.0,0.0,0.0,0.0,0.0,0.0,0.0,0.0,0.0,0.0,0.0,0.0,0.0,0.0,53.0,0.0,0.0,0.0,0.07859157,4.746056e+09,3.436063e+09,1.5820188e+09,1.8287894e+08,1.3665053e+09,0.000842805,1.0,0.000842805,112.0,3.436063e+09,1.5820188e+09,1.8287894e+08,1.3665053e+09,4.746056e+09,0.0,94.0,93.25,93.0,0.4330127,93.25,93.25,0.0,4746.056,2373.028,0.0,0.0,0.0,94.0,93.25,93.0,0.4330127,0.1875,17.0,0.0,0.0,0.0,0.0,373.0,4.0,0.0,4.0,0.0,373.0,0.0
118.0,8483.518,4241.759,0.0,0.0,416.6769,5.4166665,0.0014145075,2600.0,1.382062e+09,1.3255497e+08,0.0,3.2703834e+08,8.483518e+09,65535.0,12.0,612.0,130.8,66.0,136.27858,708.5,130.8,0.0,0.0,0.1861779,35600.0,0.0,24.0,65535.0,6.385087,8.483518e+09,1.382062e+09,6.5763704e+07,0.0,2.3969757e+08,0.015323832,5.4166665,0.0014145075,2600.0,1.382062e+09,1.3255497e+08,47.922134,3.2703834e+08,8.483518e+09,17.0,3506.0,702.55383,66.0,1239.7994,3805.5,702.55383,0.0,8483.518,4241.759,0.0,0.0,29.0,3506.0,416.6769,66.0,927.12616,859562.9,6.0,0.0,24.0,8502.0,65.0,45666.0,65.0,65.0,65.0,8502.0,45666.0,0.0
54.0,1762.0168,881.0084,0.0,0.0,123.55,6.0,0.0034051887,1440.0,5.8860595e+08,5.034334e+07,0.0,1.3866181e+08,1.7620169e+09,65535.0,6.0,273.0,96.083336,66.0,64.84228,576.5,96.083336,0.0,0.0,0.87481034,40160.0,0.0,12.0,65535.0,4.2071104,1.7620169e+09,5.8860595e+08,2.9864694e+07,0.0,1.0962434e+08,0.034051888,4.0,0.0034051887,960.0,5.8860646e+08,7.660941e+07,174.04556,1.6506504e+08,1.7620165e+09,6.0,453.0,164.75,66.0,166.45326,659.0,164.75,0.0,1762.0168,881.0084,0.0,0.0,12.0,453.0,123.55,66.0,121.3961,14737.015,6.0,0.0,12.0,3459.0,36.0,3954.0,24.0,36.0,24.0,3459.0,3954.0,0.0
28.0,916.2917,458.14584,0.0,0.0,1019.26666,8.0,0.002182711,640.0,9.162401e+08,6.1086116e+07,0.0,2.2854952e+08,9.162917e+08,65535.0,3.0,3985.0,454.1875,66.0,1042.9542,3633.5,454.1875,0.0,0.0,0.31174123,36160.0,0.0,4.0,65535.0,33.371468,9.162917e+08,9.162401e+08,3.1596266e+07,0.0,1.6718197e+08,0.032740664,7.0,0.002182711,560.0,9.162412e+08,7.048391e+07,0.0,2.4414912e+08,9.162909e+08,7.0,7306.0,1665.0714,66.0,2128.4485,11655.5,1665.0714,0.0,916.2917,458.14584,0.0,0.0,10.0,7306.0,1019.26666,66.0,1749.0577,3.0592028e+06,6.0,0.0,4.0,7267.0,16.0,23311.0,14.0,16.0,14.0,7267.0,23311.0,0.0
9.0,0.0020890236,0.0010445118,0.0,0.0,132.2,6.0,478.69254,240.0,744.1044,417.80472,149.01161,231.79414,2089.0237,65535.0,1.0,275.0,102.166664,66.0,77.348595,613.0,102.166664,0.0,0.0,0.86459804,13188.0,0.0,2.0,65535.0,632831.56,2089.0,498.0564,232.11374,15.974045,152.44432,4786.9253,4.0,478.69254,160.0,765.0852,539.7002,355.95892,169.60097,1619.1006,1.0,503.0,177.25,66.0,188.1002,709.0,177.25,0.0,0.0020890236,0.0010445118,0.0,0.0,2.0,503.0,132.2,66.0,138.18596,19095.36,6.0,0.0,2.0,613.0,6.0,709.0,4.0,6.0,4.0,613.0,709.0,0.0
0.0,1e-06,5e-07,0.0,0.0,60.0,0.0,0.0,28.0,0.0,0.0,0.0,0.0,0.0,0.0,0.0,60.0,60.0,60.0,0.0,0.0,60.0,0.0,0.0,0.0,58570.0,0.0,0.0,0.0,6e+07,1.0,0.0,0.0,0.0,0.0,1e+06,0.0,0.0,0.0,0.0,0.0,0.0,0.0,0.0,0.0,0.0,0.0,0.0,0.0,0.0,0.0,0.0,1e-06,5e-07,0.0,0.0,0.0,60.0,60.0,60.0,0.0,0.0,17.0,0.0,0.0,60.0,1.0,0.0,0.0,1.0,0.0,60.0,0.0,0.0
1.0,0.00016283989,8.1419945e-05,0.0,0.0,67.0,1.0,6141.0015,40.0,0.0,0.0,0.0,0.0,0.0,65535.0,0.0,74.0,74.0,74.0,0.0,74.0,74.0,0.0,0.0,1.2333333,46408.0,0.0,0.0,65535.0,822894.2,162.0,162.83989,162.83989,162.83989,0.0,12282.003,1.0,6141.0015,40.0,0.0,0.0,0.0,0.0,0.0,0.0,60.0,60.0,60.0,0.0,60.0,60.0,0.0,0.00016283989,8.1419945e-05,0.0,0.0,0.0,74.0,67.0,60.0,7.0,49.0,6.0,1.0,1.0,74.0,1.0,60.0,1.0,1.0,1.0,74.0,60.0,0.0
1.0,0.00029492378,0.00014746189,0.0,0.0,60.0,1.0,3390.7065,40.0,0.0,0.0,0.0,0.0,0.0,65535.0,0.0,60.0,60.0,60.0,0.0,60.0,60.0,0.0,0.0,1.0,1413.0,0.0,0.0,65535.0,406884.78,294.0,294.92377,294.92377,294.92377,0.0,6781.413,1.0,3390.7065,40.0,0.0,0.0,0.0,0.0,0.0,0.0,60.0,60.0,60.0,0.0,60.0,60.0,0.0,0.00029492378,0.00014746189,0.0,0.0,0.0,60.0,60.0,60.0,0.0,0.0,6.0,1.0,1.0,60.0,1.0,60.0,1.0,1.0,1.0,60.0,60.0,0.0
18.0,184.38545,92.192726,0.0,0.0,210.0,6.0,0.010846842,480.0,1.843728e+08,1.6762314e+07,184.05914,5.300309e+07,1.8438546e+08,65535.0,2.0,284.0,101.166664,66.0,75.36338,607.0,101.166664,0.0,0.0,0.40656397,44457.0,0.0,4.0,65535.0,22.778368,1.8438546e+08,1.843728e+08,9.704498e+06,15.0203705,4.116971e+07,0.10846842,4.0,0.010846842,320.0,1.8437354e+08,2.634063e+07,474.9298,6.451666e+07,1.8438442e+08,2.0,1681.0,373.25,66.0,563.1453,1493.0,373.25,0.0,184.38545,92.192726,0.0,0.0,4.0,1681.0,210.0,66.0,384.74393,148027.9,6.0,0.0,4.0,1214.0,12.0,2986.0,8.0,12.0,8.0,1214.0,2986.0,0.0
1.0,1e-06,5e-07,0.0,0.0,67.0,1.0,1e+06,40.0,0.0,0.0,0.0,0.0,0.0,65535.0,0.0,74.0,74.0,74.0,0.0,74.0,74.0,0.0,0.0,1.2333333,46538.0,0.0,0.0,65535.0,1.34e+08,1.0,0.0,0.0,0.0,0.0,2e+06,1.0,1e+06,40.0,0.0,0.0,0.0,0.0,0.0,0.0,60.0,60.0,60.0,0.0,60.0,60.0,0.0,1e-06,5e-07,0.0,0.0,0.0,74.0,67.0,60.0,7.0,49.0,6.0,1.0,1.0,74.0,1.0,60.0,1.0,1.0,1.0,74.0,60.0,0.0
9.0,0.0034630299,0.0017315149,0.0,0.0,168.9,6.0,288.76447,240.0,1194.9539,692.60596,400.06638,307.19617,3463.0298,65535.0,1.0,252.0,98.333336,66.0,68.78388,590.0,98.333336,0.0,0.0,0.5368517,33255.0,0.0,2.0,65535.0,487723.2,3463.0,1194.9539,384.7811,9.059906,341.37332,2887.6448,4.0,288.76447,160.0,1747.1313,1081.3077,510.93103,509.16953,3243.923,1.0,893.0,274.75,66.0,356.96173,1099.0,274.75,0.0,0.0034630299,0.0017315149,0.0,0.0,2.0,893.0,168.9,66.0,247.54169,61276.89,6.0,0.0,2.0,590.0,6.0,1099.0,4.0,6.0,4.0,590.0,1099.0,0.0
1.0,4.7922134e-05,2.3961067e-05,0.0,0.0,64.0,1.0,20867.184,40.0,0.0,0.0,0.0,0.0,0.0,65535.0,0.0,74.0,74.0,74.0,0.0,74.0,74.0,0.0,0.0,1.3703704,33433.0,0.0,0.0,65535.0,2.6709995e+06,47.0,47.922134,47.922134,47.922134,0.0,41734.367,1.0,20867.184,40.0,0.0,0.0,0.0,0.0,0.0,0.0,54.0,54.0,54.0,0.0,54.0,54.0,0.0,4.7922134e-05,2.3961067e-05,0.0,0.0,0.0,74.0,64.0,54.0,10.0,100.0,6.0,1.0,1.0,74.0,1.0,54.0,1.0,1.0,1.0,74.0,54.0,0.0
9.0,0.0063729286,0.0031864643,0.0,0.0,447.2,5.0,156.91373,200.0,4277.9443,1591.2056,329.01764,1575.6244,6364.8223,65535.0,1.0,422.0,138.8,66.0,141.6339,694.0,138.8,0.0,0.0,0.18369508,35336.0,0.0,2.0,65535.0,701718.2,6372.0,4277.9443,708.10315,5.9604645,1281.6431,1569.1373,5.0,156.91373,200.0,4612.923,1591.7421,153.06473,1779.609,6366.9683,1.0,3506.0,755.6,66.0,1375.2035,3778.0,755.6,0.0,0.0063729286,0.0031864643,0.0,0.0,2.0,3506.0,447.2,66.0,1025.0526,1.050733e+06,6.0,0.0,2.0,694.0,5.0,3778.0,5.0,5.0,5.0,694.0,3778.0,0.0
7.0,0.00092601776,0.00046300888,0.0,0.0,68.125,5.0,1079.893,200.0,720.0241,231.50444,0.0,294.31738,926.01776,65535.0,1.0,74.0,67.8,66.0,3.1241,339.0,67.8,0.0,0.0,1.6456311,48066.0,0.0,2.0,65535.0,588541.6,926.0,435.11392,132.28825,0.0,146.36351,8639.144,3.0,1079.893,120.0,435.11392,395.53644,355.95892,39.577484,791.0729,0.0,74.0,68.666664,66.0,3.7712362,206.0,68.666664,0.0,0.00092601776,0.00046300888,0.0,0.0,1.0,74.0,68.125,66.0,3.4072533,11.609375,6.0,0.0,2.0,339.0,5.0,206.0,3.0,5.0,3.0,339.0,206.0,0.0
14.0,0.010019064,0.005009532,0.0,0.0,887.13336,8.0,99.80972,320.0,6408.9297,1431.2948,0.0,2100.557,10019.063,65535.0,1.0,1194.0,208.0,66.0,372.68216,1664.0,208.0,0.0,0.0,0.1429185,60421.0,0.0,2.0,65535.0,1.328168e+06,10019.0,6408.9297,715.6474,0.0,1603.3616,1497.1459,7.0,99.80972,280.0,6940.1265,1448.3531,0.0,2489.1443,8690.119,4.0,2962.0,1663.2858,66.0,1387.5201,11643.0,1663.2858,0.0,0.010019064,0.005009532,0.0,0.0,5.0,2962.0,887.13336,66.0,1224.5894,1.499619e+06,6.0,0.0,2.0,1664.0,8.0,11643.0,7.0,8.0,7.0,1664.0,11643.0,0.0
23.0,10.00154,5.00077,0.0,0.0,216.125,5.5,0.1999692,440.0,9.926428e+06,1.0001053e+06,0.0,2.9754688e+06,1.0001053e+07,65535.0,5.0,1106.0,225.36363,66.0,319.98132,1239.5,225.36363,0.0,0.0,0.91543573,22.0,0.0,2.0,65535.0,518.6201,1.0001539e+07,9.874241e+06,434849.56,0.0,2.0125231e+06,2.3996305,6.5,0.1999692,520.0,9.874241e+06,833461.7,31.94809,2.7259448e+06,1.000154e+07,7.0,1602.0,208.3077,66.0,403.32452,1354.0,208.3077,0.0,10.00154,5.00077,0.0,0.0,12.0,1602.0,216.125,66.0,367.5777,135113.36,6.0,0.0,2.0,2479.0,11.0,2708.0,13.0,11.0,13.0,2479.0,2708.0,0.0
1.0,5.38826e-05,2.69413e-05,0.0,0.0,64.0,1.0,18558.867,40.0,0.0,0.0,0.0,0.0,0.0,65535.0,0.0,74.0,74.0,74.0,0.0,74.0,74.0,0.0,0.0,1.3703704,54294.0,0.0,0.0,65535.0,2.375535e+06,53.0,53.8826,53.8826,53.8826,0.0,37117.734,1.0,18558.867,40.0,0.0,0.0,0.0,0.0,0.0,0.0,54.0,54.0,54.0,0.0,54.0,54.0,0.0,5.38826e-05,2.69413e-05,0.0,0.0,0.0,74.0,64.0,54.0,10.0,100.0,6.0,1.0,1.0,74.0,1.0,54.0,1.0,1.0,1.0,74.0,54.0,0.0
7.0,0.0011520386,0.0005760193,0.0,0.0,68.125,5.0,868.0265,200.0,490.90387,288.00964,0.0,187.95529,1152.0386,65535.0,1.0,74.0,67.8,66.0,3.1241,339.0,67.8,0.0,0.0,1.6456311,43750.0,0.0,2.0,65535.0,473074.44,1152.0,375.98608,164.57693,0.0,143.20296,6944.212,3.0,868.0265,120.0,422.95456,365.9725,308.99048,56.98204,731.94507,0.0,74.0,68.666664,66.0,3.7712362,206.0,68.666664,0.0,0.0011520386,0.0005760193,0.0,0.0,1.0,74.0,68.125,66.0,3.4072533,11.609375,6.0,0.0,2.0,339.0,5.0,206.0,3.0,5.0,3.0,339.0,206.0,0.0
1.0,0.002573967,0.0012869835,0.0,0.0,67.0,0.0,0.0,40.0,0.0,0.0,0.0,0.0,0.0,65535.0,0.0,74.0,74.0,74.0,0.0,0.0,74.0,0.0,0.0,1.2333333,43413.0,0.0,0.0,65535.0,52059.72,2573.0,2573.967,2573.967,2573.967,0.0,777.01074,0.0,0.0,40.0,0.0,0.0,0.0,0.0,0.0,0.0,60.0,60.0,60.0,0.0,0.0,60.0,0.0,0.002573967,0.0012869835,0.0,0.0,0.0,74.0,67.0,60.0,9.899495,98.0,6.0,1.0,1.0,74.0,1.0,60.0,1.0,1.0,1.0,74.0,60.0,0.0
9.0,0.0055310726,0.0027655363,0.0,0.0,249.7,6.0,180.79675,240.0,4080.0571,1106.2145,203.13263,1490.8401,5531.0728,65535.0,1.0,272.0,101.666664,66.0,76.23138,610.0,101.666664,0.0,0.0,0.32326445,44123.0,0.0,2.0,65535.0,451449.5,5531.0,3479.004,614.5636,9.059906,1026.8795,1807.9675,4.0,180.79675,160.0,3479.004,1755.317,720.0241,1227.0309,5265.951,1.0,1681.0,471.75,66.0,698.16846,1887.0,471.75,0.0,0.0055310726,0.0027655363,0.0,0.0,2.0,1681.0,249.7,66.0,480.9711,231333.2,6.0,0.0,2.0,610.0,6.0,1887.0,4.0,6.0,4.0,610.0,1887.0,0.0
0.0,1e-06,5e-07,0.0,0.0,60.0,1.0,1e+06,40.0,0.0,0.0,0.0,0.0,0.0,65535.0,0.0,60.0,60.0,60.0,0.0,60.0,60.0,0.0,0.0,0.0,25043.0,0.0,0.0,0.0,6e+07,1.0,0.0,0.0,0.0,0.0,1e+06,0.0,0.0,0.0,0.0,0.0,0.0,0.0,0.0,0.0,0.0,0.0,0.0,0.0,0.0,0.0,0.0,1e-06,5e-07,0.0,0.0,0.0,60.0,60.0,60.0,0.0,0.0,6.0,1.0,0.0,60.0,1.0,0.0,0.0,1.0,0.0,60.0,0.0,0.0
66.0,5468.8555,2734.4277,0.0,0.0,268.24658,6.285714,0.0012799753,1760.0,1.6607544e+09,1.2718269e+08,0.0,3.5710704e+08,5.4688553e+09,65535.0,7.0,307.0,90.88636,66.0,57.437798,571.2857,90.88636,0.0,0.0,0.2566258,55504.0,0.0,14.0,65535.0,3.5806394,5.4688553e+09,1.6607544e+09,7.595633e+07,0.0,2.8293462e+08,0.013348314,4.142857,0.0012799753,1160.0,1.660755e+09,1.9531626e+08,41.007996,4.2724154e+08,5.4688553e+09,8.0,7306.0,537.34485,66.0,1467.6229,2226.1428,537.34485,0.0,5468.8555,2734.4277,0.0,0.0,15.0,7306.0,268.24658,66.0,951.5154,905381.5,6.0,0.0,14.0,3999.0,44.0,15583.0,29.0,44.0,29.0,3999.0,15583.0,0.0
12.0,0.037850857,0.018925428,0.0,0.0,77.38461,7.0,26.419481,280.0,21285.057,6308.476,588.8939,7252.977,37850.855,65535.0,2.0,77.0,69.85714,66.0,4.5490522,489.0,69.85714,0.0,0.0,0.9458414,59630.0,0.0,2.0,65535.0,26577.998,37850.0,14477.015,3154.238,7.867813,4061.1123,343.45325,6.0,26.419481,240.0,15058.041,7225.418,83.92334,4792.1533,36127.09,3.0,151.0,86.166664,66.0,29.605274,517.0,86.166664,0.0,0.037850857,0.018925428,0.0,0.0,5.0,151.0,77.38461,66.0,21.949377,481.77515,6.0,0.0,2.0,489.0,7.0,517.0,6.0,7.0,6.0,489.0,517.0,0.0
90.0,1716.0438,858.0219,0.0,0.0,121.11,5.9,0.005827357,2360.0,3.103186e+08,2.9586962e+07,0.0,7.90509e+07,1.7160439e+09,65535.0,10.0,323.0,98.22034,66.0,69.591805,579.5,98.22034,0.0,0.0,0.9175111,44224.0,0.0,20.0,65535.0,7.057512,1.7160439e+09,3.103186e+08,1.7333776e+07,0.0,6.2237044e+07,0.05827357,4.1,0.005827357,1640.0,3.103188e+08,4.2901084e+07,0.0,9.214094e+07,1.7160433e+09,10.0,453.0,154.04878,66.0,158.7231,631.6,154.04878,0.0,1716.0438,858.0219,0.0,0.0,20.0,453.0,121.11,66.0,118.0698,13940.478,6.0,0.0,20.0,5795.0,59.0,6316.0,41.0,59.0,41.0,5795.0,6316.0,0.0
3.0,0.001087904,0.000543952,0.0,0.0,330.66666,0.0,0.0,0.0,0.0,0.0,0.0,0.0,0.0,0.0,0.0,0.0,0.0,0.0,0.0,0.0,0.0,0.0,0.0,0.0,37216.0,0.0,0.0,65535.0,911845.2,1087.0,730.99133,543.95197,356.9126,264.5136,2757.5964,0.0,0.0,120.0,730.99133,543.95197,356.9126,264.5136,1087.9039,1.0,852.0,330.66666,66.0,451.5056,0.0,330.66666,0.0,0.001087904,0.000543952,0.0,0.0,1.0,852.0,330.66666,66.0,451.5056,203857.33,6.0,0.0,1.0,0.0,0.0,992.0,3.0,0.0,3.0,0.0,992.0,0.0
0.0,1e-06,5e-07,0.0,0.0,60.0,0.0,0.0,28.0,0.0,0.0,0.0,0.0,0.0,0.0,0.0,60.0,60.0,60.0,0.0,0.0,60.0,0.0,0.0,0.0,45354.0,0.0,0.0,0.0,6e+07,1.0,0.0,0.0,0.0,0.0,1e+06,0.0,0.0,0.0,0.0,0.0,0.0,0.0,0.0,0.0,0.0,0.0,0.0,0.0,0.0,0.0,0.0,1e-06,5e-07,0.0,0.0,0.0,60.0,60.0,60.0,0.0,0.0,17.0,0.0,0.0,60.0,1.0,0.0,0.0,1.0,0.0,60.0,0.0,0.0
0.0,1e-06,5e-07,0.0,0.0,60.0,0.0,0.0,28.0,0.0,0.0,0.0,0.0,0.0,0.0,0.0,60.0,60.0,60.0,0.0,0.0,60.0,0.0,0.0,0.0,41639.0,0.0,0.0,0.0,6e+07,1.0,0.0,0.0,0.0,0.0,1e+06,0.0,0.0,0.0,0.0,0.0,0.0,0.0,0.0,0.0,0.0,0.0,0.0,0.0,0.0,0.0,0.0,1e-06,5e-07,0.0,0.0,0.0,60.0,60.0,60.0,0.0,0.0,17.0,0.0,0.0,60.0,1.0,0.0,0.0,1.0,0.0,60.0,0.0,0.0
24.0,8.8642235,4.4321117,0.0,0.0,222.2,5.0,0.33843914,600.0,5.26627e+06,633158.8,709.0569,1.4998376e+06,8.864223e+06,65535.0,5.0,834.0,149.13333,66.0,196.01866,745.6667,149.13333,0.0,0.0,0.6742013,57556.0,0.0,2.0,65535.0,626.67645,8.864223e+06,5.26627e+06,369342.62,30.994415,1.1823388e+06,2.820326,3.3333333,0.33843914,400.0,5.268239e+06,984858.7,1660.1085,1.7680701e+06,8.863728e+06,6.0,1170.0,331.8,66.0,420.64755,1106.0,331.8,0.0,8.8642235,4.4321117,0.0,0.0,11.0,1170.0,222.2,66.0,319.12354,101839.84,6.0,0.0,2.0,2237.0,15.0,3318.0,10.0,15.0,10.0,2237.0,3318.0,0.0
0.0,1e-06,5e-07,0.0,0.0,60.0,0.0,0.0,28.0,0.0,0.0,0.0,0.0,0.0,0.0,0.0,60.0,60.0,60.0,0.0,0.0,60.0,0.0,0.0,0.0,22162.0,0.0,0.0,0.0,6e+07,1.0,0.0,0.0,0.0,0.0,1e+06,0.0,0.0,0.0,0.0,0.0,0.0,0.0,0.0,0.0,0.0,0.0,0.0,0.0,0.0,0.0,0.0,1e-06,5e-07,0.0,0.0,0.0,60.0,60.0,60.0,0.0,0.0,17.0,0.0,0.0,60.0,1.0,0.0,0.0,1.0,0.0,60.0,0.0,0.0
0.0,1e-06,5e-07,0.0,0.0,102.0,1.0,1e+06,28.0,0.0,0.0,0.0,0.0,0.0,0.0,0.0,102.0,102.0,102.0,0.0,102.0,102.0,0.0,0.0,0.0,53.0,0.0,0.0,0.0,1.02e+08,1.0,0.0,0.0,0.0,0.0,1e+06,0.0,0.0,0.0,0.0,0.0,0.0,0.0,0.0,0.0,0.0,0.0,0.0,0.0,0.0,0.0,0.0,1e-06,5e-07,0.0,0.0,0.0,102.0,102.0,102.0,0.0,0.0,17.0,0.0,0.0,102.0,1.0,0.0,0.0,1.0,0.0,102.0,0.0,0.0
0.0,0.00069117546,0.00034558773,0.0,0.0,141.0,1.0,1446.8107,28.0,0.0,0.0,0.0,0.0,0.0,0.0,0.0,108.0,108.0,108.0,0.0,108.0,108.0,0.0,0.0,0.62068963,44929.0,0.0,0.0,0.0,408000.6,691.0,691.1755,691.1755,691.1755,0.0,2893.6213,1.0,1446.8107,28.0,0.0,0.0,0.0,0.0,0.0,0.0,174.0,174.0,174.0,0.0,174.0,174.0,0.0,0.00069117546,0.00034558773,0.0,0.0,0.0,174.0,141.0,108.0,33.0,1089.0,17.0,0.0,0.0,108.0,1.0,174.0,1.0,1.0,1.0,108.0,174.0,0.0
17.0,0.0062360764,0.0031180382,0.0,0.0,82.5,10.0,160.35724,400.0,2665.9966,692.8974,0.0,791.9971,6236.076,65535.0,2.0,119.0,73.1,66.0,15.712733,731.0,73.1,0.0,0.0,0.969496,40292.0,0.0,2.0,65535.0,238130.5,6236.0,2651.93,366.82803,0.0,630.26166,2886.4304,8.0,160.35724,320.0,2664.8044,803.4365,164.03198,816.1655,5624.0557,4.0,152.0,94.25,66.0,34.643723,754.0,94.25,0.0,0.0062360764,0.0031180382,0.0,0.0,6.0,152.0,82.5,66.0,27.946875,781.0278,6.0,0.0,2.0,731.0,10.0,754.0,8.0,10.0,8.0,731.0,754.0,0.0
0.0,1e-06,5e-07,0.0,0.0,60.0,0.0,0.0,0.0,0.0,0.0,0.0,0.0,0.0,0.0,0.0,0.0,0.0,0.0,0.0,0.0,0.0,0.0,0.0,0.0,365.0,0.0,0.0,65535.0,6e+07,1.0,0.0,0.0,0.0,0.0,1e+06,0.0,0.0,40.0,0.0,0.0,0.0,0.0,0.0,0.0,60.0,60.0,60.0,0.0,0.0,60.0,0.0,1e-06,5e-07,0.0,0.0,0.0,60.0,60.0,60.0,0.0,0.0,6.0,0.0,1.0,0.0,0.0,60.0,1.0,0.0,1.0,0.0,60.0,0.0
0.0,356.91974,178.45987,0.0,0.0,132.0,0.0,0.0,56.0,3.5691946e+08,3.5691946e+08,3.5691946e+08,0.0,3.5691946e+08,0.0,0.0,94.0,92.0,90.0,2.828427,0.0,92.0,0.0,0.0,0.53488374,33654.0,0.0,0.0,0.0,1.4793242,3.5691974e+08,3.5691917e+08,1.1897325e+08,272.98926,2.0606722e+08,0.011207001,0.0,0.0,56.0,3.5691946e+08,3.5691946e+08,3.5691946e+08,0.0,3.5691946e+08,0.0,174.0,172.0,170.0,2.828427,0.0,172.0,0.0,356.91974,178.45987,0.0,0.0,0.0,174.0,132.0,90.0,46.24572,2138.6667,17.0,0.0,0.0,184.0,2.0,344.0,2.0,2.0,2.0,184.0,344.0,0.0
10.0,0.0056300163,0.0028150082,0.0,0.0,87.545456,6.0,177.61938,240.0,4256.0103,1122.8085,0.0,1579.0148,5614.0425,65535.0,1.0,280.0,103.0,66.0,79.210686,618.0,103.0,0.0,0.0,1.7913043,40259.0,0.0,2.0,65535.0,171047.47,5630.0,3741.026,563.00165,0.0,1077.9214,1953.8131,5.0,177.61938,200.0,3741.026,1403.749,153.06473,1382.8839,5614.996,1.0,74.0,69.0,66.0,3.6878178,345.0,69.0,0.0,0.0056300163,0.0028150082,0.0,0.0,2.0,280.0,87.545456,66.0,60.952087,3715.157,6.0,0.0,2.0,618.0,6.0,345.0,5.0,6.0,5.0,618.0,345.0,0.0
17.0,3.334246,1.667123,0.0,0.0,227.66667,3.3333333,0.8997537,400.0,2.003535e+06,370471.78,0.0,658829.06,3.334246e+06,65535.0,2.0,154.0,79.8,66.0,27.690432,266.0,79.8,0.0,0.0,0.24181817,36486.0,0.0,2.0,65535.0,1229.0635,3.334245e+06,2.0033879e+06,196132.11,0.0,513725.22,5.398522,2.6666667,0.8997537,320.0,2.0036359e+06,476267.84,0.0,712567.06,3.333875e+06,4.0,2345.0,412.5,66.0,734.4631,1100.0,412.5,0.0,3.334246,1.667123,0.0,0.0,6.0,2345.0,227.66667,66.0,517.20984,267506.0,6.0,0.0,2.0,798.0,10.0,3300.0,8.0,10.0,8.0,798.0,3300.0,0.0
0.0,0.03921604,0.01960802,0.0,0.0,182.5,1.0,25.49977,28.0,0.0,0.0,0.0,0.0,0.0,0.0,0.0,230.0,230.0,230.0,0.0,230.0,230.0,0.0,0.0,1.7037038,53.0,0.0,0.0,0.0,9307.416,39216.0,39216.043,39216.043,39216.043,0.0,50.99954,1.0,25.49977,28.0,0.0,0.0,0.0,0.0,0.0,0.0,135.0,135.0,135.0,0.0,135.0,135.0,0.0,0.03921604,0.01960802,0.0,0.0,0.0,230.0,182.5,135.0,47.5,2256.25,17.0,0.0,0.0,230.0,1.0,135.0,1.0,1.0,1.0,230.0,135.0,0.0
45.0,2054.8337,1027.4169,0.0,0.0,122.3,6.0,0.0024332867,1200.0,9.462571e+08,7.085634e+07,0.0,2.0067384e+08,2.0548338e+09,65535.0,5.0,259.0,94.0,66.0,59.5063,564.0,94.0,0.0,0.0,0.8558422,47964.0,0.0,10.0,65535.0,2.9759097,2.0548338e+09,9.462571e+08,4.1935384e+07,0.0,1.582595e+08,0.024332868,4.0,0.0024332867,800.0,9.4625734e+08,1.0814912e+08,226.97449,2.3964896e+08,2.0548334e+09,5.0,453.0,164.75,66.0,166.45326,659.0,164.75,0.0,2054.8337,1027.4169,0.0,0.0,10.0,453.0,122.3,66.0,120.03587,14408.61,6.0,0.0,10.0,2820.0,30.0,3295.0,20.0,30.0,20.0,2820.0,3295.0,0.0
0.0,1e-06,5e-07,0.0,0.0,60.0,0.0,0.0,28.0,0.0,0.0,0.0,0.0,0.0,0.0,0.0,60.0,60.0,60.0,0.0,0.0,60.0,0.0,0.0,0.0,36548.0,0.0,0.0,0.0,6e+07,1.0,0.0,0.0,0.0,0.0,1e+06,0.0,0.0,0.0,0.0,0.0,0.0,0.0,0.0,0.0,0.0,0.0,0.0,0.0,0.0,0.0,0.0,1e-06,5e-07,0.0,0.0,0.0,60.0,60.0,60.0,0.0,0.0,17.0,0.0,0.0,60.0,1.0,0.0,0.0,1.0,0.0,60.0,0.0,0.0
1.0,1e-06,5e-07,0.0,0.0,54.0,0.0,0.0,0.0,0.0,0.0,0.0,0.0,0.0,0.0,0.0,0.0,0.0,0.0,0.0,0.0,0.0,0.0,0.0,0.0,44587.0,0.0,0.0,65535.0,5.4e+07,1.0,0.0,0.0,0.0,0.0,1e+06,0.0,0.0,40.0,0.0,0.0,0.0,0.0,0.0,0.0,54.0,54.0,54.0,0.0,0.0,54.0,0.0,1e-06,5e-07,0.0,0.0,0.0,54.0,54.0,54.0,0.0,0.0,6.0,1.0,0.0,0.0,0.0,54.0,1.0,0.0,1.0,0.0,54.0,0.0
1.0,0.00040602684,0.00020301342,0.0,0.0,67.0,1.0,2462.8914,40.0,0.0,0.0,0.0,0.0,0.0,65535.0,0.0,74.0,74.0,74.0,0.0,74.0,74.0,0.0,0.0,1.2333333,50714.0,0.0,0.0,65535.0,330027.44,406.0,406.02686,406.02686,406.02686,0.0,4925.7827,1.0,2462.8914,40.0,0.0,0.0,0.0,0.0,0.0,0.0,60.0,60.0,60.0,0.0,60.0,60.0,0.0,0.00040602684,0.00020301342,0.0,0.0,0.0,74.0,67.0,60.0,7.0,49.0,6.0,1.0,1.0,74.0,1.0,60.0,1.0,1.0,1.0,74.0,60.0,0.0
0.0,543.48285,271.74142,0.0,0.0,121.5,0.0,0.0,56.0,5.4348256e+08,5.4348256e+08,5.4348256e+08,0.0,5.4348256e+08,0.0,0.0,94.0,93.5,93.0,0.70710677,0.0,93.5,0.0,0.0,0.62541807,57266.0,0.0,0.0,0.0,0.8942325,5.434828e+08,5.4348224e+08,1.8116094e+08,259.87625,3.1377946e+08,0.007359938,0.0,0.0,56.0,5.434825e+08,5.434825e+08,5.434825e+08,0.0,5.434825e+08,0.0,174.0,149.5,125.0,34.64823,0.0,149.5,0.0,543.48285,271.74142,0.0,0.0,0.0,174.0,121.5,93.0,38.021923,1445.6666,17.0,0.0,0.0,187.0,2.0,299.0,2.0,2.0,2.0,187.0,299.0,0.0
0.0,1e-06,5e-07,0.0,0.0,98.0,1.0,1e+06,28.0,0.0,0.0,0.0,0.0,0.0,0.0,0.0,98.0,98.0,98.0,0.0,98.0,98.0,0.0,0.0,0.0,53.0,0.0,0.0,0.0,9.8e+07,1.0,0.0,0.0,0.0,0.0,1e+06,0.0,0.0,0.0,0.0,0.0,0.0,0.0,0.0,0.0,0.0,0.0,0.0,0.0,0.0,0.0,0.0,1e-06,5e-07,0.0,0.0,0.0,98.0,98.0,98.0,0.0,0.0,17.0,0.0,0.0,98.0,1.0,0.0,0.0,1.0,0.0,98.0,0.0,0.0
0.0,1e-06,5e-07,0.0,0.0,60.0,1.0,1e+06,40.0,0.0,0.0,0.0,0.0,0.0,65535.0,0.0,60.0,60.0,60.0,0.0,60.0,60.0,0.0,0.0,0.0,58074.0,0.0,0.0,0.0,6e+07,1.0,0.0,0.0,0.0,0.0,1e+06,0.0,0.0,0.0,0.0,0.0,0.0,0.0,0.0,0.0,0.0,0.0,0.0,0.0,0.0,0.0,0.0,1e-06,5e-07,0.0,0.0,0.0,60.0,60.0,60.0,0.0,0.0,6.0,1.0,0.0,60.0,1.0,0.0,0.0,1.0,0.0,60.0,0.0,0.0
0.0,1e-06,5e-07,0.0,0.0,60.0,0.0,0.0,28.0,0.0,0.0,0.0,0.0,0.0,0.0,0.0,60.0,60.0,60.0,0.0,0.0,60.0,0.0,0.0,0.0,2110.0,0.0,0.0,0.0,6e+07,1.0,0.0,0.0,0.0,0.0,1e+06,0.0,0.0,0.0,0.0,0.0,0.0,0.0,0.0,0.0,0.0,0.0,0.0,0.0,0.0,0.0,0.0,1e-06,5e-07,0.0,0.0,0.0,60.0,60.0,60.0,0.0,0.0,17.0,0.0,0.0,60.0,1.0,0.0,0.0,1.0,0.0,60.0,0.0,0.0
3.0,32.02933,16.014666,0.0,0.0,58.0,0.0,0.0,0.0,0.0,0.0,0.0,0.0,0.0,0.0,0.0,0.0,0.0,0.0,0.0,0.0,0.0,0.0,0.0,0.0,53962.0,0.0,0.0,65535.0,5.4325204,3.202933e+07,2.596107e+07,1.6014665e+07,6.068261e+06,1.406634e+07,0.09366415,0.0,0.0,120.0,2.596107e+07,1.6014665e+07,6.068261e+06,1.406634e+07,3.202933e+07,0.0,58.0,58.0,58.0,0.0,0.0,58.0,0.0,32.02933,16.014666,0.0,0.0,0.0,58.0,58.0,58.0,0.0,0.0,6.0,0.0,3.0,0.0,0.0,174.0,3.0,0.0,3.0,0.0,174.0,0.0
11.0,0.0028829575,0.0014414787,0.0,0.0,1333.75,7.0,346.86603,280.0,1311.0637,480.49292,0.0,485.69183,2882.9575,65535.0,1.0,4090.0,642.0,66.0,1407.6428,4494.0,642.0,0.0,0.0,0.39040917,36541.0,0.0,2.0,65535.0,5.551591e+06,2882.0,1311.0637,262.08704,0.0,386.70288,4162.392,5.0,346.86603,200.0,1510.1433,542.9983,0.0,613.1519,2171.9932,2.0,7306.0,2302.2,66.0,2928.59,11511.0,2302.2,0.0,0.0028829575,0.0014414787,0.0,0.0,3.0,7306.0,1333.75,66.0,2323.6558,5.399376e+06,6.0,0.0,2.0,4494.0,7.0,11511.0,5.0,7.0,5.0,4494.0,11511.0,0.0
1.0,1e-06,5e-07,0.0,0.0,60.0,1.0,1e+06,40.0,0.0,0.0,0.0,0.0,0.0,65535.0,0.0,60.0,60.0,60.0,0.0,60.0,60.0,0.0,0.0,1.0,1602.0,0.0,0.0,65535.0,1.2e+08,1.0,0.0,0.0,0.0,0.0,2e+06,1.0,1e+06,40.0,0.0,0.0,0.0,0.0,0.0,0.0,60.0,60.0,60.0,0.0,60.0,60.0,0.0,1e-06,5e-07,0.0,0.0,0.0,60.0,60.0,60.0,0.0,0.0,6.0,1.0,1.0,60.0,1.0,60.0,1.0,1.0,1.0,60.0,60.0,0.0
9.0,0.00770998,0.00385499,0.0,0.0,168.3,6.0,129.70203,240.0,4753.113,1541.996,28.848648,1652.5149,7709.98,65535.0,1.0,246.0,97.333336,66.0,66.5499,584.0,97.333336,0.0,0.0,0.53139216,41057.0,0.0,2.0,65535.0,218288.5,7709.0,3949.1653,856.6644,28.848648,1161.1008,1297.0203,4.0,129.70203,160.0,4153.967,2355.655,679.9698,1420.9016,7066.9653,1.0,893.0,274.75,66.0,356.96173,1099.0,274.75,0.0,0.00770998,0.00385499,0.0,0.0,2.0,893.0,168.3,66.0,247.34674,61180.41,6.0,0.0,2.0,584.0,6.0,1099.0,4.0,6.0,4.0,584.0,1099.0,0.0
14.0,0.59335613,0.29667807,0.0,0.0,73.86667,9.0,1.6853285,360.0,349106.78,74169.516,798.2254,114938.69,593356.1,65535.0,2.0,81.0,69.666664,66.0,5.456902,627.0,69.666664,0.0,0.0,1.3035343,54428.0,0.0,2.0,65535.0,1867.344,593356.0,349106.78,42382.582,20.02716,94317.3,25.279928,6.0,1.6853285,240.0,349535.94,118331.195,260.1147,127334.75,591656.0,3.0,100.0,80.166664,66.0,12.548794,481.0,80.166664,0.0,0.59335613,0.29667807,0.0,0.0,5.0,100.0,73.86667,66.0,10.359323,107.31555,6.0,0.0,2.0,627.0,9.0,481.0,6.0,9.0,6.0,627.0,481.0,0.0
63.0,1595.144,797.572,0.0,0.0,124.542854,6.0,0.0043883184,1680.0,6.039365e+08,3.890595e+07,0.0,1.1963433e+08,1.595144e+09,65535.0,7.0,300.0,97.7381,66.0,69.1231,586.4286,97.7381,0.0,0.0,0.8898764,42202.0,0.0,14.0,65535.0,5.4653373,1.595144e+09,6.039365e+08,2.3118028e+07,0.0,9.4177704e+07,0.043883186,4.0,0.0043883184,1120.0,6.039371e+08,5.9079396e+07,226.97449,1.4332411e+08,1.5951437e+09,7.0,453.0,164.75,66.0,166.45326,659.0,164.75,0.0,1595.144,797.572,0.0,0.0,14.0,453.0,124.542854,66.0,122.58556,15027.22,6.0,0.0,14.0,4105.0,42.0,4613.0,28.0,42.0,28.0,4105.0,4613.0,0.0
0.0,1e-06,5e-07,0.0,0.0,94.0,1.0,1e+06,28.0,0.0,0.0,0.0,0.0,0.0,0.0,0.0,94.0,94.0,94.0,0.0,94.0,94.0,0.0,0.0,0.0,53.0,0.0,0.0,0.0,9.4e+07,1.0,0.0,0.0,0.0,0.0,1e+06,0.0,0.0,0.0,0.0,0.0,0.0,0.0,0.0,0.0,0.0,0.0,0.0,0.0,0.0,0.0,0.0,1e-06,5e-07,0.0,0.0,0.0,94.0,94.0,94.0,0.0,0.0,17.0,0.0,0.0,94.0,1.0,0.0,0.0,1.0,0.0,94.0,0.0,0.0
0.0,0.0012700558,0.0006350279,0.0,0.0,114.0,1.0,787.367,28.0,0.0,0.0,0.0,0.0,0.0,0.0,0.0,106.0,106.0,106.0,0.0,106.0,106.0,0.0,0.0,0.86885244,53025.0,0.0,0.0,0.0,179519.67,1270.0,1270.0558,1270.0558,1270.0558,0.0,1574.734,1.0,787.367,28.0,0.0,0.0,0.0,0.0,0.0,0.0,122.0,122.0,122.0,0.0,122.0,122.0,0.0,0.0012700558,0.0006350279,0.0,0.0,0.0,122.0,114.0,106.0,8.0,64.0,17.0,0.0,0.0,106.0,1.0,122.0,1.0,1.0,1.0,106.0,122.0,0.0
0.0,1e-06,5e-07,0.0,0.0,60.0,0.0,0.0,28.0,0.0,0.0,0.0,0.0,0.0,0.0,0.0,60.0,60.0,60.0,0.0,0.0,60.0,0.0,0.0,0.0,49065.0,0.0,0.0,0.0,6e+07,1.0,0.0,0.0,0.0,0.0,1e+06,0.0,0.0,0.0,0.0,0.0,0.0,0.0,0.0,0.0,0.0,0.0,0.0,0.0,0.0,0.0,0.0,1e-06,5e-07,0.0,0.0,0.0,60.0,60.0,60.0,0.0,0.0,17.0,0.0,0.0,60.0,1.0,0.0,0.0,1.0,0.0,60.0,0.0,0.0
1.0,1e-06,5e-07,0.0,0.0,60.0,0.0,0.0,0.0,0.0,0.0,0.0,0.0,0.0,0.0,0.0,0.0,0.0,0.0,0.0,0.0,0.0,0.0,0.0,0.0,55165.0,0.0,0.0,65535.0,6e+07,1.0,0.0,0.0,0.0,0.0,1e+06,0.0,0.0,40.0,0.0,0.0,0.0,0.0,0.0,0.0,60.0,60.0,60.0,0.0,0.0,60.0,0.0,1e-06,5e-07,0.0,0.0,0.0,60.0,60.0,60.0,0.0,0.0,6.0,1.0,0.0,0.0,0.0,60.0,1.0,0.0,1.0,0.0,60.0,0.0
1.0,0.0003669262,0.0001834631,0.0,0.0,60.0,1.0,2725.3438,40.0,0.0,0.0,0.0,0.0,0.0,65535.0,0.0,60.0,60.0,60.0,0.0,60.0,60.0,0.0,0.0,1.0,1858.0,0.0,0.0,65535.0,327041.25,366.0,366.9262,366.9262,366.9262,0.0,5450.6875,1.0,2725.3438,40.0,0.0,0.0,0.0,0.0,0.0,0.0,60.0,60.0,60.0,0.0,60.0,60.0,0.0,0.0003669262,0.0001834631,0.0,0.0,0.0,60.0,60.0,60.0,0.0,0.0,6.0,1.0,1.0,60.0,1.0,60.0,1.0,1.0,1.0,60.0,60.0,0.0
18.0,75.6618,37.8309,0.0,0.0,121.1,6.0,0.02643342,480.0,7.565679e+07,6.878345e+06,138.99803,2.1749656e+07,7.566179e+07,65535.0,2.0,216.0,92.0,66.0,54.644306,552.0,92.0,0.0,0.0,0.8376328,44484.0,0.0,4.0,65535.0,32.01087,7.566179e+07,7.565679e+07,3.9821998e+06,0.0,1.6893864e+07,0.2643342,4.0,0.02643342,320.0,7.565743e+07,1.080875e+07,409.12628,2.6474364e+07,7.5661256e+07,2.0,453.0,164.75,66.0,166.45326,659.0,164.75,0.0,75.6618,37.8309,0.0,0.0,4.0,453.0,121.1,66.0,118.93061,14144.49,6.0,0.0,4.0,1104.0,12.0,1318.0,8.0,12.0,8.0,1104.0,1318.0,0.0
0.0,1e-06,5e-07,0.0,0.0,94.0,0.0,0.0,28.0,0.0,0.0,0.0,0.0,0.0,0.0,0.0,94.0,94.0,94.0,0.0,0.0,94.0,0.0,0.0,0.0,53506.0,0.0,0.0,0.0,9.4e+07,1.0,0.0,0.0,0.0,0.0,1e+06,0.0,0.0,0.0,0.0,0.0,0.0,0.0,0.0,0.0,0.0,0.0,0.0,0.0,0.0,0.0,0.0,1e-06,5e-07,0.0,0.0,0.0,94.0,94.0,94.0,0.0,0.0,17.0,0.0,0.0,94.0,1.0,0.0,0.0,1.0,0.0,94.0,0.0,0.0
1.0,1e-06,5e-07,0.0,0.0,60.0,0.0,0.0,0.0,0.0,0.0,0.0,0.0,0.0,0.0,0.0,0.0,0.0,0.0,0.0,0.0,0.0,0.0,0.0,0.0,59487.0,0.0,0.0,65535.0,6e+07,1.0,0.0,0.0,0.0,0.0,1e+06,0.0,0.0,40.0,0.0,0.0,0.0,0.0,0.0,0.0,60.0,60.0,60.0,0.0,0.0,60.0,0.0,1e-06,5e-07,0.0,0.0,0.0,60.0,60.0,60.0,0.0,0.0,6.0,1.0,0.0,0.0,0.0,60.0,1.0,0.0,1.0,0.0,60.0,0.0
9.0,0.0023391247,0.0011695623,0.0,0.0,77.0,5.0,427.51035,200.0,1859.9033,581.5029,0.0,746.66943,2326.0117,65535.0,1.0,119.0,78.2,66.0,20.633953,391.0,78.2,0.0,0.0,1.0316622,54156.0,0.0,2.0,65535.0,329182.97,2339.0,1227.8557,259.90274,0.0,384.00473,4275.1035,5.0,427.51035,200.0,1227.8557,578.28424,66.04195,418.95206,2313.137,1.0,107.0,75.8,66.0,15.9047165,379.0,75.8,0.0,0.0023391247,0.0011695623,0.0,0.0,2.0,119.0,77.0,66.0,18.46077,340.8,6.0,0.0,2.0,391.0,5.0,379.0,5.0,5.0,5.0,391.0,379.0,0.0
0.0,1e-06,5e-07,0.0,0.0,97.0,0.0,0.0,28.0,0.0,0.0,0.0,0.0,0.0,0.0,0.0,97.0,97.0,97.0,0.0,0.0,97.0,0.0,0.0,0.0,48782.0,0.0,0.0,0.0,9.7e+07,1.0,0.0,0.0,0.0,0.0,1e+06,0.0,0.0,0.0,0.0,0.0,0.0,0.0,0.0,0.0,0.0,0.0,0.0,0.0,0.0,0.0,0.0,1e-06,5e-07,0.0,0.0,0.0,97.0,97.0,97.0,0.0,0.0,17.0,0.0,0.0,97.0,1.0,0.0,0.0,1.0,0.0,97.0,0.0,0.0
1.0,7.104874e-05,3.552437e-05,0.0,0.0,57.0,1.0,14074.846,40.0,0.0,0.0,0.0,0.0,0.0,65535.0,0.0,60.0,60.0,60.0,0.0,60.0,60.0,0.0,0.0,1.1111112,2623.0,0.0,0.0,65535.0,1.6045324e+06,71.0,71.04874,71.04874,71.04874,0.0,28149.691,1.0,14074.846,40.0,0.0,0.0,0.0,0.0,0.0,0.0,54.0,54.0,54.0,0.0,54.0,54.0,0.0,7.104874e-05,3.552437e-05,0.0,0.0,0.0,60.0,57.0,54.0,3.0,9.0,6.0,1.0,1.0,60.0,1.0,54.0,1.0,1.0,1.0,60.0,54.0,0.0
